S9_6724364,9,34.93391023,4.25927872230236,17.3399699571744,2013.70262779224,437.480055923687,S9_6184858,9,32.79210864,1.88616302893993,S9_8279734,9,37.58932098,2.29552537861249,rma_te_fit_total_17_BP14,dry,BP,14,raw
S2_44784129,2,96.94547802,3.83894421480113,7.081794701882,1472.08867843151,345.247505749049,S2_43100924,2,89.4251276,2.00854988716711,S2_45980428,2,106.3362737,1.41605065254273,rma_te_fit_total_18_BP14,dry,BP,14,raw
S7_32133319,7,99.94477983,5.72554892258135,10.8347744781682,-2698.38242748209,511.636836844164,S7_31494503,7,93.27304403,3.71473150194534,S7_32940091,7,101.9471039,3.38828394908637,rma_te_fit_total_18_BP14,dry,BP,14,raw
S9_6724364,9,34.93391023,8.34082282735794,16.3571627028595,2449.09647006298,377.937641815954,S9_6184858,9,32.79210864,6.75357897876675,S9_8458511,9,38.57941159,6.82399426126206,rma_te_fit_total_18_BP14,dry,BP,14,raw
S2_44769389,2,96.94547697,4.26604627589965,7.67525521958918,1883.52244607595,417.841197014771,S2_43481897,2,90.13407682,2.48843814552159,S2_45980428,2,106.3362737,1.66448772952834,rma_te_fit_total_19_BP14,dry,BP,14,raw
S7_32133319,7,99.94477983,6.23882403555699,11.5284362020506,-3420.90386213758,619.216526398573,S7_31494503,7,93.27304403,4.25674463344336,S7_32940091,7,101.9471039,3.72810788870488,rma_te_fit_total_19_BP14,dry,BP,14,raw
S9_6724364,9,34.93391023,8.93136968232473,17.1229079378161,3079.66001025662,457.40497357929,S9_6184858,9,32.79210864,7.21197862808284,S9_8458511,9,38.57941159,7.33470903067006,rma_te_fit_total_19_BP14,dry,BP,14,raw
S2_44752411,2,96.94547592,4.5100811261708,7.9550044021379,2318.714459834,499.451718029474,S2_43829684,2,92.81876812,2.85891865739952,S2_45980428,2,106.3362737,1.86741900719056,rma_te_fit_total_20_BP14,dry,BP,14,raw
S7_32133319,7,99.94477983,6.57269440028326,11.9218391558927,-4206.58790834709,740.158606083178,S7_31494503,7,93.27304403,4.59662404256432,S7_32940091,7,101.9471039,3.96815894896004,rma_te_fit_total_20_BP14,dry,BP,14,raw
S9_6724364,9,34.93391023,9.4997763686027,17.9362385670085,3811.38104417413,546.742881087293,S9_6184858,9,32.79210864,7.67256567555468,S9_8458511,9,38.57941159,7.76361576369484,rma_te_fit_total_20_BP14,dry,BP,14,raw
S2_45043544,2,98.51301522,4.68489238314409,8.13074484949731,2833.56472129129,598.14879103982,S2_43829684,2,92.81876812,2.90226115361518,S2_45980428,2,106.3362737,2.02365681985379,rma_te_fit_total_21_BP14,dry,BP,14,raw
S7_32133319,7,99.94477983,6.61310339894193,11.7813139341835,-4989.1028622049,874.916994792819,S7_31178325,7,89.28412826,2.82153803228783,S7_32940091,7,101.9471039,3.9705849156706,rma_te_fit_total_21_BP14,dry,BP,14,raw
S9_6724364,9,34.93391023,10.0602819284239,18.7904794917358,4657.39563577804,646.718760546116,S9_6184858,9,32.79210864,8.16399565894392,S9_8458511,9,38.57941159,7.80774276081404,rma_te_fit_total_21_BP14,dry,BP,14,raw
S2_45043544,2,98.51301522,4.87884961373063,8.3455036673826,3385.32837695291,699.356935993507,S2_44073549,2,93.52620611,3.32426994437326,S2_45980428,2,106.3362737,2.17956408625287,rma_te_fit_total_22_BP14,dry,BP,14,raw
S7_32133319,7,99.94477983,6.75912432204221,11.8606637183288,-5903.18841552822,1022.95495350457,S7_31494503,7,93.27304403,4.93550255057829,S7_32940091,7,101.9471039,4.09239925076358,rma_te_fit_total_22_BP14,dry,BP,14,raw
S9_6724364,9,34.93391023,10.5745178382193,19.5543868676764,5602.77080864996,756.145055545119,S9_6184858,9,32.79210864,8.60248516292834,S9_8378425,9,38.05852079,9.04958536724507,rma_te_fit_total_22_BP14,dry,BP,14,raw
S2_45043544,2,98.51301522,4.97044007910639,8.39061716789188,4014.50307410214,821.149565529184,S2_44073549,2,93.52620611,3.30609332426191,S2_45980428,2,106.3362737,2.32803697805035,rma_te_fit_total_23_BP14,dry,BP,14,raw
S7_32133319,7,99.94477983,6.86283769027203,11.8867291587651,-6989.13852960991,1201.10200155933,S7_31494503,7,93.27304403,4.98769642566175,S7_32940091,7,101.9471039,4.19670413330805,rma_te_fit_total_23_BP14,dry,BP,14,raw
S9_6724364,9,34.93391023,11.0871599688797,20.352457509107,6760.0436499972,887.827305174078,S9_6184858,9,32.79210864,9.07650934534538,S9_8378425,9,38.05852079,9.44857848189848,rma_te_fit_total_23_BP14,dry,BP,14,raw
S2_45043544,2,98.51301522,4.97392755128057,8.31287661370052,4641.41397682098,949.026262402865,S2_44073549,2,93.52620611,3.24877290194771,S2_45980428,2,106.3362737,2.44866797191935,rma_te_fit_total_24_BP14,dry,BP,14,raw
S7_32133319,7,99.94477983,6.88395693558443,11.8073971262035,-8091.13312911022,1388.14826330678,S7_31494503,7,93.27304403,4.9613382132107,S7_32940091,7,101.9471039,4.23897280207422,rma_te_fit_total_24_BP14,dry,BP,14,raw
S9_6724364,9,34.93391023,11.5383943707406,21.1006956148746,7995.19858191562,1026.08765133496,S9_6184858,9,32.79210864,9.50116576508978,S9_8378425,9,38.05852079,9.73936480351216,rma_te_fit_total_24_BP14,dry,BP,14,raw
S2_45043544,2,98.51301522,4.90428003345267,8.14569461365105,5222.36345104488,1075.87449338618,S2_44073549,2,93.52620611,3.16263963936122,S2_45980428,2,106.3362737,2.57434308420399,rma_te_fit_total_25_BP14,dry,BP,14,raw
S7_32133319,7,99.94477983,6.77372509258736,11.5398716742413,-9092.03594905683,1573.69017981518,S7_31494503,7,93.27304403,4.80895867526811,S7_32940091,7,101.9471039,4.17354368207563,rma_te_fit_total_25_BP14,dry,BP,14,raw
S9_6724364,9,34.93391023,11.9380646197818,21.8379059973812,9245.16693887496,1163.23601968055,S9_6184858,9,32.79210864,9.86963177500854,S9_8378425,9,38.05852079,9.94058484748426,rma_te_fit_total_25_BP14,dry,BP,14,raw
S2_45043544,2,98.51301522,4.76354476385094,7.89216407248692,5725.53560338561,1197.97064182294,S2_44073549,2,93.52620611,3.04882225741621,S2_45980428,2,106.3362737,2.65365122826594,rma_te_fit_total_26_BP14,dry,BP,14,raw
S7_32133319,7,99.94477983,6.60288024625302,11.2159243002553,-9983.73913744132,1752.28118738097,S7_31494503,7,93.27304403,4.62421195280671,S7_32940091,7,101.9471039,4.06807175819256,rma_te_fit_total_26_BP14,dry,BP,14,raw
S9_6724364,9,34.93391023,12.2242566812064,22.4373141316704,10437.8182720541,1295.24643409133,S9_6184858,9,32.79210864,10.1391246624925,S9_8279734,9,37.58932098,10.6068465599094,rma_te_fit_total_26_BP14,dry,BP,14,raw
S2_45043544,2,98.51301522,4.56881350898579,7.57066878419658,6097.57682959008,1304.43316946767,S2_44073549,2,93.52620611,2.91590413202147,S2_45980428,2,106.3362737,2.72349275787322,rma_te_fit_total_27_BP14,dry,BP,14,raw
S7_32133319,7,99.94477983,6.34706364079169,10.7738135417523,-10639.7765879087,1908.00477345235,S7_31494503,7,93.27304403,4.38884009962122,S7_32940091,7,101.9471039,3.91306020664697,rma_te_fit_total_27_BP14,dry,BP,14,raw
S9_6724364,9,34.93391023,12.4657747903209,23.0217485163904,11496.4972814466,1410.35377018294,S9_6184858,9,32.79210864,10.3364581448401,S9_7478538,9,36.4077051,10.2084167618986,rma_te_fit_total_27_BP14,dry,BP,14,raw
S5_44003086,5,115.1315049,3.96785667836524,6.5309960758672,-6327.13202891343,1458.32583986343,S5_33184214,5,79.95790853,2.07763816382455,S5_44418942,5,120.9842738,1.94988385263266,rma_te_fit_total_28_BP14,dry,BP,14,raw
S7_31711920,7,95.32348365,6.77972373708124,11.5925379195294,-9928.90057402132,1717.70778770321,S7_31178325,7,89.28412826,3.41722250410866,S7_32133319,7,99.94477983,5.15659130056022,rma_te_fit_total_28_BP14,dry,BP,14,raw
S9_6724364,9,34.93391023,13.7568119954972,25.9057556838463,13084.9642857895,1514.29955373783,S9_6184858,9,32.79210864,11.4954139827138,S9_7142713,9,35.91474829,12.0355058915905,rma_te_fit_total_28_BP14,dry,BP,14,raw
S5_44003086,5,115.1315049,4.18936961535295,6.90242579805426,-6939.8459394895,1554.3655831661,S5_33184214,5,79.95790853,2.20265658794903,S5_44418942,5,120.9842738,2.04737904014322,rma_te_fit_total_29_BP14,dry,BP,14,raw
S7_31711920,7,95.32348365,6.55604489312157,11.1536960456189,-10390.8977764152,1830.82943067942,S7_31178325,7,89.28412826,3.25931442364057,S7_32133319,7,99.94477983,4.98195085423933,rma_te_fit_total_29_BP14,dry,BP,14,raw
S9_6724364,9,34.93391023,13.8640443690749,26.0949098203169,14011.4822073954,1614.02551103004,S9_6184858,9,32.79210864,11.5549403464974,S9_7142713,9,35.91474829,12.1636122154542,rma_te_fit_total_29_BP14,dry,BP,14,raw
S5_44003086,5,115.1315049,4.38904908511117,7.25802791038862,-7561.45525218413,1652.3924554299,S5_43769059,5,111.9145952,2.58097114446527,S5_44418942,5,120.9842738,2.14128814975428,rma_te_fit_total_30_BP14,dry,BP,14,raw
S7_31711920,7,95.32348365,6.33997404811914,10.7649772074861,-10846.6928024009,1946.29163897951,S7_31178325,7,89.28412826,3.10467991728722,S7_32133319,7,99.94477983,4.83961285907946,rma_te_fit_total_30_BP14,dry,BP,14,raw
S9_6724364,9,34.93391023,13.8395280623614,26.065345768182,14879.3869449878,1715.81486760983,S9_6184858,9,32.79210864,11.5060766161015,S9_7142713,9,35.91474829,12.1429812776979,rma_te_fit_total_30_BP14,dry,BP,14,raw
S4_28815325,4,52.90088436,3.69729288287725,6.60108243328163,7072.39391756182,1690.55946311031,S4_7641887,4,45.40438824,1.97886785666483,S4_32232256,4,62.40241389,1.62797900039958,rma_te_fit_total_31_BP14,dry,BP,14,raw
S7_32133319,7,99.94477983,6.69593135457354,12.4782879641633,-14050.4064914847,2442.77223069178,S7_31814279,7,95.55378553,4.67601938009176,S7_32940091,7,101.9471039,3.87877902738619,rma_te_fit_total_31_BP14,dry,BP,14,raw
S9_6724364,9,34.93391023,9.52400476343681,18.4905354052494,12986.0432712032,1854.70007513744,S9_5686516,9,31.99307473,7.63961325174193,S9_7478538,9,36.4077051,7.21271136478964,rma_te_fit_total_31_BP14,dry,BP,14,raw
S5_44050206,5,115.8565285,5.52582018148363,9.23807292501819,-9264.15128941487,1793.25881336808,S5_43866387,5,112.9382883,3.97793905040919,S5_44336611,5,119.8635321,3.51360957103514,rma_te_fit_total_32_BP14,dry,BP,14,raw
S6_31345498,6,61.39299496,3.11321037367214,5.0278783158119,6472.46324766611,1698.26415143143,S6_29065113,6,49.8232161,1.23861031857605,S6_32411928,6,68.72506699,1.27422940668549,rma_te_fit_total_32_BP14,dry,BP,14,raw
S7_32133319,7,99.94477983,5.46292367091802,9.12465383427784,-12764.4806160165,2486.12509723696,S7_31494503,7,93.27304403,3.37640712645923,S7_32940091,7,101.9471039,3.1370114732224,rma_te_fit_total_32_BP14,dry,BP,14,raw
S9_6724364,9,34.93391023,13.2463584239967,24.7983477026572,16013.4779999865,1891.91806142784,S9_5686516,9,31.99307473,11.5899438870167,S9_7142713,9,35.91474829,11.723236848671,rma_te_fit_total_32_BP14,dry,BP,14,raw
S4_28815325,4,52.90088436,4.74370052450745,8.99988010064985,9602.05261434481,2004.68319004996,S4_9295193,4,46.17739222,3.14974305603638,S4_32232256,4,62.40241389,1.8598043515793,rma_te_fit_total_33_BP14,dry,BP,14,raw
S7_32133319,7,99.94477983,6.66850847999182,13.0623213641391,-15925.5289378674,2759.83877838727,S7_31956171,7,96.48121012,4.56838384015342,S7_32940091,7,101.9471039,3.78272854404831,rma_te_fit_total_33_BP14,dry,BP,14,raw
S9_6724364,9,34.93391023,9.91551726947677,20.5126944369979,15591.6521051707,2156.15912969878,S9_5686516,9,31.99307473,8.12428069226747,S9_7478538,9,36.4077051,7.2282313596138,rma_te_fit_total_33_BP14,dry,BP,14,raw
S7_32133319,7,99.94477983,4.33331458915517,9.52109873508292,-4678.09700827113,1025.72937692589,S7_31178325,7,89.28412826,2.50016568077392,S7_32940091,7,101.9471039,2.19949923402786,rma_te_fit_total_17_BP14,wet,BP,14,raw
S9_6724364,9,34.93391023,5.82911889716127,13.0758642200029,4141.70567598066,774.90977095561,S9_5686516,9,31.99307473,3.90342642182929,S9_8279734,9,37.58932098,3.98359909475424,rma_te_fit_total_17_BP14,wet,BP,14,raw
S2_44586954,2,96.05450929,5.21071101494939,9.11568703315798,4349.95165732736,869.740551129711,S2_43100924,2,89.4251276,3.47661813022692,S2_45043544,2,98.51301522,3.41366146043199,rma_te_fit_total_18_BP14,wet,BP,14,raw
S5_43714208,5,109.7001758,3.70762334049056,6.3528466493121,-3981.89483882949,953.686405705994,S5_41101118,5,96.20937263,2.18734405546673,S5_44003086,5,115.1315049,2.0985776789467,rma_te_fit_total_18_BP14,wet,BP,14,raw
S7_32133319,7,99.94477983,5.37087179138904,9.41676696002643,-6490.14917988396,1276.74380674605,S7_31178325,7,89.28412826,3.10370124799713,S7_32940091,7,101.9471039,2.73440290553455,rma_te_fit_total_18_BP14,wet,BP,14,raw
S9_6724364,9,34.93391023,8.11057569617746,14.7745684604824,6125.95038252224,962.090805919969,S9_6184858,9,32.79210864,6.32725558966521,S9_6930910,9,35.42306752,6.60343558689072,rma_te_fit_total_18_BP14,wet,BP,14,raw
S2_44586954,2,96.05450929,6.2767236854806,10.4398347093658,6292.14352119009,1137.80881326066,S2_43374008,2,89.65964759,4.72891510502631,S2_44908249,2,97.68940295,4.73477059108007,rma_te_fit_total_19_BP14,wet,BP,14,raw
S5_43714208,5,109.7001758,4.22077445385739,6.82295404554529,-5577.68398355959,1247.62815311958,S5_42251884,5,101.3829046,2.04091677230585,S5_44003086,5,115.1315049,2.47054874335199,rma_te_fit_total_19_BP14,wet,BP,14,raw
S7_32133319,7,99.94477983,6.19634759247829,10.2946189796672,-9172.14661119888,1670.25712863994,S7_31178325,7,89.28412826,3.49126688005018,S7_32940091,7,101.9471039,3.1352861341941,rma_te_fit_total_19_BP14,wet,BP,14,raw
S9_6724364,9,34.93391023,9.21512443048814,15.9716779914472,8609.01425211988,1258.62292693024,S9_6184858,9,32.79210864,7.10439773409457,S9_6930910,9,35.42306752,7.65751069457304,rma_te_fit_total_19_BP14,wet,BP,14,raw
S2_44586954,2,96.05450929,7.10689135619863,11.4190425674774,8504.22047744073,1436.8666106695,S2_43829684,2,92.81876812,4.93067697223249,S2_44908249,2,97.68940295,5.4645938331646,rma_te_fit_total_20_BP14,wet,BP,14,raw
S5_43714208,5,109.7001758,4.58084072958243,7.10631099872475,-7356.26969298079,1575.55049218808,S5_42719546,5,103.4003774,2.82937422804794,S5_44003086,5,115.1315049,2.73198025453916,rma_te_fit_total_20_BP14,wet,BP,14,raw
S7_32133319,7,99.94477983,6.78694078771461,10.8563295618978,-12172.3719602352,2109.26182976017,S7_31178325,7,89.28412826,3.77580904965691,S7_32940091,7,101.9471039,3.42614284153836,rma_te_fit_total_20_BP14,wet,BP,14,raw
S9_6724364,9,34.93391023,10.00819863532,16.7506330269459,11393.6171544319,1589.43509494057,S9_6184858,9,32.79210864,7.64154268567226,S9_6930910,9,35.42306752,8.45348338903037,rma_te_fit_total_20_BP14,wet,BP,14,raw
S2_44586954,2,96.05450929,8.42512355783634,12.2128793723656,11104.0229005433,1712.46239032056,S2_44209808,2,93.99718694,6.37058699664682,S2_44908249,2,97.68940295,6.81983732093112,rma_te_fit_total_21_BP14,wet,BP,14,raw
S5_43714208,5,109.7001758,5.8001984228532,8.10491334659138,-9946.36704624261,1882.95534604121,S5_43575577,5,107.8767063,4.26082563765241,S5_44003086,5,115.1315049,3.95718665131354,rma_te_fit_total_21_BP14,wet,BP,14,raw
S7_16511236,7,33.24039283,3.15991499365683,4.25731499187151,-6503.66104260089,1698.790148222,S7_756781,7,1.438924409,1.52637318321135,S7_19580554,7,51.64603332,1.65469360241406,rma_te_fit_total_21_BP14,wet,BP,14,raw
S7_32133319,7,99.94477983,7.24951304453723,10.336910518911,-15029.3151953259,2519.37921048327,S7_31429416,7,92.5060333,5.69134648911832,S7_32940091,7,101.9471039,3.92249735288199,rma_te_fit_total_21_BP14,wet,BP,14,raw
S9_6724364,9,34.93391023,11.3765006381715,17.1943843722563,14574.754276701,1894.33879367348,S9_6501061,9,33.93753996,9.85026256414155,S9_7142713,9,35.91474829,9.56145017891483,rma_te_fit_total_21_BP14,wet,BP,14,raw
S2_44586954,2,96.05450929,9.08174133822676,12.9005814357166,13869.7746868055,2050.7191830324,S2_44209808,2,93.99718694,6.84501274634515,S2_44908249,2,97.68940295,7.46444623500573,rma_te_fit_total_22_BP14,wet,BP,14,raw
S5_43714208,5,109.7001758,5.86000928003516,7.9569809920843,-11960.7065315505,2251.7703927715,S5_43575577,5,107.8767063,4.24099701627565,S5_44003086,5,115.1315049,3.96418843239543,rma_te_fit_total_22_BP14,wet,BP,14,raw
S7_17165775,7,34.01418423,3.22363288663189,4.22055515386204,-7904.90944805068,2043.40070842086,S7_756781,7,1.438924409,1.44002474700384,S7_19644932,7,51.8739576,1.64494157504662,rma_te_fit_total_22_BP14,wet,BP,14,raw
S7_32133319,7,99.94477983,7.86980277423651,10.990118810981,-18816.4866655844,3014.24655694503,101,7,93.27304403,6.35098505318524,112,7,101.9471039,4.06550028660004,rma_te_fit_total_22_BP14,wet,BP,14,raw
S9_6724364,9,34.93391023,11.8030688754928,17.4259551265504,17832.3005300534,2268.56124892669,S9_6501061,9,33.93753996,10.189790841026,S9_7142713,9,35.91474829,9.98962595862905,rma_te_fit_total_22_BP14,wet,BP,14,raw
S2_44586954,2,96.05450929,9.52490001919532,13.2952373399755,16630.0272835071,2393.45906140233,S2_44209808,2,93.99718694,7.24269149876832,S2_44908249,2,97.68940295,7.95541900740281,rma_te_fit_total_23_BP14,wet,BP,14,raw
S5_43714208,5,109.7001758,6.22462499385019,8.29556192755189,-14443.9773292718,2631.7521252859,S5_43575577,5,107.8767063,4.45058778621092,S5_44003086,5,115.1315049,4.316014048471,rma_te_fit_total_23_BP14,wet,BP,14,raw
S7_16511236,7,33.24039283,3.23227926975145,4.13298471525027,-9198.04448443012,2374.34976479795,S7_9428033,7,8.555063982,1.12008459187861,S7_19976887,7,53.27530926,1.55778861964998,rma_te_fit_total_23_BP14,wet,BP,14,raw
S7_32133319,7,99.94477983,8.0651637134169,11.0286291324014,-22283.231898144,3521.26331913839,S7_31494503,7,93.27304403,6.54914859970174,S7_32940091,7,101.9471039,4.39773274075327,rma_te_fit_total_23_BP14,wet,BP,14,raw
S9_6724364,9,34.93391023,12.3046199367768,17.8673336410483,21326.0979244926,2647.6624401865,S9_6501061,9,33.93753996,10.594459022674,S9_7142713,9,35.91474829,10.5033155481902,rma_te_fit_total_23_BP14,wet,BP,14,raw
S2_44586954,2,96.05450929,9.92293544552446,13.6499918783334,19270.6240884923,2709.6732392841,S2_44209808,2,93.99718694,7.55368756855459,S2_44908249,2,97.68940295,8.40733630978337,rma_te_fit_total_24_BP14,wet,BP,14,raw
S5_43714208,5,109.7001758,6.34816774938159,8.3050231992437,-16527.9498714254,2979.44862367442,S5_43575577,5,107.8767063,4.46440580817482,S5_44003086,5,115.1315049,4.44697142390005,rma_te_fit_total_24_BP14,wet,BP,14,raw
S7_16511236,7,33.24039283,3.16008959757885,3.95581566831193,-10291.2066246734,2688.03929932437,S7_9428033,7,8.555063982,0.939503811523128,S7_21479861,7,59.36936369,1.60733081339164,rma_te_fit_total_24_BP14,wet,BP,14,raw
S7_32133319,7,99.94477983,8.46167253634792,11.4024036076782,-25911.961347035,3986.47845631068,S7_31494503,7,93.27304403,6.94729198186683,S7_32940091,7,101.9471039,4.68908829033881,rma_te_fit_total_24_BP14,wet,BP,14,raw
S9_6724364,9,34.93391023,12.7158174333135,18.2013455330205,24616.0259701619,2997.46094534308,S9_6501061,9,33.93753996,10.9838832693255,S9_7142713,9,35.91474829,10.9131619566004,rma_te_fit_total_24_BP14,wet,BP,14,raw
S2_44752288,2,96.94547487,10.7446302340135,13.451762651881,21149.4952268607,2849.99605917556,S2_44257418,2,94.71205672,9.10495149397522,S2_45043544,2,98.51301522,8.61504377183523,rma_te_fit_total_25_BP14,wet,BP,14,raw
S5_43714208,5,109.7001758,8.20984189211092,9.9168720198558,-20471.0950029082,3212.82869756712,S5_43329831,5,106.5862469,6.40324371841657,S5_44003086,5,115.1315049,5.38974048973227,rma_te_fit_total_25_BP14,wet,BP,14,raw
S6_31006529,6,59.39487638,3.32200461514758,3.74921234150261,11490.2629543965,2932.87666046477,S6_29065113,6,49.8232161,1.59810831351911,S6_33383362,6,78.16213009,1.56708307379414,rma_te_fit_total_25_BP14,wet,BP,14,raw
S7_19532160,7,51.17962841,4.48507949045035,5.14365843648012,-13223.0719197882,2881.57647593894,S7_16359609,7,32.72868696,2.65905370154326,S7_20791180,7,57.68635809,2.86168604885886,rma_te_fit_total_25_BP14,wet,BP,14,raw
S7_32133319,7,99.94477983,8.6641590574526,10.5327189558019,-27874.5398878238,4244.93759677148,S7_31956171,7,96.48121012,5.70738148014122,S7_32940091,7,101.9471039,3.91587180899077,rma_te_fit_total_25_BP14,wet,BP,14,raw
S9_6724364,9,34.93391023,12.794007572752,16.4925940706293,25978.0915275309,3161.52491352218,S9_6501061,9,33.93753996,11.2202736379763,S9_7142713,9,35.91474829,10.6190021947689,rma_te_fit_total_25_BP14,wet,BP,14,raw
S2_44752288,2,96.94547487,11.0558859051218,13.5835909572183,22949.7212775348,3042.00683970541,S2_44257418,2,94.71205672,9.33496267398382,S2_45043544,2,98.51301522,9.09702922419926,rma_te_fit_total_26_BP14,wet,BP,14,raw
S5_43714208,5,109.7001758,8.44247737133372,9.99636482784335,-22193.9435759165,3429.28434631879,S5_43329831,5,106.5862469,6.61711213022668,S5_43769059,5,111.9145952,6.31047399999793,rma_te_fit_total_26_BP14,wet,BP,14,raw
S6_31006529,6,59.39487638,3.4373759811809,3.79636786551145,12485.43856881,3130.47129746806,S6_29065113,6,49.8232161,1.67999546603507,S6_33383362,6,78.16213009,1.67106473448712,rma_te_fit_total_26_BP14,wet,BP,14,raw
S7_19532160,7,51.17962841,4.83168749834287,5.43995103055087,-14684.3086227012,3075.71490168173,S7_16414980,7,32.98157305,3.00450160012226,S7_20791180,7,57.68635809,3.06227813663268,rma_te_fit_total_26_BP14,wet,BP,14,raw
S7_32133319,7,99.94477983,8.87188143010544,10.5684784217796,-30151.1166618839,4530.9287926654,S7_31956171,7,96.48121012,5.91732390134784,S7_32940091,7,101.9471039,4.09177004553155,rma_te_fit_total_26_BP14,wet,BP,14,raw
S9_6724364,9,34.93391023,13.2218129075114,16.755207001127,28274.6583337771,3374.52410850547,S9_6501061,9,33.93753996,11.6235587178235,S9_7142713,9,35.91474829,11.0417129084252,rma_te_fit_total_26_BP14,wet,BP,14,raw
S2_44752288,2,96.94547487,11.2027511162568,13.5579974732686,24121.6608381623,3173.00516767883,S2_44257418,2,94.71205672,9.44646519161122,S2_45043544,2,98.51301522,9.46008166107316,rma_te_fit_total_27_BP14,wet,BP,14,raw
S5_43714208,5,109.7001758,8.69199760037899,10.1521689312839,-23530.554484583,3576.96005488383,S5_43575577,5,107.8767063,7.19063632178769,S5_43769059,5,111.9145952,6.47250819365932,rma_te_fit_total_27_BP14,wet,BP,14,raw
S6_31006529,6,59.39487638,3.5633331064263,3.87518876620711,13271.0536147303,3265.2791816531,S6_29065113,6,49.8232161,1.75474819334741,S6_33383362,6,78.16213009,1.77166651897094,rma_te_fit_total_27_BP14,wet,BP,14,raw
S7_19532160,7,51.17962841,5.10987218795879,5.67703852224066,-15781.7894003806,3208.16480422115,S7_17849585,7,42.46452593,3.55590758900032,S7_20312115,7,54.97788472,3.4151935179468,rma_te_fit_total_27_BP14,wet,BP,14,raw
S7_32133319,7,99.94477983,8.90147288855972,10.4275483275071,-31508.4898647395,4726.04475633078,S7_31956171,7,96.48121012,6.02779961670953,S7_32940091,7,101.9471039,4.16360105792215,rma_te_fit_total_27_BP14,wet,BP,14,raw
S9_6724364,9,34.93391023,13.6431449118135,17.0979577098685,30049.2682561809,3519.8416699752,S9_6501061,9,33.93753996,11.9927476367912,S9_7142713,9,35.91474829,11.4690408642162,rma_te_fit_total_27_BP14,wet,BP,14,raw
S2_44752288,2,96.94547487,11.1980441612966,13.4215843960226,24855.7480829182,3270.36487855346,S2_44257418,2,94.71205672,9.44364205773236,S2_45043544,2,98.51301522,9.68032703075247,rma_te_fit_total_28_BP14,wet,BP,14,raw
S5_43714262,5,109.7001769,8.86204930126724,10.2762140413508,-24517.9879312759,3686.71461821769,S5_43575577,5,107.8767063,7.30172816903006,S5_43769059,5,111.9145952,6.58523249410903,rma_te_fit_total_28_BP14,wet,BP,14,raw
S6_31006529,6,59.39487638,3.61725296395166,3.89903804361933,13786.4744936139,3365.47020568975,S6_29065113,6,49.8232161,1.77765327807194,S6_33383362,6,78.16213009,1.83015454231693,rma_te_fit_total_28_BP14,wet,BP,14,raw
S7_19532160,7,51.17962841,5.32071609543923,5.87179896468856,-16622.50318846,3306.60334475594,S7_18223567,7,43.92895216,3.53281154612111,S7_19976887,7,53.27530926,3.55469800547717,rma_te_fit_total_28_BP14,wet,BP,14,raw
S7_32133319,7,99.94477983,8.85396260310319,10.2656675022779,-32377.6700414628,4871.05755232883,S7_31956171,7,96.48121012,6.07588005425359,S7_32940091,7,101.9471039,4.18732942452612,rma_te_fit_total_28_BP14,wet,BP,14,raw
S9_6724364,9,34.93391023,13.9458615708635,17.3854630810561,31381.2635236529,3627.84362688783,S9_6501061,9,33.93753996,12.2823518555866,S9_7142713,9,35.91474829,11.773331296499,rma_te_fit_total_28_BP14,wet,BP,14,raw
S2_44752288,2,96.94547487,11.1071303777916,13.2401207482787,25252.655433931,3338.31577343906,S2_44257418,2,94.71205672,9.38908085021923,S2_45156658,2,100.2097111,8.98443172975782,rma_te_fit_total_29_BP14,wet,BP,14,raw
S5_43714262,5,109.7001769,9.02567976902937,10.4464902053069,-25286.5506788739,3763.31633294944,S5_43575577,5,107.8767063,7.43093846167805,S5_43769059,5,111.9145952,6.69488599845563,rma_te_fit_total_29_BP14,wet,BP,14,raw
S6_31006529,6,59.39487638,3.6707506358085,3.94315167081496,14181.8328096994,3435.39717735188,S6_30703582,6,56.23729456,2.17064891021035,S6_33383362,6,78.16213009,1.86323570628578,rma_te_fit_total_29_BP14,wet,BP,14,raw
S7_19532160,7,51.17962841,5.46907182189916,6.02280478903001,-17220.5240697636,3375.30719421975,S7_18223567,7,43.92895216,3.55410598518831,S7_19976887,7,53.27530926,3.61878801699764,rma_te_fit_total_29_BP14,wet,BP,14,raw
S7_32133319,7,99.94477983,8.7037410907827,10.0282918887667,-32734.1911322277,4972.26727418299,S7_31956171,7,96.48121012,6.03133873772387,S7_32940091,7,101.9471039,4.12542046509827,rma_te_fit_total_29_BP14,wet,BP,14,raw
S9_6724364,9,34.93391023,14.1407355175515,17.6044262428178,32301.6246805148,3703.22213360084,S9_6501061,9,33.93753996,12.4713553718734,S9_7142713,9,35.91474829,12.0064748393018,rma_te_fit_total_29_BP14,wet,BP,14,raw
S2_44752288,2,96.94547487,10.9333739161005,13.0076108482669,25328.1203136067,3378.96423037436,S2_44257418,2,94.71205672,9.2811054281153,S2_45156658,2,100.2097111,9.00455040196935,rma_te_fit_total_30_BP14,wet,BP,14,raw
S5_43714262,5,109.7001769,9.15481798925973,10.6207970721784,-25800.3774206556,3809.13973980356,S5_43575577,5,107.8767063,7.54608037846742,S5_43769059,5,111.9145952,6.78860186571939,rma_te_fit_total_30_BP14,wet,BP,14,raw
S6_31006529,6,59.39487638,3.68923190470611,3.96607761522698,14392.4370045635,3477.22773015048,S6_30703582,6,56.23729456,2.14297241994005,S6_33383362,6,78.16213009,1.87051588107697,rma_te_fit_total_30_BP14,wet,BP,14,raw
S7_19532160,7,51.17962841,5.56644455878573,6.14152504423659,-17596.5771075179,3416.40607115023,S7_18223567,7,43.92895216,3.57976164592701,S7_19806344,7,52.34268693,3.74225942198801,rma_te_fit_total_30_BP14,wet,BP,14,raw
S7_32133319,7,99.94477983,8.50397940117407,9.77571795771268,-32704.3539978642,5032.81127477561,S7_31956171,7,96.48121012,5.93896624025127,S7_32940091,7,101.9471039,4.02754414356023,rma_te_fit_total_30_BP14,wet,BP,14,raw
S9_6724364,9,34.93391023,14.240886650939,17.7639612261521,32834.2008154823,3748.31381324877,S9_6501061,9,33.93753996,12.5887575467546,S9_7142713,9,35.91474829,12.159190736354,rma_te_fit_total_30_BP14,wet,BP,14,raw
S2_44752288,2,96.94547487,12.3536553452827,13.3061337771954,25129.8883411267,3123.21745929512,S2_44316069,2,95.42815792,10.7834358275437,S2_45156658,2,100.2097111,9.73408759265908,rma_te_fit_total_31_BP14,wet,BP,14,raw
S3_7345986,3,47.38986671,3.76225325475181,3.57271816482076,13146.0698258178,3153.07399906433,S3_6422015,3,45.16807388,1.24790360408605,S3_12575474,3,56.22627443,2.11009725642454,rma_te_fit_total_31_BP14,wet,BP,14,raw
S5_43714208,5,109.7001758,10.3208512186085,10.7853963214204,-25310.7300308364,3494.01065458786,S5_42719546,5,103.4003774,8.61038681791685,S5_43769059,5,111.9145952,7.20313646482343,rma_te_fit_total_31_BP14,wet,BP,14,raw
S6_31738921,6,62.88206621,4.99391613033475,4.82729593044336,15551.1243556072,3208.83539970352,S6_30877621,6,56.47248985,2.56798781641218,S6_33134238,6,74.06870704,3.15835524505784,rma_te_fit_total_31_BP14,wet,BP,14,raw
S7_19532160,7,51.17962841,6.64581161166849,6.5799505616587,-17950.7814129584,3172.55858677651,S7_19153030,7,49.2934369,4.35653340208489,S7_19644932,7,51.8739576,4.91921193951116,rma_te_fit_total_31_BP14,wet,BP,14,raw
S7_32133319,7,99.94477983,11.3399152068231,12.0309704685156,-35535.2370393724,4644.58049447217,S7_31956171,7,96.48121012,7.26749860952314,S7_32940091,7,101.9471039,6.58570608349538,rma_te_fit_total_31_BP14,wet,BP,14,raw
S9_6724364,9,34.93391023,13.4371234716401,14.7099935372824,30209.5474067492,3570.88270947472,S9_6184858,9,32.79210864,11.5422576379078,S9_7142713,9,35.91474829,11.7486328417519,rma_te_fit_total_31_BP14,wet,BP,14,raw
S2_44752288,2,96.94547487,12.0773221805346,12.9817844029145,24878.299513867,3133.58211023294,S2_44316069,2,95.42815792,10.5637986999294,S2_45156658,2,100.2097111,9.71419083403303,rma_te_fit_total_32_BP14,wet,BP,14,raw
S3_7345986,3,47.38986671,3.88752100297838,3.70600314498378,13419.5615685483,3163.53773135558,S3_6422015,3,45.16807388,1.29495664587851,S3_12575474,3,56.22627443,2.23469377988697,rma_te_fit_total_32_BP14,wet,BP,14,raw
S5_43714208,5,109.7001758,10.5037591552261,11.0291582922339,-25653.5033197869,3505.60581287568,S5_42719546,5,103.4003774,8.98560067239254,S5_43769059,5,111.9145952,7.32436671984708,rma_te_fit_total_32_BP14,wet,BP,14,raw
S6_31738921,6,62.88206621,5.08790113137142,4.93505015258042,15759.5748615638,3219.48418073407,S6_30877621,6,56.47248985,2.484070200867,S6_33134238,6,74.06870704,3.2157115398179,rma_te_fit_total_32_BP14,wet,BP,14,raw
S7_19532160,7,51.17962841,6.76460609513047,6.72308907846744,-18186.3420794786,3183.08698025544,S7_19153030,7,49.2934369,4.43277178989574,S7_19644932,7,51.8739576,4.96536764749719,rma_te_fit_total_32_BP14,wet,BP,14,raw
S7_32133319,7,99.94477983,11.0156871627705,11.6549052737934,-35055.1750548164,4659.99391227135,S7_31956171,7,96.48121012,7.04975460941707,S7_32940091,7,101.9471039,6.38455398761865,rma_te_fit_total_32_BP14,wet,BP,14,raw
S9_6724364,9,34.93391023,13.4074973621255,14.701465540543,30269.6342055733,3582.73297392347,S9_6184858,9,32.79210864,11.5975693433104,S9_7142713,9,35.91474829,11.816846639612,rma_te_fit_total_32_BP14,wet,BP,14,raw
S2_44586954,2,96.05450929,11.501819998772,10.3701414373026,22759.0962791994,2954.92551850801,S2_44257418,2,94.71205672,9.87977655210372,S2_44908249,2,97.68940295,9.54371837461201,rma_te_fit_total_33_BP14,wet,BP,14,raw
S3_7095091,3,46.70151328,5.1678578484211,4.17851250660507,-84908.2825356331,17366.9305907368,S3_6422015,3,45.16807388,1.70361703999648,S3_7261171,3,47.15534623,0,rma_te_fit_total_33_BP14,wet,BP,14,raw
S3_7261171,3,47.15534623,6.63706116167573,5.50200079402656,97367.8698831646,17355.5831289394,S3_7095091,3,46.70151328,0,S3_7345986,3,47.38986671,4.91573132879871,rma_te_fit_total_33_BP14,wet,BP,14,raw
S5_5738550,5,39.12975592,6.17788869170076,5.08147715323015,18360.6463664523,3405.46830598034,S5_5107998,5,37.40304223,3.58249447350713,S5_7332670,5,43.68119887,4.39472055278891,rma_te_fit_total_33_BP14,wet,BP,14,raw
S5_33184214,5,79.95790853,6.55786405721173,5.4290157319047,-18547.158303443,3328.13315865995,S5_30043124,5,71.92483855,3.90084924815694,S5_33682130,5,82.14795514,3.67175855974858,rma_te_fit_total_33_BP14,wet,BP,14,raw
S5_43706919,5,109.5147878,10.5562041257347,9.36189971181311,-25708.5397624914,3513.00916403465,S5_43575577,5,107.8767063,8.63544232613805,S5_44003086,5,115.1315049,8.02220209750337,rma_te_fit_total_33_BP14,wet,BP,14,raw
S6_31888552,6,65.16886519,8.06731046784714,6.85332051057638,19707.4635572492,3147.48794940373,S6_31753064,6,63.71185205,6.00009804795911,S6_32411928,6,68.72506699,5.50976597263464,rma_te_fit_total_33_BP14,wet,BP,14,raw
S7_17158322,7,34.01418318,5.91351964571789,4.84222587625338,-15444.2241593821,2934.45490353059,S7_12773905,7,19.91262658,3.64018241834014,S7_17322899,7,39.20278448,3.98252532603197,rma_te_fit_total_33_BP14,wet,BP,14,raw
S7_32133319,7,99.94477983,15.8635287158605,15.4490565907565,-38971.0072150014,4145.47703662799,S7_31956171,7,96.48121012,9.17712941612697,S7_32940091,7,101.9471039,9.40546127249076,rma_te_fit_total_33_BP14,wet,BP,14,raw
S9_6724364,9,34.93391023,20.064874667462,21.0807699329424,35951.3421453412,3273.82709971786,S9_6184858,9,32.79210864,15.3224733685252,S9_7142713,9,35.91474829,17.9645901807415,rma_te_fit_total_33_BP14,wet,BP,14,raw
S9_6487121,9,33.93753891,3.99190290529445,10.2495909922009,-3907.72061447766,892.141651158344,S9_5686516,9,31.99307473,2.40540767887794,S9_10073675,9,45.61491815,1.93979388439057,rma_te_fit_total_18_BP14,diff,BP,14,comp_diff
S9_6487121,9,33.93753891,4.04195627151816,10.371201777062,0.0464385529144393,0.0105325439978072,S9_5686516,9,31.99307473,2.41933340309633,S9_10073675,9,45.61491815,1.99311807858256,rma_te_fit_total_18_BP14,diff,BP,14,comp_rel_diff
S6_1735502,6,13.28666765,11.3866652893458,25.8271732930366,-586763.683789273,75536.6980988439,S6_1682903,6,12.46584402,3.92537197708077,S6_1782067,6,13.2866687,1.33083710363024e-06,rma_te_fit_total_18_BP14,diff,BP,14,comp_ratio
S6_1782067,6,13.2866687,11.3866652893458,25.8271768010829,586763.707440708,75536.696285813,S6_1735502,6,13.28666765,-2.22044604925031e-16,S6_1887340,6,14.56460814,0.882657518653171,rma_te_fit_total_18_BP14,diff,BP,14,comp_ratio
S2_44586954,2,96.05450929,4.75108911574782,8.13937878827977,-4251.59162243756,895.799890805018,S2_42025292,2,84.60658262,2.40274427366106,S2_45043544,2,98.51301522,2.66289190898614,rma_te_fit_total_19_BP14,diff,BP,14,comp_diff
S5_43714262,5,109.7001769,4.53203052335944,7.74061261362377,4544.06237034096,981.774413686176,S5_36886697,5,89.87760443,2.6389746741046,S5_44003086,5,115.1315049,2.6777928126466,rma_te_fit_total_19_BP14,diff,BP,14,comp_diff
S7_14776325,7,25.13741186,3.50102012583336,5.89525221836438,3634.21659324383,899.735185064874,S7_13950231,7,22.25953203,1.88373957653459,S7_17697912,7,42.22766767,1.4748216963595,rma_te_fit_total_19_BP14,diff,BP,14,comp_diff
S7_32133319,7,99.94477983,4.13039167993498,7.01560249014069,5789.3350619036,1313.86665646543,S7_31178325,7,89.28412826,2.36526806726938,S7_32940091,7,101.9471039,2.20242516502393,rma_te_fit_total_19_BP14,diff,BP,14,comp_diff
S9_6724364,9,34.93391023,5.89698019774531,10.2643217330016,-5286.49035996384,991.87606162942,S9_6184858,9,32.79210864,4.36152368262574,S9_8279734,9,37.58932098,3.6930829112216,rma_te_fit_total_19_BP14,diff,BP,14,comp_diff
S2_44586954,2,96.05450929,4.78023601879698,8.24770791238012,0.0389435966175511,0.00817861695930471,S2_42025292,2,84.60658262,2.43099165376994,S2_45043544,2,98.51301522,2.66255209180095,rma_te_fit_total_19_BP14,diff,BP,14,comp_rel_diff
S5_43714262,5,109.7001769,4.61654697750067,7.94726866900113,-0.0418966283221444,0.00896356089390609,S5_38161186,5,91.85580311,2.9472734231009,S5_44003086,5,115.1315049,2.80025296391196,rma_te_fit_total_19_BP14,diff,BP,14,comp_rel_diff
S7_14776325,7,25.13741186,3.43628867030848,5.81997871293615,-0.0328574472410944,0.0082145460375552,S7_13950231,7,22.25953203,1.82939188331491,S7_17697912,7,42.22766767,1.44207184682905,rma_te_fit_total_19_BP14,diff,BP,14,comp_rel_diff
S7_32133319,7,99.94477983,3.89948064420975,6.64673396628464,-0.0512759666349626,0.0119955497082909,S7_31178325,7,89.28412826,2.25113998480592,S7_32940091,7,101.9471039,2.05554172330607,rma_te_fit_total_19_BP14,diff,BP,14,comp_rel_diff
S9_6724364,9,34.93391023,5.77344783806346,10.0995202625843,0.0477162382255677,0.00905578853317415,S9_6184858,9,32.79210864,4.23772978566592,S9_8279734,9,37.58932098,3.60317206707207,rma_te_fit_total_19_BP14,diff,BP,14,comp_rel_diff
S9_5041932,9,31.06780702,8.1007608581009,19.213607493458,0.553426487901068,0.0864528122832448,S9_4775142,9,30.60506955,2.97089361948471,S9_5633611,9,31.52841363,-1.11022302462516e-16,rma_te_fit_total_19_BP14,diff,BP,14,comp_ratio
S9_5633611,9,31.52841363,8.80327722628473,21.0871305222415,-0.575259304530969,0.0857785202395328,S9_5497941,9,31.29811037,6.3733864322025,S9_5686516,9,31.99307473,7.20839003303239,rma_te_fit_total_19_BP14,diff,BP,14,comp_ratio
S2_44586954,2,96.05450929,6.3033819555372,10.3384808501108,-6245.09854791344,1130.1317553132,S2_43100924,2,89.4251276,4.56708735373451,S2_44908249,2,97.68940295,4.58216378869174,rma_te_fit_total_20_BP14,diff,BP,14,comp_diff
S5_43714208,5,109.7001758,5.34512675200735,8.65079766891301,6281.42224459635,1242.64780495389,S5_42719546,5,103.4003774,3.37853401634193,S5_44003086,5,115.1315049,3.10267038112199,rma_te_fit_total_20_BP14,diff,BP,14,comp_diff
S7_16511236,7,33.24039283,3.67583916662698,5.81346947312493,4645.65892772194,1121.10882140864,S7_13950231,7,22.25953203,1.9053945419003,S7_17697912,7,42.22766767,1.87213945516334,rma_te_fit_total_20_BP14,diff,BP,14,comp_diff
S7_32133319,7,99.94477983,4.59868094253387,7.36617502573588,7755.40439054991,1662.65283578582,S7_31178325,7,89.28412826,2.53579717308505,S7_32940091,7,101.9471039,2.35324396315746,rma_te_fit_total_20_BP14,diff,BP,14,comp_diff
S9_6724364,9,34.93391023,7.45361806398204,12.4229957238336,-7572.87365223532,1250.16025937442,S9_6184858,9,32.79210864,5.06957222462391,S9_8182398,9,37.12013546,5.5919873910875,rma_te_fit_total_20_BP14,diff,BP,14,comp_diff
S2_44586954,2,96.05450929,6.33127878447143,10.4238168181104,0.0450085088952998,0.00812533194825702,S2_43100924,2,89.4251276,4.57095447508118,S2_44908249,2,97.68940295,4.60045325395819,rma_te_fit_total_20_BP14,diff,BP,14,comp_rel_diff
S5_43714208,5,109.7001758,5.34538228198156,8.68084313136115,-0.0451628325878467,0.00893429094665607,S5_42719546,5,103.4003774,3.37899703012628,S5_44003086,5,115.1315049,3.16034750559173,rma_te_fit_total_20_BP14,diff,BP,14,comp_rel_diff
S7_16511236,7,33.24039283,3.65992197882918,5.8068284352342,-0.0333249440463691,0.0080604595714062,S7_13950231,7,22.25953203,1.87828519339868,S7_17697912,7,42.22766767,1.86338416029553,rma_te_fit_total_20_BP14,diff,BP,14,comp_rel_diff
S7_32133319,7,99.94477983,4.48852662957239,7.20335400073252,-0.0550454109242532,0.0119540099125227,S7_31178325,7,89.28412826,2.46689871971344,S7_32940091,7,101.9471039,2.28540899645037,rma_te_fit_total_20_BP14,diff,BP,14,comp_rel_diff
S9_6724364,9,34.93391023,7.38468822974499,12.3383127966759,0.0541683664702267,0.00898830339752832,S9_6184858,9,32.79210864,5.00526745184198,S9_8182398,9,37.12013546,5.53897727688149,rma_te_fit_total_20_BP14,diff,BP,14,comp_rel_diff
S3_19489073,3,69.19885477,3.14197722150408,7.48461279874508,-0.0466631617015647,0.0121146083160338,S3_7095091,3,46.70151328,1.15228108169291,S3_46747961,3,102.8857175,1.44614491713349,rma_te_fit_total_20_BP14,diff,BP,14,comp_ratio
S7_32133319,7,99.94477983,3.50323105526378,8.38671690952785,0.0724817332428184,0.0177767540137365,S7_19236553,7,49.76776198,1.79017385608083,S7_33411071,7,104.8359143,1.74204104910147,rma_te_fit_total_20_BP14,diff,BP,14,comp_ratio
S2_44586954,2,96.05450929,7.24677526185214,11.4480307992762,-8380.91228352835,1405.1930103818,S2_43481897,2,90.13407682,5.61871095315822,S2_44908249,2,97.68940295,5.41642882617148,rma_te_fit_total_21_BP14,diff,BP,14,comp_diff
S5_43714208,5,109.7001758,5.74822730783919,8.8929630059496,8122.09607331229,1545.0941907243,S5_43240044,5,106.0943485,3.75822918002646,S5_44003086,5,115.1315049,3.3913433770605,rma_te_fit_total_21_BP14,diff,BP,14,comp_diff
S7_16511236,7,33.24039283,3.82334719417672,5.75955436667572,5897.10734502386,1393.97399667281,S7_13950231,7,22.25953203,1.87832851446137,S7_17944289,7,43.32050333,1.90645917623337,rma_te_fit_total_21_BP14,diff,BP,14,comp_diff
S7_32133319,7,99.94477983,5.22592483710094,8.02651938155775,10324.3336040403,2067.32368376838,S7_31178325,7,89.28412826,2.81784268344757,S7_32940091,7,101.9471039,2.68791622573664,rma_te_fit_total_21_BP14,diff,BP,14,comp_diff
S9_6724364,9,34.93391023,8.26427226509275,13.2429674024995,-9971.37769438209,1554.43509136967,S9_6184858,9,32.79210864,5.57625989743356,S9_7478538,9,36.4077051,6.18821726863779,rma_te_fit_total_21_BP14,diff,BP,14,comp_diff
S2_44586954,2,96.05450929,7.24840396897618,11.4315719583301,0.0477724244741554,0.00800881428457213,S2_43481897,2,90.13407682,5.61634529671864,S2_44908249,2,97.68940295,5.414608011517,rma_te_fit_total_21_BP14,diff,BP,14,comp_rel_diff
S5_43714208,5,109.7001758,5.7501178199756,8.88113312045031,-0.0462996250487293,0.00880617277075696,S5_43240044,5,106.0943485,3.75551866850514,S5_44003086,5,115.1315049,3.40607886338633,rma_te_fit_total_21_BP14,diff,BP,14,comp_rel_diff
S7_16511236,7,33.24039283,3.86178599123672,5.81073479987825,-0.0337876918180869,0.00794487218082725,S7_13950231,7,22.25953203,1.86731089657046,S7_17697912,7,42.22766767,2.2239138922175,rma_te_fit_total_21_BP14,diff,BP,14,comp_rel_diff
S7_32133319,7,99.94477983,5.23945446622252,8.03524846804062,-0.0589245751311581,0.0117825888166778,S7_31178325,7,89.28412826,2.78500205553815,S7_32940091,7,101.9471039,2.69596574877241,rma_te_fit_total_21_BP14,diff,BP,14,comp_rel_diff
S9_6724364,9,34.93391023,8.30492862351739,13.2932865244047,0.0569871711561265,0.00885941068040115,S9_6184858,9,32.79210864,5.59963486367099,S9_7478538,9,36.4077051,6.22029351384686,rma_te_fit_total_21_BP14,diff,BP,14,comp_rel_diff
S3_19489073,3,69.19885477,3.34158562184327,7.87586211449282,-0.0442094159308379,0.0111142340287052,S3_7095091,3,46.70151328,1.26227815268563,S3_20423554,3,71.83639809,1.82040058817209,rma_te_fit_total_21_BP14,diff,BP,14,comp_ratio
S7_32133319,7,99.94477983,3.84433949017441,9.12373337711696,0.0698224531846251,0.0163088231352803,S7_20047201,7,54.04030769,2.17401923223889,S7_32940091,7,101.9471039,2.30337636137901,rma_te_fit_total_21_BP14,diff,BP,14,comp_ratio
S2_44586954,2,96.05450929,7.94219865442494,12.2471318192941,-10590.3622369387,1687.88199078203,S2_44209808,2,93.99718694,5.60675128648292,S2_44908249,2,97.68940295,6.05599732879451,rma_te_fit_total_22_BP14,diff,BP,14,comp_diff
S5_43714208,5,109.7001758,5.97484872297817,8.96364312100214,9962.19128384679,1855.92771905184,S5_43240044,5,106.0943485,3.88209227481032,S5_44003086,5,115.1315049,3.53425519654821,rma_te_fit_total_22_BP14,diff,BP,14,comp_diff
S7_16511236,7,33.24039283,3.89780409213334,5.68182072385164,7155.76506920544,1674.40599776623,S7_13950231,7,22.25953203,1.81424550802288,S7_18647587,7,45.61589714,2.32721010088706,rma_te_fit_total_22_BP14,diff,BP,14,comp_diff
S7_32133319,7,99.94477983,5.77191092890086,8.6347917928269,13082.5394551156,2483.21646148931,S7_31429416,7,92.5060333,4.10169095331478,S7_32940091,7,101.9471039,2.99247489511355,rma_te_fit_total_22_BP14,diff,BP,14,comp_diff
S9_6724364,9,34.93391023,8.725006210965,13.6030798976045,-12346.6419662396,1867.14777057537,S9_6184858,9,32.79210864,5.84034244819875,S9_7478538,9,36.4077051,6.5492702121016,rma_te_fit_total_22_BP14,diff,BP,14,comp_diff
S2_44586954,2,96.05450929,7.93905208508123,12.1988567511879,0.0494768759233944,0.00788731466135698,S2_44209808,2,93.99718694,5.59340418646438,S2_44908249,2,97.68940295,6.04922172650214,rma_te_fit_total_22_BP14,diff,BP,14,comp_rel_diff
S5_43714208,5,109.7001758,5.9834949102972,8.94624541246331,-0.0465888602843081,0.00867257663085451,S5_43240044,5,106.0943485,3.8811932953543,S5_44003086,5,115.1315049,3.5399608586291,rma_te_fit_total_22_BP14,diff,BP,14,comp_rel_diff
S7_16511236,7,33.24039283,3.9597402738263,5.75679835669116,-0.0337172312228423,0.00782434260651529,S7_14559796,7,22.95825909,2.10888429818613,S7_18647587,7,45.61589714,2.36899195258394,rma_te_fit_total_22_BP14,diff,BP,14,comp_rel_diff
S7_32133319,7,99.94477983,5.82380852543536,8.68817602467542,-0.0614298575974871,0.0116038382487588,S7_31429416,7,92.5060333,4.14707719056074,S7_32940091,7,101.9471039,3.0237241183401,rma_te_fit_total_22_BP14,diff,BP,14,comp_rel_diff
S9_6724364,9,34.93391023,8.80595494085902,13.696795282414,0.0579947655556323,0.00872500688211973,S9_6184858,9,32.79210864,5.89266164714655,S9_7478538,9,36.4077051,6.61268473494849,rma_te_fit_total_22_BP14,diff,BP,14,comp_rel_diff
S7_19036596,7,49.05801824,4.91431189079609,10.8433599913098,-0.311577093442749,0.0640866478808059,S7_19017756,7,48.58182999,1.99461386914189,S7_19236553,7,49.76776198,0,rma_te_fit_total_22_BP14,diff,BP,14,comp_ratio
S7_19236553,7,49.76776198,5.6799448424688,12.6665013936069,0.336645926003543,0.064066204831247,S7_19153030,7,49.2934369,1.04578197995321,S7_19338119,7,50.48837552,3.99639028326402,rma_te_fit_total_22_BP14,diff,BP,14,comp_ratio
S7_32133319,7,99.94477983,3.59259810198613,7.78369370644877,0.0611257869482088,0.0148393735317883,S7_31956171,7,96.48121012,1.52984285015343,S7_32940091,7,101.9471039,2.02598080592416,rma_te_fit_total_22_BP14,diff,BP,14,comp_ratio
S2_44586954,2,96.05450929,8.5012186373319,12.9343064872436,-12839.5568396742,1970.18006652826,S2_44209808,2,93.99718694,6.06344032685416,S2_44908249,2,97.68940295,6.6395328373134,rma_te_fit_total_23_BP14,diff,BP,14,comp_diff
S5_43714208,5,109.7001758,6.16361164466947,9.07594160032167,11826.1473409587,2166.33142421234,S5_43240044,5,106.0943485,4.00478788913923,S5_44003086,5,115.1315049,3.68296327513507,rma_te_fit_total_23_BP14,diff,BP,14,comp_diff
S7_16511236,7,33.24039283,3.8934573688716,5.55565059461674,8347.65735107839,1954.45021517527,S7_14596913,7,23.66485032,2.36867003668733,S7_19644932,7,51.8739576,2.01103095219195,rma_te_fit_total_23_BP14,diff,BP,14,comp_diff
S7_32133319,7,99.94477983,6.07885611986186,8.94058539804409,15704.8552337518,2898.53413924651,S7_31429416,7,92.5060333,4.3454188678072,S7_32940091,7,101.9471039,3.15479362107332,rma_te_fit_total_23_BP14,diff,BP,14,comp_diff
S9_6724364,9,34.93391023,8.97611606973784,13.7484598091991,-14643.4057277386,2179.42802810871,S9_6184858,9,32.79210864,5.94995614396503,S9_7478538,9,36.4077051,6.77474213355402,rma_te_fit_total_23_BP14,diff,BP,14,comp_diff
S2_44586954,2,96.05450929,8.50409013326528,12.8665164224993,0.0509032444398289,0.00780942838423742,S2_44209808,2,93.99718694,6.04838722625861,S2_44908249,2,97.68940295,6.63566310545255,rma_te_fit_total_23_BP14,diff,BP,14,comp_rel_diff
S5_43714208,5,109.7001758,6.18120615089053,9.05294031110401,-0.0469492632960054,0.00858693598688214,S5_43329831,5,106.5862469,4.67391272931337,S5_44003086,5,115.1315049,3.6944518017213,rma_te_fit_total_23_BP14,diff,BP,14,comp_rel_diff
S7_16511236,7,33.24039283,3.9884602477019,5.6666602322978,-0.0335117612295044,0.00774707817081132,S7_14596913,7,23.66485032,2.35679062661827,S7_19580554,7,51.64603332,2.37241353993717,rma_te_fit_total_23_BP14,diff,BP,14,comp_rel_diff
S7_32133319,7,99.94477983,6.16319454721438,9.0242974983971,-0.0627182852260851,0.0114892517512882,S7_31429416,7,92.5060333,4.41865023471762,S7_32940091,7,101.9471039,3.20503791701972,rma_te_fit_total_23_BP14,diff,BP,14,comp_rel_diff
S9_6724364,9,34.93391023,9.10463807349763,13.8921267372022,0.0585107889422209,0.00863884849576547,S9_6184858,9,32.79210864,6.03213743812146,S9_7478538,9,36.4077051,6.87550759258997,rma_te_fit_total_23_BP14,diff,BP,14,comp_rel_diff
S3_14283723,3,60.37788402,3.35262887520901,7.942317123676,-0.0401656409674224,0.0100802208484279,S3_7095091,3,46.70151328,1.19965436703017,S3_20423554,3,71.83639809,1.48913356436113,rma_te_fit_total_23_BP14,diff,BP,14,comp_ratio
S7_32133319,7,99.94477983,3.71224598428654,8.83787013535917,0.0615221293372879,0.0146368124412733,S7_19153030,7,49.2934369,1.40656367195438,S7_32940091,7,101.9471039,2.07892974643875,rma_te_fit_total_23_BP14,diff,BP,14,comp_ratio
S2_44586954,2,96.05450929,8.9329781586356,13.4661006227111,-14909.2760327722,2225.02597852364,S2_44257418,2,94.71205672,7.34872591493724,S2_44908249,2,97.68940295,7.10412355032065,rma_te_fit_total_24_BP14,diff,BP,14,comp_diff
S5_43714208,5,109.7001758,6.21558912438375,9.01980211713113,13416.9286864457,2446.54982499054,S5_43329831,5,106.5862469,4.69178680645568,S5_44003086,5,115.1315049,3.72833057837476,rma_te_fit_total_24_BP14,diff,BP,14,comp_diff
S7_16511236,7,33.24039283,3.78967798020778,5.3177112487072,9294.30018439527,2207.26144598505,S7_14596913,7,23.66485032,2.14660815216743,S7_19644932,7,51.8739576,2.24741145699634,rma_te_fit_total_24_BP14,diff,BP,14,comp_diff
S7_32133319,7,99.94477983,6.4435088055176,9.3802872248153,18306.9584253325,3273.46412088402,S7_31429416,7,92.5060333,4.63496987607048,S7_32940091,7,101.9471039,3.41596885872427,rma_te_fit_total_24_BP14,diff,BP,14,comp_diff
S9_6724364,9,34.93391023,9.14603558002782,13.8287474952278,-16713.3559324583,2461.34049534343,S9_6184858,9,32.79210864,6.05032445302715,S9_7478538,9,36.4077051,6.93303375191896,rma_te_fit_total_24_BP14,diff,BP,14,comp_diff
S2_44586954,2,96.05450929,8.94661449567433,13.3861773320316,0.0515630493407583,0.00768854522386236,S2_44257418,2,94.71205672,7.34681245069604,S2_44908249,2,97.68940295,7.10761832909087,rma_te_fit_total_24_BP14,diff,BP,14,comp_rel_diff
S5_43714208,5,109.7001758,6.24332809612804,8.994301588166,-0.0464743160915558,0.00845401768493217,S5_43329831,5,106.5862469,4.70109632023361,S5_44003086,5,115.1315049,3.74618848654527,rma_te_fit_total_24_BP14,diff,BP,14,comp_rel_diff
S7_16511236,7,33.24039283,3.91170267542225,5.45616339722555,-0.0326567289236355,0.00762716013752087,S7_14686597,7,24.41187922,2.29967454057303,S7_19644932,7,51.8739576,2.21975892818654,rma_te_fit_total_24_BP14,diff,BP,14,comp_rel_diff
S7_32133319,7,99.94477983,6.56096030259976,9.49382236939424,-0.0638856555884051,0.0113114081251345,S7_31429416,7,92.5060333,4.73621041396424,S7_32940091,7,101.9471039,3.48636817803393,rma_te_fit_total_24_BP14,diff,BP,14,comp_rel_diff
S9_6724364,9,34.93391023,9.31878757175046,14.0164067606716,0.0583667166127565,0.00850512663332067,S9_6184858,9,32.79210864,6.16042124087084,S9_7478538,9,36.4077051,7.06851963460093,rma_te_fit_total_24_BP14,diff,BP,14,comp_rel_diff
S7_32133319,7,99.94477983,3.52584386195694,7.63842025181843,0.0558594524009575,0.0136949372901522,S7_16359609,7,32.72868696,1.82151310829362,S7_32940091,7,101.9471039,1.75989380868134,rma_te_fit_total_24_BP14,diff,BP,14,comp_ratio
S9_13387210,9,59.29751876,6.73989462502001,15.2664388280006,-0.331330076723393,0.0574588776381266,S9_13026067,9,58.47173265,1.65869149683625,S9_13868930,9,59.84738764,0,rma_te_fit_total_24_BP14,diff,BP,14,comp_ratio
S9_13868930,9,59.84738764,6.31677490927821,14.2238700236875,0.319426293909821,0.0573887708997156,S9_13387210,9,59.29751876,0,S9_13900821,9,60.08717152,2.81582061195281,rma_te_fit_total_24_BP14,diff,BP,14,comp_ratio
S2_44586954,2,96.05450929,9.18849848363674,13.8098564838631,-16557.7330682697,2432.05295185927,S2_44257418,2,94.71205672,7.54641900292727,S2_44908249,2,97.68940295,7.46986519065613,rma_te_fit_total_25_BP14,diff,BP,14,comp_diff
S5_43714208,5,109.7001758,6.1689402653624,8.88746188500567,14605.423309793,2674.18842798731,S5_43240044,5,106.0943485,4.06858511811297,S5_44003086,5,115.1315049,3.70452642736925,rma_te_fit_total_25_BP14,diff,BP,14,comp_diff
S7_16511236,7,33.24039283,3.65314513740097,5.08284997871026,9965.03048598392,2412.6355229322,S7_14686597,7,24.41187922,2.10636500386158,S7_21663918,7,60.36847472,1.71157010988158,rma_te_fit_total_25_BP14,diff,BP,14,comp_diff
S7_32133319,7,99.94477983,6.65921582393196,9.65956846206677,20373.125284947,3578.0427531385,S7_31429416,7,92.5060333,4.84799621449267,S7_32940091,7,101.9471039,3.61662535967841,rma_te_fit_total_25_BP14,diff,BP,14,comp_diff
S9_6724364,9,34.93391023,9.23800471732707,13.8939621375524,-18371.979867138,2690.35529248189,S9_6184858,9,32.79210864,6.08850748524766,S9_7478538,9,36.4077051,7.01996844084469,rma_te_fit_total_25_BP14,diff,BP,14,comp_diff
S2_44586954,2,96.05450929,9.21449625642455,13.7269397498418,0.0514570381826505,0.00754612112928043,S2_44257418,2,94.71205672,7.55244085511793,S2_44908249,2,97.68940295,7.48351997505023,rma_te_fit_total_25_BP14,diff,BP,14,comp_rel_diff
S5_43714208,5,109.7001758,6.20558156542658,8.86276976326399,-0.0454633709224112,0.00829741383084816,S5_43575577,5,107.8767063,4.68872571975244,S5_44003086,5,115.1315049,3.72782038490397,rma_te_fit_total_25_BP14,diff,BP,14,comp_rel_diff
S7_16511236,7,33.24039283,3.79154756570697,5.23700420804943,-0.0315295719173417,0.0074858731521174,S7_14686597,7,24.41187922,2.09103310392844,S7_20312115,7,54.97788472,2.14546853165511,rma_te_fit_total_25_BP14,diff,BP,14,comp_rel_diff
S7_32133319,7,99.94477983,6.80178974187544,9.79535580195589,-0.0639499969800756,0.0111018734194442,S7_31429416,7,92.5060333,4.97090958075956,S7_32940091,7,101.9471039,3.70308063802853,rma_te_fit_total_25_BP14,diff,BP,14,comp_rel_diff
S9_6724364,9,34.93391023,9.44317224340343,14.1130795438398,0.0577172229490639,0.00834757602721956,S9_6184858,9,32.79210864,6.21869032910027,S9_7478538,9,36.4077051,7.18074495337559,rma_te_fit_total_25_BP14,diff,BP,14,comp_rel_diff
S7_32133319,7,99.94477983,3.46379105341438,7.4048393681041,0.0529909635821426,0.0131131271803326,S7_16359609,7,32.72868696,1.66082518504824,S7_32940091,7,101.9471039,1.73722751026977,rma_te_fit_total_25_BP14,diff,BP,14,comp_ratio
S9_13387210,9,59.29751876,7.34970957338435,16.5825090578463,-0.332710270961259,0.0550178182013092,S9_13026067,9,58.47173265,1.80880262360402,S9_13868930,9,59.84738764,0,rma_te_fit_total_25_BP14,diff,BP,14,comp_ratio
S9_13868930,9,59.84738764,6.93517929093085,15.5568176718874,0.321863146266819,0.0549506898488746,S9_13387210,9,59.29751876,4.44089209850063e-16,S9_13900821,9,60.08717152,3.1597119738589,rma_te_fit_total_25_BP14,diff,BP,14,comp_ratio
S2_44586954,2,96.05450929,9.17311153467125,13.7335488005306,-17666.2449079519,2597.33197994248,S2_44257418,2,94.71205672,7.26898920609169,S2_44908249,2,97.68940295,7.58193512100951,rma_te_fit_total_26_BP14,diff,BP,14,comp_diff
S5_43714208,5,109.7001758,6.11573051252055,8.77222161528902,15526.5517722203,2856.24082230542,S5_42719546,5,103.4003774,4.26264520592125,S5_44003086,5,115.1315049,3.62094997802751,rma_te_fit_total_26_BP14,diff,BP,14,comp_diff
S7_19532160,7,51.17962841,3.58243125827065,4.96147967128649,10705.2881521907,2618.5891078641,S7_14686597,7,24.41187922,1.8895442025641,S7_21663918,7,60.36847472,1.78388047765601,rma_te_fit_total_26_BP14,diff,BP,14,comp_diff
S7_32133319,7,99.94477983,5.8147231952797,8.30561895140035,20448.6938630682,3865.93168668766,S7_31429416,7,92.5060333,4.052651171542,S7_32940091,7,101.9471039,2.8959315902618,rma_te_fit_total_26_BP14,diff,BP,14,comp_diff
S9_6724364,9,34.93391023,8.53141042000815,12.6578954688261,-18817.2271984241,2881.70473264884,S9_6184858,9,32.79210864,6.52042612107165,S9_7142713,9,35.91474829,7.02822810523512,rma_te_fit_total_26_BP14,diff,BP,14,comp_diff
S2_44586954,2,96.05450929,9.36821397547739,13.963029639883,0.0510939757297156,0.00742309512455668,S2_44257418,2,94.71205672,7.66549271916982,S2_44908249,2,97.68940295,7.75753195759529,rma_te_fit_total_26_BP14,diff,BP,14,comp_rel_diff
S5_43714208,5,109.7001758,6.11189514465618,8.70312209091165,-0.0443543668536637,0.00816213934271572,S5_43240044,5,106.0943485,4.07405343548957,S5_44003086,5,115.1315049,3.67672734703014,rma_te_fit_total_26_BP14,diff,BP,14,comp_rel_diff
S7_16511236,7,33.24039283,3.62032139528154,4.98044437481104,-0.0302714069123081,0.00736382938287544,S7_14686597,7,24.41187922,1.87492190969018,S7_21663918,7,60.36847472,1.75827318762304,rma_te_fit_total_26_BP14,diff,BP,14,comp_rel_diff
S7_32133319,7,99.94477983,6.96281974457241,10.0331529262735,-0.0637193126707568,0.0109208772350013,S7_31429416,7,92.5060333,5.16243462359715,S7_32940091,7,101.9471039,3.88172138238332,rma_te_fit_total_26_BP14,diff,BP,14,comp_rel_diff
S9_6724364,9,34.93391023,9.46534459605092,14.1271614864264,0.0568517625153825,0.0082114837342173,S9_6184858,9,32.79210864,6.23614671830962,S9_7478538,9,36.4077051,7.22924160517565,rma_te_fit_total_26_BP14,diff,BP,14,comp_rel_diff
S3_7095091,3,46.70151328,7.50612221007009,16.0197957927037,0.325770803461299,0.0532477343730613,S3_6422015,3,45.16807388,1.316348984067,S3_7261171,3,47.15534623,0,rma_te_fit_total_26_BP14,diff,BP,14,comp_ratio
S3_7261171,3,47.15534623,8.56479481883442,18.5528888349177,-0.350150398893598,0.0531822022074905,S3_7095091,3,46.70151328,-8.88178419700125e-16,S3_7345986,3,47.38986671,5.50634817257616,rma_te_fit_total_26_BP14,diff,BP,14,comp_ratio
S7_32133319,7,99.94477983,4.40259148383045,8.99918370028905,0.055398902382041,0.0120813944574009,S7_31956171,7,96.48121012,2.07582511951831,S7_33411071,7,104.8359143,1.91772599008128,rma_te_fit_total_26_BP14,diff,BP,14,comp_ratio
S2_44586954,2,96.05450929,9.26775618329122,13.8101472460647,-18436.1956273792,2694.8563394252,S2_44257418,2,94.71205672,7.34243282944004,S2_45043544,2,98.51301522,7.09393644764985,rma_te_fit_total_27_BP14,diff,BP,14,comp_diff
S5_43714208,5,109.7001758,6.11313288078714,8.71539573957429,16105.8284253536,2963.48666491423,S5_42719546,5,103.4003774,4.27484654018921,S5_44003086,5,115.1315049,3.62774418610307,rma_te_fit_total_27_BP14,diff,BP,14,comp_diff
S7_19532160,7,51.17962841,3.73595711591848,5.15384041182524,11354.7487979459,2716.91162784421,S7_14686597,7,24.41187922,1.70543667689529,S7_21663918,7,60.36847472,1.84151806069836,rma_te_fit_total_27_BP14,diff,BP,14,comp_diff
S7_32133319,7,99.94477983,5.83686864263584,8.28961368707064,21260.1347052479,4011.08930013856,S7_31429416,7,92.5060333,4.14040303782196,S7_32940091,7,101.9471039,2.97197516620068,rma_te_fit_total_27_BP14,diff,BP,14,comp_diff
S9_6724364,9,34.93391023,8.60271282703561,12.6995827652075,-19615.0263795327,2989.90669159755,S9_6184858,9,32.79210864,6.5495025030295,S9_7478538,9,36.4077051,6.57600740356809,rma_te_fit_total_27_BP14,diff,BP,14,comp_diff
S2_44586954,2,96.05450929,11.7168045787881,13.878071942466,0.0499005041151965,0.00643453396892135,S2_44257418,2,94.71205672,9.9121425714021,S2_44908249,2,97.68940295,9.67569816469084,rma_te_fit_total_27_BP14,diff,BP,14,comp_rel_diff
S5_5909140,5,40.32890934,5.38827590676412,5.83857869610763,0.0390405803108455,0.007761388583984,S5_5107998,5,37.40304223,3.34095794623562,S5_6876512,5,42.79131694,3.23490437466178,rma_te_fit_total_27_BP14,diff,BP,14,comp_rel_diff
S5_32800961,5,79.00989287,4.14750282408611,4.41761911150973,-0.0319008861572206,0.00729097057141509,62,5,71.02984202,2.14083698727033,87,5,88.39590531,2.17359710169259,rma_te_fit_total_27_BP14,diff,BP,14,comp_rel_diff
S5_43714208,5,109.7001758,7.96004048860634,8.94038479842116,-0.0468075369797128,0.00751994069283031,S5_43329831,5,106.5862469,6.03222218626877,S5_44003086,5,115.1315049,5.47158331410477,rma_te_fit_total_27_BP14,diff,BP,14,comp_rel_diff
S6_33052891,6,73.8397152,4.11203909488353,4.3777031989376,0.0280592855939383,0.00644214038606728,S6_31888552,6,65.16886519,2.46947640579147,S6_33383362,6,78.16213009,2.39424007663867,rma_te_fit_total_27_BP14,diff,BP,14,comp_rel_diff
S7_19532160,7,51.17962841,4.54332351164586,4.86574411916793,-0.0299367986284937,0.00651939740015647,S7_16414980,7,32.98157305,2.80642734990656,S7_20791180,7,57.68635809,3.00305151017572,rma_te_fit_total_27_BP14,diff,BP,14,comp_rel_diff
S7_32133319,7,99.94477983,9.03498817301816,10.3022983226116,-0.0644012037761078,0.00963837138592677,S7_31956171,7,96.48121012,5.57748561312858,S7_32940091,7,101.9471039,4.85890022809243,rma_te_fit_total_27_BP14,diff,BP,14,comp_rel_diff
S9_6724364,9,34.93391023,9.00277344746777,10.2609045477798,0.0478408815014427,0.00717435861780222,S9_6184858,9,32.79210864,6.94082104128257,S9_8182398,9,37.12013546,7.05248956658,rma_te_fit_total_27_BP14,diff,BP,14,comp_rel_diff
S3_7095091,3,46.70151328,7.56378941158464,16.1547781875283,0.309647724791819,0.0503987301169478,S3_6422015,3,45.16807388,1.3417845456986,S3_7261171,3,47.15534623,0,rma_te_fit_total_27_BP14,diff,BP,14,comp_ratio
S3_7261171,3,47.15534623,8.6405929727918,18.7357367261194,-0.333056538689097,0.0503367042304858,S3_7095091,3,46.70151328,4.44089209850063e-16,S3_7345986,3,47.38986671,5.58184059109539,rma_te_fit_total_27_BP14,diff,BP,14,comp_ratio
S7_32133319,7,99.94477983,4.27554556488849,8.72356047351474,0.0516273950005036,0.011434983025362,S7_31956171,7,96.48121012,2.03152019044895,S7_33411071,7,104.8359143,1.84019417346118,rma_te_fit_total_27_BP14,diff,BP,14,comp_ratio
S2_44586954,2,96.05450929,11.7038734174436,13.9164271223059,-19028.0236235455,2455.19319842012,S2_44257418,2,94.71205672,9.92010903017634,S2_44908249,2,97.68940295,9.83701962480268,rma_te_fit_total_28_BP14,diff,BP,14,comp_diff
S5_5909140,5,40.32890934,5.36702328280867,5.83742089603779,-14864.9222120785,2961.47453004859,S5_5107998,5,37.40304223,3.40614427348759,S5_6876512,5,42.79131694,3.15171666998978,rma_te_fit_total_28_BP14,diff,BP,14,comp_diff
S5_32800961,5,79.00989287,4.2127505596027,4.50937799326422,12273.1594076626,2781.97946320273,62,5,71.02984202,2.18201125176317,87,5,88.39590531,2.23966562499606,rma_te_fit_total_28_BP14,diff,BP,14,comp_diff
S5_43714208,5,109.7001758,7.88703023528565,8.88521379909144,17768.921383042,2869.3464562834,S5_43329831,5,106.5862469,6.10833678720035,S5_44003086,5,115.1315049,5.42603569063836,rma_te_fit_total_28_BP14,diff,BP,14,comp_diff
S6_33052891,6,73.8397152,4.10575089662264,4.38836018235664,-10697.7889759597,2458.09554126751,S6_31888552,6,65.16886519,2.39226533273602,S6_33383362,6,78.16213009,2.34778865401146,rma_te_fit_total_28_BP14,diff,BP,14,comp_diff
S7_19532160,7,51.17962841,4.71527128041941,5.082450366322,11650.8265607756,2487.5741167849,S7_17849585,7,42.46452593,3.00926726004276,S7_20791180,7,57.68635809,3.13463637834147,rma_te_fit_total_28_BP14,diff,BP,14,comp_diff
S7_32133319,7,99.94477983,8.79101729403112,10.0302351794011,24197.5794088952,3677.66554421367,S7_31429416,7,92.5060333,6.93800926757349,S7_32940091,7,101.9471039,4.79554631109887,rma_te_fit_total_28_BP14,diff,BP,14,comp_diff
S9_6724364,9,34.93391023,8.82726469652851,10.0767346737276,-18053.2627287605,2737.48441869016,S9_6184858,9,32.79210864,6.8094589425775,S9_8182398,9,37.12013546,6.96308446715231,rma_te_fit_total_28_BP14,diff,BP,14,comp_diff
S2_44586954,2,96.05450929,11.7765333204588,13.8804951819143,0.0484727015236881,0.00623189714061884,S2_44257418,2,94.71205672,9.97053631451046,S2_44908249,2,97.68940295,9.88692865401367,rma_te_fit_total_28_BP14,diff,BP,14,comp_rel_diff
S5_5909140,5,40.32890934,5.47691723834602,5.90779332635665,0.0381443063356318,0.00751696635022502,S5_5107998,5,37.40304223,3.47441087917248,S5_6876512,5,42.79131694,3.22431728889165,rma_te_fit_total_28_BP14,diff,BP,14,comp_rel_diff
S5_32800961,5,79.00989287,4.26408906520204,4.52297580893408,-0.0313527128469834,0.0070613627771328,62,5,71.02984202,2.20128372346205,87,5,88.39590531,2.25745597986758,rma_te_fit_total_28_BP14,diff,BP,14,comp_rel_diff
S5_43714208,5,109.7001758,7.96486751290276,8.89501129498978,-0.0453487493654848,0.0072831221542418,S5_43329831,5,106.5862469,6.14939092486066,S5_44003086,5,115.1315049,5.46975159080653,rma_te_fit_total_28_BP14,diff,BP,14,comp_rel_diff
S6_33052891,6,73.8397152,4.22128410922124,4.47492709797206,0.0275550252942853,0.00623926401590322,S6_31888552,6,65.16886519,2.47102999572553,S6_33383362,6,78.16213009,2.41696502426105,rma_te_fit_total_28_BP14,diff,BP,14,comp_rel_diff
S7_19532160,7,51.17962841,4.73267470035122,5.05262428666802,-0.0296308155266233,0.00631408804628686,S7_17849585,7,42.46452593,3.11890382281662,S7_20791180,7,57.68635809,3.13657854090673,rma_te_fit_total_28_BP14,diff,BP,14,comp_rel_diff
S7_32133319,7,99.94477983,8.97562265083497,10.1672926653466,-0.0621418196319354,0.00933483906842263,S7_31429416,7,92.5060333,7.11144509013614,S7_32940091,7,101.9471039,4.90012416049819,rma_te_fit_total_28_BP14,diff,BP,14,comp_rel_diff
S9_6724364,9,34.93391023,9.00486480574578,10.2046220353185,0.0463403372903204,0.00694842317594459,S9_6184858,9,32.79210864,6.94537093408432,S9_8182398,9,37.12013546,7.10393927723376,rma_te_fit_total_28_BP14,diff,BP,14,comp_rel_diff
S3_7095091,3,46.70151328,7.46682980838191,16.0465910277217,0.290211473367621,0.0475732379467503,S3_6422015,3,45.16807388,1.33641730648804,S3_7261171,3,47.15534623,0,rma_te_fit_total_28_BP14,diff,BP,14,comp_ratio
S3_7261171,3,47.15534623,8.5381648996365,18.6268987439037,-0.31229040869092,0.0475146894029939,S3_7095091,3,46.70151328,0,S3_7345986,3,47.38986671,5.56217780274275,rma_te_fit_total_28_BP14,diff,BP,14,comp_ratio
S7_32133319,7,99.94477983,4.01917198236529,8.23336114267641,0.0471658536616313,0.0107939062575639,S7_31956171,7,96.48121012,1.91213753356889,S7_33411071,7,104.8359143,1.71514993952429,rma_te_fit_total_28_BP14,diff,BP,14,comp_ratio
S2_44586954,2,96.05450929,11.6027629164134,13.8191645318739,-19143.5662929497,2482.62966269091,S2_44257418,2,94.71205672,9.83651899034119,S2_44908249,2,97.68940295,9.88938311189773,rma_te_fit_total_29_BP14,diff,BP,14,comp_diff
S5_5909140,5,40.32890934,5.35399563505204,5.84030191899505,-15011.4253800344,2994.56862227108,S5_5107998,5,37.40304223,3.45274568896556,S5_6876512,5,42.79131694,3.06891237567356,rma_te_fit_total_29_BP14,diff,BP,14,comp_diff
S5_32800961,5,79.00989287,4.25673795156633,4.57340593694434,12478.7210254256,2813.06772142752,62,5,71.02984202,2.16479705997825,87,5,88.39590531,2.31664211731177,rma_te_fit_total_29_BP14,diff,BP,14,comp_diff
S5_43714208,5,109.7001758,7.84103625788974,8.85515018867618,17909.2432829862,2901.41102927871,S5_43329831,5,106.5862469,6.22901399253425,S5_44003086,5,115.1315049,5.36421560217328,rma_te_fit_total_29_BP14,diff,BP,14,comp_diff
S6_33052891,6,73.8397152,4.21565454086101,4.52669842537002,-10969.4744413439,2485.56443884167,S6_31888552,6,65.16886519,2.36045062620645,S6_33383362,6,78.16213009,2.35713638226962,rma_te_fit_total_29_BP14,diff,BP,14,comp_diff
S7_19532160,7,51.17962841,4.86526166679632,5.27135521164439,11979.3554352908,2515.37243360169,S7_17849585,7,42.46452593,2.97467286650244,S7_20312115,7,54.97788472,3.35528719358365,rma_te_fit_total_29_BP14,diff,BP,14,comp_diff
S7_32133319,7,99.94477983,8.57677830571494,9.78666713132419,24131.5889979558,3718.76297775522,S7_31429416,7,92.5060333,6.88012152860131,S7_32940091,7,101.9471039,4.72016252195065,rma_te_fit_total_29_BP14,diff,BP,14,comp_diff
S9_6724364,9,34.93391023,8.69421091918981,9.93707327532813,-18099.9419714571,2768.07545058678,S9_6184858,9,32.79210864,6.73554350647628,S9_8182398,9,37.12013546,6.9242579602537,rma_te_fit_total_29_BP14,diff,BP,14,comp_diff
S2_44586954,2,96.05450929,11.6532540495377,13.8010544901694,0.0469383941491746,0.00607180948320438,S2_44257418,2,94.71205672,9.87246619793413,S2_44908249,2,97.68940295,9.92597848863381,rma_te_fit_total_29_BP14,diff,BP,14,comp_rel_diff
S5_5909140,5,40.32890934,5.42394170855527,5.88472086622625,0.036970672926046,0.00732386728155981,S5_5107998,5,37.40304223,3.49684958462491,S5_6876512,5,42.79131694,3.11383115311399,rma_te_fit_total_29_BP14,diff,BP,14,comp_rel_diff
S5_32800961,5,79.00989287,4.29106285473165,4.5831664643073,-0.0306494831490053,0.00687996744925153,62,5,71.02984202,2.17774091200954,87,5,88.39590531,2.32949898983886,rma_te_fit_total_29_BP14,diff,BP,14,comp_rel_diff
S5_43714208,5,109.7001758,7.89289127381216,8.86352672356834,-0.0439615188775701,0.00709603017598425,S5_43329831,5,106.5862469,6.25870921532852,S5_44003086,5,115.1315049,5.39360077749157,rma_te_fit_total_29_BP14,diff,BP,14,comp_rel_diff
S6_33052891,6,73.8397152,4.28973583670074,4.58166516654517,0.0270767697901821,0.00607898711502402,S6_31888552,6,65.16886519,2.40901760744219,S6_33383362,6,78.16213009,2.40054260295747,rma_te_fit_total_29_BP14,diff,BP,14,comp_rel_diff
S7_19532160,7,51.17962841,4.8799783208887,5.25478023660555,-0.0293453793563306,0.0061518890334934,S7_17849585,7,42.46452593,3.04207796086288,S7_20312115,7,54.97788472,3.36152324069824,rma_te_fit_total_29_BP14,diff,BP,14,comp_rel_diff
S7_32133319,7,99.94477983,8.69199857243866,9.87112282705134,-0.059462330813257,0.00909504170253471,S7_31429416,7,92.5060333,6.98914197891073,S7_32940091,7,101.9471039,4.78581126251532,rma_te_fit_total_29_BP14,diff,BP,14,comp_rel_diff
S9_6724364,9,34.93391023,8.8060488949146,10.0167160326353,0.0445862304904242,0.00676992908917426,S9_6184858,9,32.79210864,6.82145563216837,S9_8182398,9,37.12013546,7.01369655055935,rma_te_fit_total_29_BP14,diff,BP,14,comp_rel_diff
S3_7095091,3,46.70151328,7.30654622340691,15.8794232377729,0.271056099202948,0.0449683041272723,S3_6422015,3,45.16807388,1.31513900359454,S3_7261171,3,47.15534623,0,rma_te_fit_total_29_BP14,diff,BP,14,comp_ratio
S3_7261171,3,47.15534623,8.35110165133366,18.4173788133178,-0.291555283181673,0.0449129614843184,S3_7095091,3,46.70151328,-4.44089209850063e-16,S3_7345986,3,47.38986671,5.49973414390971,rma_te_fit_total_29_BP14,diff,BP,14,comp_ratio
S7_32133319,7,99.94477983,3.61700775453777,7.46850875652492,0.0421769042471028,0.0102028720402572,S7_21382321,7,58.88080626,2.00828344150855,S7_33411071,7,104.8359143,1.53719686515054,rma_te_fit_total_29_BP14,diff,BP,14,comp_ratio
S2_44586954,2,96.05450929,11.1840810580244,12.30823465304,-18095.719284079,2404.8783221216,S2_44257418,2,94.71205672,9.1571853230283,S2_44908249,2,97.68940295,9.37799254503827,rma_te_fit_total_30_BP14,diff,BP,14,comp_diff
S3_10844641,3,53.40431196,3.18964181013941,3.13896614430737,-9457.63566002967,2488.88255967691,S3_7095091,3,46.70151328,1.670002347107,S3_15496244,3,64.25922531,1.30216367316635,rma_te_fit_total_30_BP14,diff,BP,14,comp_diff
S5_5909140,5,40.32890934,5.81788504989242,5.93723705975869,-15093.697748749,2888.14235091765,S5_5107998,5,37.40304223,3.71565650068985,S5_6876512,5,42.79131694,3.54399625449376,rma_te_fit_total_30_BP14,diff,BP,14,comp_diff
S5_32800961,5,79.00989287,4.86425180880858,4.89880859687582,12886.148724731,2714.51999214847,63,5,71.92483855,2.72495898317747,78,5,82.14795514,3.02413202588522,rma_te_fit_total_30_BP14,diff,BP,14,comp_diff
S5_43714208,5,109.7001758,6.81682197201646,7.05415212663593,16135.1548324917,2832.47357826176,S5_43240044,5,106.0943485,5.02445295651169,S5_43769059,5,111.9145952,4.45373013668897,rma_te_fit_total_30_BP14,diff,BP,14,comp_diff
S6_33052891,6,73.8397152,4.67915669887458,4.70034533526762,-11145.4610687299,2396.89106558906,S6_32411928,6,68.72506699,2.07637474038003,S6_33383362,6,78.16213009,2.76477087435446,rma_te_fit_total_30_BP14,diff,BP,14,comp_diff
S7_19532160,7,51.17962841,5.06873697411114,5.11922237308611,11780.490318712,2427.59654022561,S7_19153030,7,49.2934369,3.09852100654058,S7_20791180,7,57.68635809,3.49375276629809,rma_te_fit_total_30_BP14,diff,BP,14,comp_diff
S7_32133319,7,99.94477983,8.68999772854848,9.23180540934964,23372.7110144909,3586.58319528079,S7_31178325,7,89.28412826,5.66506042572146,S7_32940091,7,101.9471039,5.05198401267136,rma_te_fit_total_30_BP14,diff,BP,14,comp_diff
S9_6724364,9,34.93391023,8.71877832079585,9.26613363290466,-17440.4546226245,2671.30614229362,S9_6184858,9,32.79210864,6.7667638581155,S9_8182398,9,37.12013546,7.11034167646795,rma_te_fit_total_30_BP14,diff,BP,14,comp_diff
S2_44586954,2,96.05450929,11.1976202188752,12.3060646727119,0.0431389823958237,0.00572904996084643,S2_44257418,2,94.71205672,9.1668268074866,S2_44908249,2,97.68940295,9.38804269973266,rma_te_fit_total_30_BP14,diff,BP,14,comp_rel_diff
S3_10844641,3,53.40431196,3.18895205537899,3.13330685089638,0.022528021959973,0.00592917005401299,S3_7095091,3,46.70151328,1.68033728615134,S3_15496244,3,64.25922531,1.30018509747671,rma_te_fit_total_30_BP14,diff,BP,14,comp_rel_diff
S5_5909140,5,40.32890934,5.8363323273207,5.9481919067206,0.0360187198175392,0.00688031143623366,S5_5107998,5,37.40304223,3.72725944247978,S5_6876512,5,42.79131694,3.55595723169829,rma_te_fit_total_30_BP14,diff,BP,14,comp_rel_diff
S5_32800961,5,79.00989287,4.87380377648214,4.90133315307582,-0.0307303388027544,0.00646669750884332,63,5,71.92483855,2.73009665998207,78,5,82.14795514,3.03084932917676,rma_te_fit_total_30_BP14,diff,BP,14,comp_rel_diff
S5_43714208,5,109.7001758,6.82986506427137,7.05778488102681,-0.0384784233104369,0.00674769384104355,S5_43240044,5,106.0943485,5.03123607721472,S5_43769059,5,111.9145952,4.46190748090232,rma_te_fit_total_30_BP14,diff,BP,14,comp_rel_diff
S6_33052891,6,73.8397152,4.6989653453731,4.71408864933634,0.0266111940197801,0.00571002222405654,S6_32411928,6,68.72506699,2.0870979504847,S6_33383362,6,78.16213009,2.77650825403701,rma_te_fit_total_30_BP14,diff,BP,14,comp_rel_diff
S7_19532160,7,51.17962841,5.07332285507925,5.11609584255171,-0.0280777975252018,0.00578317070589288,S7_19153030,7,49.2934369,3.1154392434703,S7_20791180,7,57.68635809,3.49522650228104,rma_te_fit_total_30_BP14,diff,BP,14,comp_rel_diff
S7_32133319,7,99.94477983,8.71922148295682,9.25204381034536,-0.0557849363333534,0.00854418043752357,S7_31178325,7,89.28412826,5.66194044770486,S7_32940091,7,101.9471039,5.06904660946397,rma_te_fit_total_30_BP14,diff,BP,14,comp_rel_diff
S9_6724364,9,34.93391023,8.74723844688752,9.28543457223655,0.0416238235661641,0.006363750801502,S9_6184858,9,32.79210864,6.78869860804629,S9_8182398,9,37.12013546,7.13348903978974,rma_te_fit_total_30_BP14,diff,BP,14,comp_rel_diff
S3_7095091,3,46.70151328,6.3798885230508,15.1666160632639,0.24899499708244,0.0443601391703254,S3_6422015,3,45.16807388,0.977840240548889,S3_7261171,3,47.15534623,0,rma_te_fit_total_30_BP14,diff,BP,14,comp_ratio
S3_7261171,3,47.15534623,7.23332775810801,17.4015593349846,-0.26631297760826,0.0442939970472779,S3_7095091,3,46.70151328,-3.33066907387547e-16,S3_7345986,3,47.38986671,4.99717370287554,rma_te_fit_total_30_BP14,diff,BP,14,comp_ratio
S2_44586954,2,96.05450929,10.6229813964512,14.8800897739833,-19275.8812232538,2607.64466534812,S2_44257418,2,94.71205672,8.17350137245589,S2_44908249,2,97.68940295,8.91467549265918,rma_te_fit_total_31_BP14,diff,BP,14,comp_diff
S3_7345986,3,47.38986671,3.73984836642246,4.73456671292001,-10974.4033787631,2631.95066590244,S3_6422015,3,45.16807388,1.09584621077921,S3_12927099,3,57.64133659,1.68625266178332,rma_te_fit_total_31_BP14,diff,BP,14,comp_diff
S5_43329831,5,106.5862469,7.30317005772264,9.73887119606939,17367.577998689,2904.16904760882,S5_42366438,5,102.9057427,5.39943299239106,S5_43769059,5,111.9145952,3.63994436165378,rma_te_fit_total_31_BP14,diff,BP,14,comp_diff
S7_19532160,7,51.17962841,5.25894598994092,6.80615668807831,13245.6854372326,2649.47856935722,S7_19153030,7,49.2934369,3.32710815685894,S7_22295410,7,62.6273757,3.4050030292617,rma_te_fit_total_31_BP14,diff,BP,14,comp_diff
S7_32133319,7,99.94477983,6.10534296102449,7.99978954996278,21055.0792801474,3884.67370048942,S7_30920014,7,88.13270507,3.62657334087422,S7_32940091,7,101.9471039,4.42027410780617,rma_te_fit_total_31_BP14,diff,BP,14,comp_diff
S9_6724364,9,34.93391023,6.44901868311085,8.49271688158601,-16793.3808331781,3007.12692403917,S9_5686516,9,31.99307473,4.93163827883404,S9_8182398,9,37.12013546,4.75812339115045,rma_te_fit_total_31_BP14,diff,BP,14,comp_diff
S2_44586954,2,96.05450929,10.6229813964512,14.8800897739832,0.0451559830765586,0.00610870948074152,S2_44257418,2,94.71205672,8.17350137245591,S2_44908249,2,97.68940295,8.91467549265919,rma_te_fit_total_31_BP14,diff,BP,14,comp_rel_diff
S3_7345986,3,47.38986671,3.73984836642246,4.73456671292001,0.0257088102747245,0.00616564910062079,S3_6422015,3,45.16807388,1.09584621077918,S3_12927099,3,57.64133659,1.6862526617834,rma_te_fit_total_31_BP14,diff,BP,14,comp_rel_diff
S5_43329831,5,106.5862469,7.30317005772259,9.73887119606935,-0.0406855618742618,0.00680335217085097,S5_42366438,5,102.9057427,5.39943299239103,S5_43769059,5,111.9145952,3.63994436165376,rma_te_fit_total_31_BP14,diff,BP,14,comp_rel_diff
S7_19532160,7,51.17962841,5.25894598994097,6.80615668807839,-0.0310295514126504,0.00620671024343468,S7_19153030,7,49.2934369,3.32710815685899,S7_22295410,7,62.6273757,3.40500302926172,rma_te_fit_total_31_BP14,diff,BP,14,comp_rel_diff
S7_32133319,7,99.94477983,6.10534296102448,7.99978954996276,-0.0493239604788065,0.00910029782013991,S7_30920014,7,88.13270507,3.62657334087416,S7_32940091,7,101.9471039,4.42027410780612,rma_te_fit_total_31_BP14,diff,BP,14,comp_rel_diff
S9_6724364,9,34.93391023,6.44901868311083,8.492716881586,0.0393404385469226,0.00704454291444607,S9_5686516,9,31.99307473,4.93163827883395,S9_8182398,9,37.12013546,4.75812339115041,rma_te_fit_total_31_BP14,diff,BP,14,comp_rel_diff
S2_44586954,2,96.05450929,4.33727217342039,8.47388946539001,-0.0264504579110706,0.00582754355353081,S2_43100924,2,89.4251276,2.78488509543957,S2_45322381,2,101.3191103,2.46211853554246,rma_te_fit_total_31_BP14,diff,BP,14,comp_ratio
S5_43329831,5,106.5862469,3.2113028172098,6.1726647221688,0.0248166653347445,0.00640620467957875,S5_34757068,5,84.36015726,1.21565349931703,S5_43769059,5,111.9145952,0.488178845517615,rma_te_fit_total_31_BP14,diff,BP,14,comp_ratio
S7_19036596,7,49.05801824,6.91582140034462,14.0297837404732,-0.214054881552201,0.036651637154982,S7_18926544,7,48.34846759,2.85469622458535,S7_19236553,7,49.76776198,0,rma_te_fit_total_31_BP14,diff,BP,14,comp_ratio
S7_19236553,7,49.76776198,8.16427904142873,16.8696731378852,0.234714210315064,0.0366504895807419,S7_19153030,7,49.2934369,0.180306536874437,S7_19338119,7,50.48837552,5.41153762998717,rma_te_fit_total_31_BP14,diff,BP,14,comp_ratio
S2_44586954,2,96.05450929,10.5533784452668,13.6038766832365,-18214.3710416605,2480.64437800731,S2_44257418,2,94.71205672,8.04964765572626,S2_44908249,2,97.68940295,8.87445234730377,rma_te_fit_total_32_BP14,diff,BP,14,comp_diff
S3_7095091,3,46.70151328,4.1583396570339,4.8761686581086,48225.1398090638,10970.2319153392,S3_6422015,3,45.16807388,1.98279693704969,S3_7261171,3,47.15534623,1.80922934174166,rma_te_fit_total_32_BP14,diff,BP,14,comp_diff
S3_7345986,3,47.38986671,6.07641470752529,7.32841757194342,-59119.3923092708,10969.9975452489,S3_7261171,3,47.15534623,3.3201497871613,S3_7475161,3,47.62432066,2.24505106157714,rma_te_fit_total_32_BP14,diff,BP,14,comp_diff
S5_43329831,5,106.5862469,7.46984395958123,9.19620095222698,16616.614562167,2752.45351155268,S5_42366438,5,102.9057427,5.50772114223123,S5_43769059,5,111.9145952,3.23387753127062,rma_te_fit_total_32_BP14,diff,BP,14,comp_diff
S7_20770814,7,57.44453059,4.80780601420452,5.69148816785246,11750.5499686783,2474.15525137307,S7_18223567,7,43.92895216,2.82381468802158,S7_23514171,7,64.2937392,3.15633471635698,rma_te_fit_total_32_BP14,diff,BP,14,comp_diff
S7_32133319,7,99.94477983,6.68302490776928,8.13238956340476,20819.9667008181,3667.35216692356,S7_31178325,7,89.28412826,4.48759924927059,S7_32940091,7,101.9471039,4.45895406659805,rma_te_fit_total_32_BP14,diff,BP,14,comp_diff
S9_6724364,9,34.93391023,6.89996943605774,8.42332083624328,-16496.6519283274,2855.19525013137,S9_5686516,9,31.99307473,5.2597168829884,S9_7478538,9,36.4077051,5.11572107957629,rma_te_fit_total_32_BP14,diff,BP,14,comp_diff
S2_44586954,2,96.05450929,10.5533784452668,13.6038766832365,0.0419774946197424,0.00571698225500756,S2_44257418,2,94.71205672,8.0496476557262,S2_44908249,2,97.68940295,8.87445234730383,rma_te_fit_total_32_BP14,diff,BP,14,comp_rel_diff
S3_7095091,3,46.70151328,4.1583396570339,4.87616865810862,-0.111141391719818,0.0252823910389331,S3_6422015,3,45.16807388,1.98279693704967,S3_7261171,3,47.15534623,1.80922934174165,rma_te_fit_total_32_BP14,diff,BP,14,comp_rel_diff
S3_7345986,3,47.38986671,6.07641470752523,7.32841757194333,0.136248677865883,0.0252818509011932,S3_7261171,3,47.15534623,3.32014978716125,S3_7475161,3,47.62432066,2.24505106157697,rma_te_fit_total_32_BP14,diff,BP,14,comp_rel_diff
S5_43329831,5,106.5862469,7.46984395958131,9.19620095222709,-0.0382952475705201,0.00634340336034798,S5_42366438,5,102.9057427,5.50772114223128,S5_43769059,5,111.9145952,3.23387753127063,rma_te_fit_total_32_BP14,diff,BP,14,comp_rel_diff
S7_20770814,7,57.44453059,4.80780601420452,5.69148816785247,-0.0270807400903941,0.00570202718037156,S7_18223567,7,43.92895216,2.82381468802156,S7_23514171,7,64.2937392,3.15633471635697,rma_te_fit_total_32_BP14,diff,BP,14,comp_rel_diff
S7_32133319,7,99.94477983,6.68302490776927,8.13238956340474,-0.0479824440914173,0.00845191170771827,S7_31178325,7,89.28412826,4.48759924927063,S7_32940091,7,101.9471039,4.45895406659807,rma_te_fit_total_32_BP14,diff,BP,14,comp_rel_diff
S9_6724364,9,34.93391023,6.89996943605773,8.42332083624326,0.0380187773698717,0.00658018566639332,S9_5686516,9,31.99307473,5.25971688298842,S9_7478538,9,36.4077051,5.11572107957619,rma_te_fit_total_32_BP14,diff,BP,14,comp_rel_diff
S7_19036596,7,49.05801824,6.93554967294848,17.1634270177777,-0.227522146617443,0.0386411328961702,S7_19017756,7,48.58182999,4.63608718508488,S7_19236553,7,49.76776198,2.22044604925031e-16,rma_te_fit_total_32_BP14,diff,BP,14,comp_ratio
S7_19236553,7,49.76776198,7.82619610509109,19.6245776211458,0.243670687577043,0.0387018127799606,S7_19153030,7,49.2934369,0.0105140927985935,S7_19338119,7,50.48837552,5.09803471022035,rma_te_fit_total_32_BP14,diff,BP,14,comp_ratio
S2_44586954,2,96.05450929,7.43804409827258,11.0634378225878,-16142.6140187583,2667.36795525911,S2_42025292,2,84.60658262,4.04404189274165,S2_44908249,2,97.68940295,5.79098787965087,rma_te_fit_total_33_BP14,diff,BP,14,comp_diff
S3_7095091,3,46.70151328,4.38418333570664,6.18676468674425,49216.5514466911,10875.1059669254,S3_1949745,3,12.84858208,2.82923098948306,S3_7261171,3,47.15534623,0.920508380537427,rma_te_fit_total_33_BP14,diff,BP,14,comp_diff
S3_7345986,3,47.38986671,6.15605294945695,8.95556561304661,-59212.7947694894,10874.8472676656,S3_7095091,3,46.70151328,0,S3_7475161,3,47.62432066,2.20514149439274,rma_te_fit_total_33_BP14,diff,BP,14,comp_diff
S5_43329831,5,106.5862469,7.31850450239812,10.8630544110716,17784.1730834928,2965.59482767751,S5_42719546,5,103.4003774,5.58963553809737,S5_43706919,5,109.5147878,5.65828681587803,rma_te_fit_total_33_BP14,diff,BP,14,comp_diff
S7_17158322,7,34.01418318,3.40695550325788,4.72831724599934,10463.1257801377,2644.61379350522,S7_9691609,7,9.989300124,1.79355417309982,S7_23514171,7,64.2937392,1.85552438213042,rma_te_fit_total_33_BP14,diff,BP,14,comp_diff
S7_32133319,7,99.94477983,7.17496651333355,10.6234964498287,22061.6081336969,3720.12509712232,S7_31956171,7,96.48121012,4.25432586575022,S7_32940091,7,101.9471039,5.38494227801174,rma_te_fit_total_33_BP14,diff,BP,14,comp_diff
S9_6724364,9,34.93391023,6.84370891262976,10.0750037508169,-17188.8744653766,2976.3153769577,S9_5686516,9,31.99307473,5.10778815890272,S9_7478538,9,36.4077051,4.85590575446709,rma_te_fit_total_33_BP14,diff,BP,14,comp_diff
S2_44586954,2,96.05450929,7.4380440982725,11.0634378225877,0.0370337034775084,0.00611936293624347,S2_42025292,2,84.60658262,4.04404189274162,S2_44908249,2,97.68940295,5.79098787965087,rma_te_fit_total_33_BP14,diff,BP,14,comp_rel_diff
S3_7095091,3,46.70151328,4.38418333570665,6.18676468674428,-0.112910534213622,0.0249492089197941,S3_1949745,3,12.84858208,2.82923098948311,S3_7261171,3,47.15534623,0.920508380537512,rma_te_fit_total_33_BP14,diff,BP,14,comp_rel_diff
S3_7345986,3,47.38986671,6.15605294945689,8.95556561304653,0.135843493564279,0.0249486154228756,S3_7095091,3,46.70151328,0,S3_7475161,3,47.62432066,2.20514149439271,rma_te_fit_total_33_BP14,diff,BP,14,comp_rel_diff
S5_43329831,5,106.5862469,7.31850450239802,10.8630544110715,-0.0407996989707756,0.0068035424346403,S5_42719546,5,103.4003774,5.58963553809737,S5_43706919,5,109.5147878,5.65828681587804,rma_te_fit_total_33_BP14,diff,BP,14,comp_rel_diff
S7_17158322,7,34.01418318,3.40695550325783,4.72831724599926,-0.0240040613706812,0.00606716129911743,S7_9691609,7,9.989300124,1.79355417309984,S7_23514171,7,64.2937392,1.85552438213046,rma_te_fit_total_33_BP14,diff,BP,14,comp_rel_diff
S7_32133319,7,99.94477983,7.17496651333345,10.6234964498285,-0.050612809852909,0.00853455391958027,S7_31956171,7,96.48121012,4.2543258657502,S7_32940091,7,101.9471039,5.38494227801174,rma_te_fit_total_33_BP14,diff,BP,14,comp_rel_diff
S9_6724364,9,34.93391023,6.84370891262974,10.0750037508169,0.0394339900169302,0.00682813706613537,S9_5686516,9,31.99307473,5.10778815890266,S9_7478538,9,36.4077051,4.85590575446707,rma_te_fit_total_33_BP14,diff,BP,14,comp_rel_diff
S3_7095091,3,46.70151328,6.86088751410386,19.9464303203174,0.216015597177316,0.0366532436639026,S3_6422015,3,45.16807388,1.34732165335533,S3_7261171,3,47.15534623,3.33066907387547e-16,rma_te_fit_total_33_BP14,diff,BP,14,comp_ratio
S3_7261171,3,47.15534623,7.43243060575501,21.8233707529468,-0.22548762391607,0.0365781461498197,S3_7095091,3,46.70151328,-2.22044604925031e-16,S3_7345986,3,47.38986671,5.12684900493913,rma_te_fit_total_33_BP14,diff,BP,14,comp_ratio
