S2_44257418,2,94.71205672,5.10390171476542,14.8088008894513,1518.06092161637,301.348510187871,S2_43563669,2,90.6458407,3.18700549323114,S2_44752288,2,96.94547487,3.41132732426442,sv_area_day_17_BP14,dry,BP,14,raw
S5_43769059,5,111.9145952,5.95677636524466,17.6299106709042,-1722.23345545474,313.333449967463,S5_35318061,5,85.14836478,3.88398131004101,S5_44163859,5,116.340362,4.14435362241816,sv_area_day_17_BP14,dry,BP,14,raw
S9_6724364,9,34.93391023,4.21163728399578,11.9703083982983,1680.16469730204,370.970162730461,S9_6184858,9,32.79210864,2.35101869452375,S9_8279734,9,37.58932098,2.60067428616072,sv_area_day_17_BP14,dry,BP,14,raw
S2_44257418,2,94.71205672,8.57300210125387,14.0950640545952,2115.23403025434,322.403481638439,S2_44073549,2,93.52620611,6.76964866224174,S2_45383324,2,101.8130854,6.9700772209437,sv_area_day_18_BP14,dry,BP,14,raw
S5_43714262,5,109.7001769,6.34751155572816,10.1234101105281,-1951.63820557807,351.002913247919,S5_42251884,5,101.3829046,3.78622450948506,S5_44163859,5,116.340362,4.28623241821231,sv_area_day_18_BP14,dry,BP,14,raw
S7_31956171,7,96.48121012,4.94983497796851,7.74606890086795,-1943.28681950245,399.549923972419,S7_31178325,7,89.28412826,3.07708632161252,S7_32940091,7,101.9471039,2.37308547361904,sv_area_day_18_BP14,dry,BP,14,raw
S9_6184858,9,32.79210864,8.75487136724343,14.4300896625952,2360.00553471654,355.511236487359,S9_5633611,9,31.52841363,6.89969290247421,S9_9448732,9,40.40441084,5.94360144966997,sv_area_day_18_BP14,dry,BP,14,raw
S2_44257418,2,94.71205672,8.36145073185328,13.6307489667472,2562.16375642168,396.008421395012,S2_44073549,2,93.52620611,6.52598304157376,S2_45521748,2,102.3964732,6.83367724552882,sv_area_day_19_BP14,dry,BP,14,raw
S5_43714262,5,109.7001769,6.09334589639733,9.63038221061963,-2344.65950914053,431.137123190999,S5_42251884,5,101.3829046,3.43137274237525,S5_44163859,5,116.340362,4.46220403233458,sv_area_day_19_BP14,dry,BP,14,raw
S7_31956171,7,96.48121012,4.94450682305938,7.69391655423781,-2385.56958373654,490.767450328769,S7_31178325,7,89.28412826,3.1419595639141,S7_32940091,7,101.9471039,2.36493677737666,sv_area_day_19_BP14,dry,BP,14,raw
S9_6184858,9,32.79210864,9.53534513913168,15.7974529703168,3041.5444516988,436.674699770867,S9_5633611,9,31.52841363,7.39547279984077,S9_9022705,9,39.59727801,7.93898202539474,sv_area_day_19_BP14,dry,BP,14,raw
S2_45043544,2,98.51301522,7.96989002065594,12.7566368149076,3019.01566449055,479.229152180172,S2_44209808,2,93.99718694,6.03159831043306,S2_45980428,2,106.3362737,4.16038716888128,sv_area_day_20_BP14,dry,BP,14,raw
S5_43866387,5,112.9382883,5.18462413615255,7.98968566704294,-2526.87295854942,506.832574100688,S5_36742284,5,89.1281049,3.63029163147044,S5_44418942,5,120.9842738,3.19001291546336,sv_area_day_20_BP14,dry,BP,14,raw
S7_31956171,7,96.48121012,5.98095131667502,9.31691083412587,-3189.02932524923,592.33650895839,S7_31494503,7,93.27304403,4.30623476743556,S7_32940091,7,101.9471039,2.91890676055165,sv_area_day_20_BP14,dry,BP,14,raw
S9_6184858,9,32.79210864,11.4132467349661,19.1570010527108,4060.85859229204,526.017343019966,S9_5633611,9,31.52841363,8.83098024445501,S9_8378425,9,38.05852079,9.77494946421884,sv_area_day_20_BP14,dry,BP,14,raw
S2_45043544,2,98.51301522,8.122069967238,12.889895943938,3628.48067587402,569.957759644039,S2_44209808,2,93.99718694,5.87306444873132,S2_45980428,2,106.3362737,4.33970464673061,sv_area_day_21_BP14,dry,BP,14,raw
S5_43866387,5,112.9382883,5.31810251896994,8.12357529120411,-3046.45665973699,602.787115798089,S5_36742284,5,89.1281049,3.77845861545418,S5_44418942,5,120.9842738,3.4009238044537,sv_area_day_21_BP14,dry,BP,14,raw
S7_31956171,7,96.48121012,5.60102993363775,8.58862346690363,-3660.8940735444,704.478824097846,S7_31494503,7,93.27304403,4.06202727746508,S7_32940091,7,101.9471039,2.72712470587782,sv_area_day_21_BP14,dry,BP,14,raw
S9_6184858,9,32.79210864,12.0750581168192,20.239556418132,4990.65373212247,625.603982974837,S9_5686516,9,31.99307473,10.4857520336838,S9_8378425,9,38.05852079,10.334853967104,sv_area_day_21_BP14,dry,BP,14,raw
S2_45043544,2,98.51301522,8.31181944045388,13.0894323418763,4320.59708041383,670.010999158504,S2_44209808,2,93.99718694,5.7954549144665,S2_45980428,2,106.3362737,4.58781530492281,sv_area_day_22_BP14,dry,BP,14,raw
S5_43866387,5,112.9382883,5.35300468029931,8.09665160451554,-3593.82874363895,708.603384903446,S5_36742284,5,89.1281049,3.85173679976861,S5_44418942,5,120.9842738,3.58576964676001,sv_area_day_22_BP14,dry,BP,14,raw
S7_31956171,7,96.48121012,5.2351120178876,7.90570212476687,-4150.29395110928,828.146564957013,S7_31178325,7,89.28412826,3.44458401227641,S7_32940091,7,101.9471039,2.50250135909938,sv_area_day_22_BP14,dry,BP,14,raw
S9_6184858,9,32.79210864,12.7365167997096,21.3247325492679,6053.15775378877,735.425639212796,S9_5686516,9,31.99307473,10.9250514573543,S9_8378425,9,38.05852079,10.6131645938845,sv_area_day_22_BP14,dry,BP,14,raw
S2_45043544,2,98.51301522,7.47845802263676,10.5835506362937,4641.50743302193,765.430918292539,S2_44209808,2,93.99718694,5.33076634356405,S2_45980428,2,106.3362737,4.08475738895248,sv_area_day_23_BP14,dry,BP,14,raw
S5_41246256,5,96.9430984,6.17087102123623,8.57876612874665,-4292.0413926611,786.165776333144,S5_36590876,5,88.39590531,4.46410645989371,S5_44163859,5,116.340362,4.4408816473705,sv_area_day_23_BP14,dry,BP,14,raw
S7_31956171,7,96.48121012,4.41783275032366,5.99759986211485,-4262.84122231971,933.841262049313,S7_31038080,7,89.06772314,2.90529071210441,S7_32940091,7,101.9471039,2.19667313898351,sv_area_day_23_BP14,dry,BP,14,raw
S9_6724364,9,34.93391023,13.5154580261039,20.7945616090771,6985.96074662548,821.890391218119,S9_5686516,9,31.99307473,10.5454772281439,S9_8378425,9,38.05852079,11.5697083583065,sv_area_day_23_BP14,dry,BP,14,raw
S9_47239379,9,126.5303951,4.87436926080356,6.65831252085842,3737.0931816258,776.988311249554,S9_45111643,9,121.5748333,2.61615321987188,S9_48859174,9,131.4758092,3.22804307194261,sv_area_day_23_BP14,dry,BP,14,raw
S2_45043544,2,98.51301522,7.29023245042948,10.3021279948716,5333.20688661613,891.926790220504,S2_44209808,2,93.99718694,5.23778336326968,S2_45980428,2,106.3362737,4.25103814920537,sv_area_day_24_BP14,dry,BP,14,raw
S5_41246256,5,96.9430984,6.03671687734083,8.386304355966,-4942.17823369385,916.088311444509,S5_35318061,5,85.14836478,4.39444515235743,S5_44163859,5,116.340362,4.34108958526592,sv_area_day_24_BP14,dry,BP,14,raw
S7_31956171,7,96.48121012,4.2266553299479,5.72965655519814,-4852.39687548617,1088.16879424353,S7_30982237,7,88.83862293,2.61267182915399,S7_32940091,7,101.9471039,2.03486839733866,sv_area_day_24_BP14,dry,BP,14,raw
S9_6724364,9,34.93391023,13.6576847528807,21.0787845867879,8191.35307060304,957.716811580483,S9_5686516,9,31.99307473,10.5714136747175,S9_8279734,9,37.58932098,12.1077970940157,sv_area_day_24_BP14,dry,BP,14,raw
S9_47239379,9,126.5303951,5.19823840297393,7.1398288411514,4506.89401898571,905.394169388389,S9_45322472,9,122.0030918,3.63222258891387,S9_48859174,9,131.4758092,3.52841291741086,sv_area_day_24_BP14,dry,BP,14,raw
S2_45043544,2,98.51301522,7.18791590539494,10.2955004177437,6075.34327168282,1023.96282364398,S2_44209808,2,93.99718694,5.39822726381028,S2_45980428,2,106.3362737,4.14504104654612,sv_area_day_25_BP14,dry,BP,14,raw
S5_41265928,5,97.18561608,6.04348141869303,8.52241374765214,-5709.58691887951,1057.69506823728,S5_35318061,5,85.14836478,4.51121274539087,S5_44050206,5,115.8565285,4.45785543928335,sv_area_day_25_BP14,dry,BP,14,raw
S7_31956171,7,96.48121012,3.79416210653604,5.19019628548703,-5265.16955632352,1249.84906063718,S7_30920014,7,88.13270507,2.01122750287886,S7_32940091,7,101.9471039,1.72740956082156,sv_area_day_25_BP14,dry,BP,14,raw
S9_6930910,9,35.42306752,13.1058841206357,20.3724111757391,9133.74791387844,1094.37182282343,S9_5686516,9,31.99307473,10.4666996324463,S9_7478538,9,36.4077051,10.9511168671008,sv_area_day_25_BP14,dry,BP,14,raw
S9_47239379,9,126.5303951,5.78290733036904,8.12615418793943,5493.91733627394,1042.26148443032,S9_45322472,9,122.0030918,3.98625668069497,S9_48675151,9,130.9881179,4.1881708387563,sv_area_day_25_BP14,dry,BP,14,raw
S2_45043544,2,98.51301522,7.01907594873631,11.2282672555943,7058.87783962089,1201.77235906419,S2_44073549,2,93.52620611,5.02193544181408,S2_45980428,2,106.3362737,4.01509953567472,sv_area_day_26_BP14,dry,BP,14,raw
S5_38761953,5,93.06952405,5.1285379253004,7.99595310094595,-6028.23566689454,1216.1804519541,S5_33184214,5,79.95790853,3.08222057976973,S5_44179618,5,116.8150866,3.36682125266732,sv_area_day_26_BP14,dry,BP,14,raw
S9_6724364,9,34.93391023,12.3616755696664,21.2875489937116,10456.0830607007,1292.85288744405,S9_5686516,9,31.99307473,9.41814508605137,S9_7478538,9,36.4077051,10.1925527346873,sv_area_day_26_BP14,dry,BP,14,raw
S9_47239379,9,126.5303951,4.58473832752389,7.09576135032673,5631.89135903813,1206.13989783536,S9_45322472,9,122.0030918,3.03381479883285,S9_49787310,9,133.5579462,3.05020311671088,sv_area_day_26_BP14,dry,BP,14,raw
S2_45043544,2,98.51301522,6.49705351984791,10.6780733296239,7506.0524640659,1332.98311201944,S2_44073549,2,93.52620611,4.7944694249301,S2_45980428,2,106.3362737,3.79975720865728,sv_area_day_27_BP14,dry,BP,14,raw
S5_38761953,5,93.06952405,4.74710566283776,7.61901561056254,-6416.38456547789,1348.9642954389,S5_33184214,5,79.95790853,3.02731168353245,S5_44179618,5,116.8150866,3.15941723058558,sv_area_day_27_BP14,dry,BP,14,raw
S9_6724364,9,34.93391023,11.3621599240224,19.9663174768914,11041.8293549651,1434.00790698036,S9_5686516,9,31.99307473,8.67783220336013,S9_7478538,9,36.4077051,9.31790272574933,sv_area_day_27_BP14,dry,BP,14,raw
S9_47239379,9,126.5303951,4.56128947608362,7.30243621341076,6229.8057456034,1337.8275032048,S9_45322472,9,122.0030918,2.99019538554841,S9_50024273,9,134.179624,2.98973910536212,sv_area_day_27_BP14,dry,BP,14,raw
S2_44908249,2,97.68940295,6.27209308684239,11.7920843708577,8328.85595215919,1503.25931512661,S2_44073549,2,93.52620611,4.50380712285749,S2_45156658,2,100.2097111,4.63742433202341,sv_area_day_28_BP14,dry,BP,14,raw
S5_44336611,5,119.8635321,4.00028692492188,7.29318376645215,-6699.6079000539,1537.56912389272,S5_32842706,5,79.24736643,2.41357118536309,S5_44619799,5,124.3787711,1.13264386153608,sv_area_day_28_BP14,dry,BP,14,raw
S9_6184858,9,32.79210864,9.00285068463648,17.5703531874995,11284.7397433513,1668.57273722688,S9_5686516,9,31.99307473,7.36596501453345,S9_8378425,9,38.05852079,6.9533022604411,sv_area_day_28_BP14,dry,BP,14,raw
S2_44908249,2,97.68940295,5.71090320019079,7.86966166066976,7357.93222555886,1413.7864572593,S2_44073549,2,93.52620611,4.11037654973709,S2_45156658,2,100.2097111,3.88562699745551,sv_area_day_29_BP14,dry,BP,14,raw
S5_33184214,5,79.95790853,5.05314174220943,6.90148883969682,-7160.48965252123,1469.18806298836,S5_30043124,5,71.92483855,2.30924922081653,S5_33816614,5,82.38107956,3.51914557372181,sv_area_day_29_BP14,dry,BP,14,raw
S5_44336611,5,119.8635321,5.35913683851175,7.34979322638352,-7435.44699654384,1478.34428301427,S5_43769059,5,111.9145952,3.55324476678061,S5_44619799,5,124.3787711,2.35132940052389,sv_area_day_29_BP14,dry,BP,14,raw
S6_31888552,6,65.16886519,5.48378843549108,7.53345989961539,7469.27617662447,1466.85552829557,S6_31006529,6,59.39487638,3.78556434060692,S6_32411928,6,68.72506699,3.72029991634587,sv_area_day_29_BP14,dry,BP,14,raw
S7_19446572,7,50.71621801,4.40731194188722,5.96713700141291,30437.6689759109,6716.36747231814,S7_19236553,7,49.76776198,1.80719762598365,S7_19532160,7,51.17962841,0,sv_area_day_29_BP14,dry,BP,14,raw
S7_19532160,7,51.17962841,5.96747431415556,8.25190714160323,-35841.0494523928,6725.26831915811,S7_19446572,7,50.71621801,0,S7_19580554,7,51.64603332,1.24958541982719,sv_area_day_29_BP14,dry,BP,14,raw
S9_6184858,9,32.79210864,12.1155593605664,18.2326074815368,12336.7099691107,1557.33135677299,S9_5686516,9,31.99307473,10.022542552394,S9_6295446,9,33.93753681,10.3543590530206,sv_area_day_29_BP14,dry,BP,14,raw
S2_44908249,2,97.68940295,5.03615743708991,10.1617763555265,8791.58166504467,1785.71542409123,S2_43829684,2,92.81876812,3.13906366545659,S2_45156658,2,100.2097111,3.47101769426849,sv_area_day_30_BP14,dry,BP,14,raw
S5_44336611,5,119.8635321,3.448646897491,6.8112173903196,-7361.99155263062,1826.47190176262,S5_30043124,5,71.92483855,1.50264146471802,S5_44619799,5,124.3787711,0.900068330425112,sv_area_day_30_BP14,dry,BP,14,raw
S9_6184858,9,32.79210864,6.48744509927291,13.35047341876,11185.1489339239,1982.09054359542,S9_5633611,9,31.52841363,4.81335267482483,S9_8378425,9,38.05852079,4.79318607335127,sv_area_day_30_BP14,dry,BP,14,raw
S4_20239820,4,50.72638018,4.66893275572462,10.4774203089227,9419.01497223552,1989.76126058744,S4_10656324,4,47.81026146,3.15777125617356,S4_30807117,4,57.64451174,2.99577363831117,sv_area_day_31_BP14,dry,BP,14,raw
S5_33184214,5,79.95790853,4.40463802502313,9.84716896907634,-8866.26535311138,1932.0025571862,S5_30043124,5,71.92483855,1.9879996919169,S5_36590876,5,88.39590531,2.87984938610701,sv_area_day_31_BP14,dry,BP,14,raw
S6_33880986,6,80.45671922,4.02244617064492,8.943957021775,8431.63994853066,1927.8350329675,S6_27690603,6,47.52661946,2.28331537562275,S6_34951956,6,89.06997041,1.45051776091853,sv_area_day_31_BP14,dry,BP,14,raw
S4_20239820,4,50.72638018,4.35359453040334,9.93176338730271,9844.1300675669,2158.16222467304,S4_10656324,4,47.81026146,2.79220797114818,S4_30807117,4,57.64451174,2.80656078263123,sv_area_day_32_BP14,dry,BP,14,raw
S5_33184214,5,79.95790853,4.20235940764453,9.56601273406088,-9338.49875532975,2086.08266157806,S5_30043124,5,71.92483855,2.11266656034304,S5_36886697,5,89.87760443,2.66752507123593,sv_area_day_32_BP14,dry,BP,14,raw
S6_33880986,6,80.45671922,3.95366612198962,8.96793384129346,9055.9530405578,2089.33408603124,S6_27690603,6,47.52661946,2.33640640017769,S6_34951956,6,89.06997041,1.36715401154324,sv_area_day_32_BP14,dry,BP,14,raw
S4_20239820,4,50.72638018,4.77765486559204,12.8524264821308,11789.1949364286,2443.08563306128,S4_10656324,4,47.81026146,2.70964819607329,S4_32778960,4,63.61478798,2.95481600616052,sv_area_day_33_BP14,dry,BP,14,raw
S9_46250912,9,124.0052113,3.24754786880227,8.51913473972833,9185.68253239284,2338.08767786238,S9_10858918,9,49.70506523,1.03298207792211,S9_50393843,9,136.5093366,0.987972073015374,sv_area_day_33_BP14,dry,BP,14,raw
S2_44784129,2,96.94547802,8.92635798259833,12.8222630602144,3751.46764397251,561.809526227894,S2_44209808,2,93.99718694,6.44508077067086,S2_45043544,2,98.51301522,6.66312824051645,sv_area_day_17_BP14,wet,BP,14,raw
S3_7345986,3,47.38986671,4.56358176095762,6.16810545050844,2622.86560701333,566.331057125269,S3_6422015,3,45.16807388,2.93378851887363,S3_12575474,3,56.22627443,2.96444549491788,sv_area_day_17_BP14,wet,BP,14,raw
S5_42739726,5,104.1345531,9.07011710658788,13.0551913017757,-4233.41089576228,628.302862608056,S5_42719546,5,103.4003774,6.80317349341735,S5_43769059,5,111.9145952,6.57739697958111,sv_area_day_17_BP14,wet,BP,14,raw
S7_17165775,7,34.01418423,3.52463233347408,4.696093589694,-2266.75219750916,560.926436583609,S7_151566,7,0,2.34332107902963,S7_17924954,7,42.95527033,1.98130500243329,sv_area_day_17_BP14,wet,BP,14,raw
S7_32133319,7,99.94477983,6.95566230287206,9.71899264712376,-4807.20636235682,826.898823871723,110,7,96.48121012,4.10510569685932,112,7,101.9471039,4.12421462174182,sv_area_day_17_BP14,wet,BP,14,raw
S9_6501061,9,33.93753996,4.06491280070831,5.45640649808977,2779.58610890691,638.112142915932,S9_5633611,9,31.52841363,2.43622989375497,S9_8182398,9,37.12013546,2.24194197236979,sv_area_day_17_BP14,wet,BP,14,raw
S2_44784129,2,96.94547802,9.92752247844973,14.1650054870215,5476.86255146224,772.265537233141,S2_44209808,2,93.99718694,7.18304875550378,S2_45043544,2,98.51301522,7.52056757922318,sv_area_day_18_BP14,wet,BP,14,raw
S3_7345986,3,47.38986671,4.55551499683109,6.02949457572038,3615.0454093379,781.297597414128,S3_6422015,3,45.16807388,2.67967043433016,S3_12821696,3,56.45293875,2.68036639967329,sv_area_day_18_BP14,wet,BP,14,raw
S5_42739726,5,104.1345531,8.80565141936106,12.3668570577795,-5715.46724213099,862.512217779597,S5_40241123,5,95.22743843,7.02276878484117,S5_43769059,5,111.9145952,6.42480401838677,sv_area_day_18_BP14,wet,BP,14,raw
S7_17165775,7,34.01418423,3.66161214658263,4.78696219687396,-3173.7333621953,769.810134977821,S7_151566,7,0,2.54264882912736,S7_17944289,7,43.32050333,1.69712592307466,sv_area_day_18_BP14,wet,BP,14,raw
S7_32133319,7,99.94477983,7.48007001652235,10.3114452973836,-6871.12022586568,1135.56229213473,110,7,96.48121012,4.76968199381234,112,7,101.9471039,4.72027270221617,sv_area_day_18_BP14,wet,BP,14,raw
S9_6724364,9,34.93391023,4.47032726356615,5.90978163798425,3969.22204774256,866.488621738923,S9_5633611,9,31.52841363,2.6255393588754,S9_8182398,9,37.12013546,2.6090607324025,sv_area_day_18_BP14,wet,BP,14,raw
S2_44784129,2,96.94547802,10.5197413828545,14.8682346558558,7581.76864812615,1034.19189891023,S2_44257418,2,94.71205672,9.01513741872358,S2_45043544,2,98.51301522,8.14589257478904,sv_area_day_19_BP14,wet,BP,14,raw
S3_7345986,3,47.38986671,4.55748583101007,5.92536117764685,4842.25964424953,1046.28732855107,S3_6422015,3,45.16807388,2.53648680658552,S3_12575474,3,56.22627443,3.01874251888746,sv_area_day_19_BP14,wet,BP,14,raw
S5_42739726,5,104.1345531,8.75437186226746,12.068227602019,-7628.88682166506,1155.04720246174,S5_40241123,5,95.22743843,7.00489837955414,S5_43769059,5,111.9145952,6.33887323922952,sv_area_day_19_BP14,wet,BP,14,raw
S7_17165775,7,34.01418423,3.46732115813145,4.44073329146919,-4130.33369114477,1030.90370722151,S7_151566,7,0,2.43905525192148,S7_17944289,7,43.32050333,1.69122366113774,sv_area_day_19_BP14,wet,BP,14,raw
S7_32133319,7,99.94477983,7.62928218903052,10.3523616218471,-9302.61076794644,1520.70663083225,S7_31956171,7,96.48121012,5.07976584787982,S7_32940091,7,101.9471039,4.82865024435701,sv_area_day_19_BP14,wet,BP,14,raw
S9_6724364,9,34.93391023,5.043271522953,6.60117625555151,5668.23305952717,1160.37226821084,S9_5633611,9,31.52841363,2.8443097806823,S9_8182398,9,37.12013546,3.03166293087394,sv_area_day_19_BP14,wet,BP,14,raw
S2_44586954,2,96.05450929,10.2503931323677,15.3031561496627,9912.56584115801,1368.20172315841,S2_44209808,2,93.99718694,7.5666636505571,S2_45043544,2,98.51301522,7.99086727489553,sv_area_day_20_BP14,wet,BP,14,raw
S3_7671407,3,48.57267674,4.09771255223178,5.61330121046763,6114.19812695958,1393.4291353706,S3_6422015,3,45.16807388,1.88046020062949,S3_12821696,3,56.45293875,2.29521731004886,sv_area_day_20_BP14,wet,BP,14,raw
S5_42739726,5,104.1345531,8.03035459082951,11.6192421265039,-9656.99405417653,1529.70475268794,S5_42719546,5,103.4003774,5.69744714897691,S5_43769059,5,111.9145952,5.1855531089186,sv_area_day_20_BP14,wet,BP,14,raw
S7_32133319,7,99.94477983,7.15930752308511,10.2332767897717,-11948.2029928887,2016.73940834521,S7_31814279,7,95.55378553,5.32930906665993,S7_32940091,7,101.9471039,4.1415313287675,sv_area_day_20_BP14,wet,BP,14,raw
S9_6724364,9,34.93391023,5.21803563908544,7.25959821520046,7740.28287515583,1551.15462799307,S9_5686516,9,31.99307473,3.6108507517593,S9_8182398,9,37.12013546,3.17363606923845,sv_area_day_20_BP14,wet,BP,14,raw
S2_44586954,2,96.05450929,10.9075990027499,16.0248778437389,12826.5508273151,1708.26191301269,S2_44257418,2,94.71205672,9.36288333826212,S2_45043544,2,98.51301522,8.65387343388382,sv_area_day_21_BP14,wet,BP,14,raw
S3_7671407,3,48.57267674,4.08935997804456,5.46080820804526,7625.63016210714,1739.75948147538,S3_6422015,3,45.16807388,1.80732831893002,S3_12575474,3,56.22627443,2.52578691717307,sv_area_day_21_BP14,wet,BP,14,raw
S5_42739726,5,104.1345531,8.20942003943479,11.6097329930567,-12206.2179826915,1909.90577115999,S5_42719546,5,103.4003774,5.85801009304652,S5_43769059,5,111.9145952,5.21551646166563,sv_area_day_21_BP14,wet,BP,14,raw
S7_32133319,7,99.94477983,7.26083604096867,10.1326199564594,-15033.9482613804,2517.99063064693,S7_31814279,7,95.55378553,5.60143607777735,S7_32940091,7,101.9471039,4.3246118854433,sv_area_day_21_BP14,wet,BP,14,raw
S9_6724364,9,34.93391023,5.7976179242527,7.92727557867631,10227.7348485961,1936.68691344509,S9_5686516,9,31.99307473,3.83311377533234,S9_8182398,9,37.12013546,3.58617481244753,sv_area_day_21_BP14,wet,BP,14,raw
S2_44586954,2,96.05450929,11.5687365748078,16.7776716713035,15959.3319702201,2054.1770032315,S2_44257418,2,94.71205672,9.78824314965876,S2_45043544,2,98.51301522,9.40314773221818,sv_area_day_22_BP14,wet,BP,14,raw
S3_7671407,3,48.57267674,4.07471917495628,5.31992713875098,9152.43090760343,2092.05268277508,S3_6422015,3,45.16807388,1.70418552521436,S3_12575474,3,56.22627443,2.47277481304883,sv_area_day_22_BP14,wet,BP,14,raw
S5_42739726,5,104.1345531,8.29460430684245,11.4846904421316,-14762.7067455603,2296.65280456724,S5_42719546,5,103.4003774,5.90664854370022,S5_43769059,5,111.9145952,5.21017080541171,sv_area_day_22_BP14,wet,BP,14,raw
S7_32133319,7,99.94477983,7.26712589142721,9.91813804167779,-18086.8771568635,3027.87201917139,S7_31652984,7,94.85882286,5.31744546061505,S7_32940091,7,101.9471039,4.43478016964288,sv_area_day_22_BP14,wet,BP,14,raw
S9_6724364,9,34.93391023,6.39586607198866,8.62350431188652,12971.6647311494,2328.85700357399,S9_5686516,9,31.99307473,4.13928414435444,S9_7478538,9,36.4077051,4.33749764260092,sv_area_day_22_BP14,wet,BP,14,raw
S2_44586954,2,96.05450929,11.9516969036007,17.2763326320301,19144.808676107,2417.77736716594,S2_44257418,2,94.71205672,10.0505206705376,S2_45043544,2,98.51301522,10.0151524940622,sv_area_day_23_BP14,wet,BP,14,raw
S3_7671407,3,48.57267674,3.86442911835866,4.9869876546762,10475.6059219319,2462.35724544441,S3_6422015,3,45.16807388,1.56491674472948,S3_12575474,3,56.22627443,2.27853644376949,sv_area_day_23_BP14,wet,BP,14,raw
S5_42739726,5,104.1345531,8.0151671117666,10.9581210899648,-17047.1107455305,2703.17268783826,S5_42719546,5,103.4003774,5.71874146545838,S5_43769059,5,111.9145952,5.09525279469659,sv_area_day_23_BP14,wet,BP,14,raw
S7_32133319,7,99.94477983,7.29215778388612,9.86914924281766,-21328.7184778834,3563.82163129619,S7_31652984,7,94.85882286,5.49087121734232,S7_32940091,7,101.9471039,4.57083680850558,sv_area_day_23_BP14,wet,BP,14,raw
S9_6724364,9,34.93391023,6.95630070876744,9.37050227346909,15984.9634302309,2741.07720305956,S9_6184858,9,32.79210864,5.30666558095753,S9_7478538,9,36.4077051,4.75878893075623,sv_area_day_23_BP14,wet,BP,14,raw
S2_44586954,2,96.05450929,12.1862792498038,17.6618330600381,22152.2030807356,2765.88390707238,S2_44257418,2,94.71205672,10.2690953406955,S2_45043544,2,98.51301522,10.5018822507904,sv_area_day_24_BP14,wet,BP,14,raw
S3_7671407,3,48.57267674,3.73691961240435,4.81051406602965,11774.1491996209,2816.8823031961,S3_6422015,3,45.16807388,1.46295241411909,S3_12575474,3,56.22627443,2.10356926573034,sv_area_day_24_BP14,wet,BP,14,raw
S5_42739726,5,104.1345531,7.61919865350134,10.3516397445028,-18960.9937056533,3092.36985045212,S5_33184214,5,79.95790853,5.50142788455572,S5_43769059,5,111.9145952,4.82050503768296,sv_area_day_24_BP14,wet,BP,14,raw
S7_32133319,7,99.94477983,7.07582492234686,9.54057727061389,-23998.6059484595,4076.9332327868,S7_31582647,7,94.06477091,5.20769612863876,S7_32940091,7,101.9471039,4.55805109546615,sv_area_day_24_BP14,wet,BP,14,raw
S9_6724364,9,34.93391023,7.42964194746637,10.0673424968139,18961.0078577255,3135.73177867583,S9_6184858,9,32.79210864,5.60298710127419,S9_7142713,9,35.91474829,5.90245081143498,sv_area_day_24_BP14,wet,BP,14,raw
S2_44586954,2,96.05450929,12.5774107610463,15.4738559718267,23254.0662849038,2867.51508167495,S2_44257418,2,94.71205672,10.5317634673868,S2_45043544,2,98.51301522,10.7758374732786,sv_area_day_25_BP14,wet,BP,14,raw
S3_7345986,3,47.38986671,3.71420804815794,4.03479635511634,11838.6704981072,2858.89498616763,S3_6422015,3,45.16807388,1.50303290984817,S3_12575474,3,56.22627443,2.13392390845314,sv_area_day_25_BP14,wet,BP,14,raw
S5_33587455,5,80.92708184,4.19865507811667,4.59162248230048,-13676.0668283229,3095.88063217619,S5_30043124,5,71.92483855,2.36453657569808,S5_33682130,5,82.14795514,2.32293115623367,sv_area_day_25_BP14,wet,BP,14,raw
S5_43714262,5,109.7001769,5.57613361265299,6.21542320349339,-17495.3856453111,3404.03680680624,S5_42719546,5,103.4003774,2.64049624667066,S5_44003086,5,115.1315049,3.55363609509604,sv_area_day_25_BP14,wet,BP,14,raw
S6_31575043,6,61.87251494,3.61226919234272,3.91855497579325,11801.8149344595,2891.95751024353,S6_25117279,6,44.72684694,1.627198203117,S6_33383362,6,78.16213009,1.96697056714623,sv_area_day_25_BP14,wet,BP,14,raw
S7_32133319,7,99.94477983,7.22621562426135,8.24204896449112,-24727.0244288556,4177.92214342699,S7_31956171,7,96.48121012,5.31397151827907,S7_32940091,7,101.9471039,4.45950215953205,sv_area_day_25_BP14,wet,BP,14,raw
S9_6724364,9,34.93391023,10.0138242577406,11.8784428648733,22603.2289086393,3181.24272485891,S9_6184858,9,32.79210864,8.05763953268204,S9_7142713,9,35.91474829,8.48213610831368,sv_area_day_25_BP14,wet,BP,14,raw
S2_44586954,2,96.05450929,12.2983938717221,15.3729762196363,25020.0367847689,3126.31551768829,S2_44257418,2,94.71205672,10.3310321379091,S2_45043544,2,98.51301522,10.7921995057034,sv_area_day_26_BP14,wet,BP,14,raw
S3_7345986,3,47.38986671,3.48633895299017,3.85122002477198,12485.3472001802,3116.91743691769,S3_6422015,3,45.16807388,1.37840182549709,S3_12575474,3,56.22627443,1.82981575793399,sv_area_day_26_BP14,wet,BP,14,raw
S5_33587455,5,80.92708184,4.21558790879291,4.703824852842,-14942.1480050777,3375.29163251327,S5_30043124,5,71.92483855,2.34986438806256,S5_33682130,5,82.14795514,2.32129196641861,sv_area_day_26_BP14,wet,BP,14,raw
S5_43714262,5,109.7001769,4.97851130883131,5.6140127554135,-17948.7496598097,3711.25967563675,S5_42719546,5,103.4003774,2.21304903190526,S5_44003086,5,115.1315049,3.19191480172614,sv_area_day_26_BP14,wet,BP,14,raw
S6_31575043,6,61.87251494,3.71051280216302,4.11152321816859,13049.5800802757,3152.96393680638,S6_27690603,6,47.52661946,2.02779161700006,S6_33383362,6,78.16213009,2.02449360695765,sv_area_day_26_BP14,wet,BP,14,raw
S7_32133319,7,99.94477983,6.84357554707281,7.91991626101469,-26165.1900052801,4554.99010699534,S7_31652984,7,94.85882286,4.54243926140422,S7_32940091,7,101.9471039,4.36545971603572,sv_area_day_26_BP14,wet,BP,14,raw
S9_6724364,9,34.93391023,10.1004379353873,12.2368002500886,24764.7528047826,3468.35786839177,S9_6184858,9,32.79210864,8.07006333621639,S9_7142713,9,35.91474829,8.59256805043033,sv_area_day_26_BP14,wet,BP,14,raw
S2_2504271,2,11.41378601,5.39020781124391,5.55254847669804,-17094.9003375127,3397.86464185949,S2_2387967,2,9.515531011,3.85699781287824,S2_2980842,2,14.65132439,3.86685530139039,sv_area_day_27_BP14,wet,BP,14,raw
S2_44784129,2,96.94547802,16.4815380329056,19.8766467641916,29692.4522050349,3119.32184475869,S2_44586954,2,96.05450929,14.6621756307746,S2_45043544,2,98.51301522,14.7089185415502,sv_area_day_27_BP14,wet,BP,14,raw
S3_7345986,3,47.38986671,3.77765163331824,3.80563269729778,13041.6678381954,3131.16086556078,S3_6422015,3,45.16807388,1.61743366212717,S3_10923979,3,54.12476288,2.05227624831677,sv_area_day_27_BP14,wet,BP,14,raw
S5_43714262,5,109.7001769,9.14540531292818,9.92895471189133,-23715.4458095087,3525.04940824788,S5_43575577,5,107.8767063,6.94450646487251,S5_43769059,5,111.9145952,6.11334102586172,sv_area_day_27_BP14,wet,BP,14,raw
S6_31142354,6,59.88938247,4.11793142053207,4.16793933961557,13953.8879965044,3201.25462070551,S6_30877621,6,56.47248985,2.48553195912116,S6_31753064,6,63.71185205,2.45880722214576,sv_area_day_27_BP14,wet,BP,14,raw
S7_16810850,7,33.24039388,4.01584668236561,4.05889560653858,-13339.5699482401,3101.15567770058,S7_16149616,7,31.32096778,2.34298242169373,S7_19644932,7,51.8739576,2.27010242130056,sv_area_day_27_BP14,wet,BP,14,raw
S7_32133319,7,99.94477983,7.89004361885671,8.41611706912129,-28405.1052216672,4585.91709105828,114,7,96.48121012,6.2710729851524,116,7,101.9471039,4.55691627549589,sv_area_day_27_BP14,wet,BP,14,raw
S9_6724364,9,34.93391023,10.2902158944274,11.3541429241878,25087.8787241818,3487.16457089524,S9_6184858,9,32.79210864,7.84702057446077,S9_7142713,9,35.91474829,8.72674828445972,sv_area_day_27_BP14,wet,BP,14,raw
S2_2504271,2,11.41378601,3.39495038804763,4.54794289715598,-16161.2778719158,4066.0901951094,S2_1942938,2,7.287368712,1.71214901607161,S2_3532599,2,18.00492572,1.58888418863971,sv_area_day_28_BP14,wet,BP,14,raw
S2_45043544,2,98.51301522,11.0898242271421,16.5443246453301,28470.2543820509,3755.56806976039,S2_44257418,2,94.71205672,9.21626753625333,S2_45156658,2,100.2097111,8.89520123242024,sv_area_day_28_BP14,wet,BP,14,raw
S5_33587455,5,80.92708184,4.38112893074129,5.94936299601581,-17312.2464281311,3808.26361649406,S5_29994074,5,71.02984202,2.24949302337528,S5_43769059,5,111.9145952,1.75053439091908,sv_area_day_28_BP14,wet,BP,14,raw
S7_32133319,7,99.94477983,5.47427633109629,7.54717544951056,-27776.6888284698,5424.96652502411,S7_31494503,7,93.27304403,3.11365347370855,S7_32940091,7,101.9471039,3.05866813254353,sv_area_day_28_BP14,wet,BP,14,raw
S9_6724364,9,34.93391023,10.3270161832192,15.2403695360438,29695.2244679166,4081.2920749401,S9_6184858,9,32.79210864,7.53784052282379,S9_7142713,9,35.91474829,8.58005051514557,sv_area_day_28_BP14,wet,BP,14,raw
S2_2504271,2,11.41378601,3.59917715109219,4.94836657797666,-17256.1411955598,4210.65783545356,S2_1942938,2,7.287368712,1.85014412995003,S2_3532599,2,18.00492572,1.77632442008579,sv_area_day_29_BP14,wet,BP,14,raw
S2_45043544,2,98.51301522,10.8051095660227,16.4305793860714,29042.7557317516,3889.09526368496,S2_44257418,2,94.71205672,8.9495532749312,S2_45156658,2,100.2097111,8.61408011532447,sv_area_day_29_BP14,wet,BP,14,raw
S5_33587455,5,80.92708184,4.15888102619915,5.76215801824875,-17440.3553979207,3943.66437211607,S5_29994074,5,71.02984202,2.14968900912956,S5_43769059,5,111.9145952,1.36550204503061,sv_area_day_29_BP14,wet,BP,14,raw
S7_32133319,7,99.94477983,4.98836471757686,6.99112247759918,-27365.6811905535,5617.84827919968,S7_31494503,7,93.27304403,3.00057355929307,S7_32940091,7,101.9471039,2.90317413947214,sv_area_day_29_BP14,wet,BP,14,raw
S9_6724364,9,34.93391023,9.8083452487942,14.7056302253233,29858.9988256962,4226.40020990944,S9_6184858,9,32.79210864,7.13811930187224,S9_7142713,9,35.91474829,8.07928542856722,sv_area_day_29_BP14,wet,BP,14,raw
S2_2504271,2,11.41378601,3.70291740429691,5.29665016010684,-18075.3509613365,4345.22686778436,S2_1942938,2,7.287368712,1.93859760141833,S2_3532599,2,18.00492572,1.94200922854946,sv_area_day_30_BP14,wet,BP,14,raw
S2_45043544,2,98.51301522,10.2720971438311,16.1055960365922,29112.0725508307,4013.38743054539,S2_44257418,2,94.71205672,8.5009709189749,S2_45156658,2,100.2097111,8.14034869716661,sv_area_day_30_BP14,wet,BP,14,raw
S5_33587455,5,80.92708184,3.86495124629155,5.54077742653003,-17314.9579826529,4069.70052112934,S5_29994074,5,71.02984202,2.02505830493998,S5_38859599,5,93.79879919,1.57476306930252,sv_area_day_30_BP14,wet,BP,14,raw
S7_32133319,7,99.94477983,4.3752801867756,6.31670099030937,-26336.090651077,5797.38991764576,S7_19446572,7,50.71621801,2.6711427177047,S7_32940091,7,101.9471039,2.68123046842477,sv_area_day_30_BP14,wet,BP,14,raw
S9_6724364,9,34.93391023,8.98430484834892,13.8324144332081,29319.4458739107,4361.47235509811,S9_6184858,9,32.79210864,6.51407882033017,S9_7142713,9,35.91474829,7.31890649803918,sv_area_day_30_BP14,wet,BP,14,raw
S2_44784129,2,96.94547802,11.0840978773293,14.3339781515871,27036.7126663287,3592.75377506309,S2_44257418,2,94.71205672,9.32169237726855,S2_45156658,2,100.2097111,8.56775540253282,sv_area_day_31_BP14,wet,BP,14,raw
S5_36330301,5,87.89272986,8.03331459648428,9.93123652379759,-23470.0932499532,3746.88264059779,S5_34757068,5,84.36015726,5.47962292332342,S5_37515682,5,90.62442906,5.93560447166808,sv_area_day_31_BP14,wet,BP,14,raw
S6_33052891,6,73.8397152,4.88541635278199,5.76913661974738,17108.4180627584,3583.53276959926,S6_31345498,6,61.39299496,3.07334505451925,S6_33383362,6,78.16213009,2.90401339618412,sv_area_day_31_BP14,wet,BP,14,raw
S7_18819185,7,47.10136368,4.2810901905966,5.01159659454655,46251.7044233626,10394.3330160251,S7_18647587,7,45.61589714,1.75750864188756,S7_18926544,7,48.34846759,1.45193768792088,sv_area_day_31_BP14,wet,BP,14,raw
S7_19236553,7,49.76776198,7.63028679056751,9.37747121295804,-63105.4243893793,10367.6603209959,S7_19153030,7,49.2934369,4.7572308272817,S7_19532160,7,51.17962841,6.0382884088239,sv_area_day_31_BP14,wet,BP,14,raw
S7_32133319,7,99.94477983,3.56278486403404,4.12784309016374,-21268.700576902,5266.67239980708,S7_31178325,7,89.28412826,0.689531129929591,S7_33411071,7,104.8359143,1.84204380475062,sv_area_day_31_BP14,wet,BP,14,raw
S9_6724364,9,34.93391023,7.08532681955164,8.63864651065697,23500.7088128067,4022.6759371572,38,9,31.99307473,5.36887337550241,49,9,36.4077051,5.43261864076895,sv_area_day_31_BP14,wet,BP,14,raw
S9_50929347,9,138.3415046,3.5201927933651,4.076001858894,15390.7501256392,3835.30174902387,S9_41860152,9,106.4582302,1.81434784772025,S9_52142241,9,142.2289847,1.95799553399915,sv_area_day_31_BP14,wet,BP,14,raw
S2_44784129,2,96.94547802,8.49785696679308,11.1065398541645,23823.4113109001,3685.2887032511,S2_44073549,2,93.52620611,6.77026512970454,S2_45156658,2,100.2097111,6.52763683344057,sv_area_day_32_BP14,wet,BP,14,raw
S3_2542615,3,16.46388381,2.87324930666707,3.4610873364106,-13138.2109288728,3640.71688117495,S3_207051,3,1.05e-06,1.15717622536434,S3_43513107,3,86.55880689,1.0591559349482,sv_area_day_32_BP14,wet,BP,14,raw
S5_36330301,5,87.89272986,7.32905421653939,9.41628852763507,-22923.2352593238,3851.17265731962,S5_33184214,5,79.95790853,5.65850596556276,S5_37515682,5,90.62442906,5.60703961900566,sv_area_day_32_BP14,wet,BP,14,raw
S6_33052891,6,73.8397152,5.58955160081949,7.00184664743637,18821.4765168375,3666.94460653761,S6_32411928,6,68.72506699,2.90355354508514,S6_34082781,6,81.7006444,3.52866927155598,sv_area_day_32_BP14,wet,BP,14,raw
S7_18819185,7,47.10136368,3.95091524710407,4.83342090347152,45745.8375833465,10727.0729086557,S7_18647587,7,45.61589714,2.44597011972802,S7_18926544,7,48.34846759,1.18728184185412,sv_area_day_32_BP14,wet,BP,14,raw
S7_19236553,7,49.76776198,7.51617787054253,9.68315680534053,-64652.8687782556,10711.1542723139,S7_19153030,7,49.2934369,5.0286651357708,S7_19532160,7,51.17962841,5.06479397713371,sv_area_day_32_BP14,wet,BP,14,raw
S9_6295446,9,33.93753681,6.07552911925771,7.66448598911033,22574.0508119631,4203.63440216261,S9_5686516,9,31.99307473,4.55678940612322,S9_7783026,9,36.65100204,4.24744549550649,sv_area_day_32_BP14,wet,BP,14,raw
S9_51037483,9,138.3415057,4.67686085750608,5.78169863335299,18431.7628071906,3951.81044081633,S9_50690449,9,136.5093397,3.00941508758667,S9_52013831,9,141.4757725,3.0029763715013,sv_area_day_32_BP14,wet,BP,14,raw
S2_45980428,2,106.3362737,4.92878303646199,10.9908289962491,23830.2051537139,4888.68047286417,S2_44073549,2,93.52620611,2.5096893429515,S2_46820675,2,113.8524469,3.23529804217527,sv_area_day_33_BP14,wet,BP,14,raw
S5_36228372,5,87.89272881,5.19565792584547,11.638323599232,-25224.2441174603,5028.65734106409,S5_34757068,5,84.36015726,3.35258114429234,S5_36886697,5,89.87760443,3.63264463964191,sv_area_day_33_BP14,wet,BP,14,raw
S7_19446572,7,50.71621801,6.05888343802061,13.7720466494293,-26393.8546687857,4837.07337236088,S7_18926544,7,48.34846759,4.23934230495931,S7_19876481,7,52.570595,4.49001533679619,sv_area_day_33_BP14,wet,BP,14,raw
S9_51037483,9,138.3415057,3.58040460275586,7.80489394608187,20853.6663631523,5076.65925501897,S9_12617061,9,56.36018492,1.43069456079171,S9_52013831,9,141.4757725,1.99040174212918,sv_area_day_33_BP14,wet,BP,14,raw
S5_41101118,5,96.20937263,5.7132742630287,19.9695848315212,3607.8466780888,668.770193323389,S5_36726739,5,88.88556146,3.81417999292846,S5_42996052,5,104.8464874,3.76778444546349,sv_area_day_17_BP14,diff,BP,14,comp_diff
S7_9691609,7,9.989300124,4.1520889144732,13.9970592246472,3053.71239714573,676.118914525206,S7_151566,7,0,3.30738952219467,S7_11958277,7,18.91083692,2.58258594432118,sv_area_day_17_BP14,diff,BP,14,comp_diff
S5_41101118,5,96.20937263,5.72152672365291,19.9570940576428,-0.062953098770956,0.0116597906692074,S5_36726739,5,88.88556146,3.81343155931731,S5_42996052,5,104.8464874,3.77359792917969,sv_area_day_17_BP14,diff,BP,14,comp_rel_diff
S7_9691609,7,9.989300124,4.21048331009445,14.180925476041,-0.0536496539052554,0.0117879132317184,S7_151566,7,0,3.38843124561574,S7_11958277,7,18.91083692,2.65200518658284,sv_area_day_17_BP14,diff,BP,14,comp_rel_diff
S2_44784129,2,96.94547802,5.94530994641908,8.95606116062989,-3207.3855251868,600.967367904808,S2_44209808,2,93.99718694,3.98201145358081,S2_45043544,2,98.51301522,3.66223844364592,sv_area_day_18_BP14,diff,BP,14,comp_diff
S3_7671407,3,48.57267674,6.7700984457674,10.3164060198106,-3431.61081708236,599.089994226987,S3_6422015,3,45.16807388,3.49152613353581,S3_8325193,3,50.73315615,4.9954582428268,sv_area_day_18_BP14,diff,BP,14,comp_diff
S3_47953603,3,116.5959498,3.7026609396696,5.4072594613138,-2472.28190626739,596.16659426194,121,3,105.2644156,1.65964143986063,138,3,124.5966408,1.9421625933913,sv_area_day_18_BP14,diff,BP,14,comp_diff
S5_42739726,5,104.1345531,7.49812458481573,11.5426746095137,4043.39608260049,667.346382629099,S5_42719546,5,103.4003774,5.58346675915321,S5_43240044,5,106.0943485,5.40139629401806,sv_area_day_18_BP14,diff,BP,14,comp_diff
S7_17165775,7,34.01418423,3.59281205785238,5.23891019906389,2444.52250694503,598.868974574418,S7_151566,7,0,2.1154883587025,S7_17697912,7,42.22766767,1.93981686646568,sv_area_day_18_BP14,diff,BP,14,comp_diff
S7_32133319,7,99.94477983,5.96786670007477,8.99286176769058,4717.43224083354,882.094193265408,S7_31956171,7,96.48121012,2.53050401904164,S7_32940091,7,101.9471039,3.6631829612889,sv_area_day_18_BP14,diff,BP,14,comp_diff
S2_44784129,2,96.94547802,6.34564758217835,9.46002298372234,0.0415551179329405,0.0075155955790381,S2_44209808,2,93.99718694,4.26194102285478,S2_45043544,2,98.51301522,3.91804031736864,sv_area_day_18_BP14,diff,BP,14,comp_rel_diff
S3_7671407,3,48.57267674,7.20959243556177,10.8783845821972,0.044422377970553,0.00749211746347513,S3_7095091,3,46.70151328,5.66757672457057,S3_8325193,3,50.73315615,5.32393670785616,sv_area_day_18_BP14,diff,BP,14,comp_rel_diff
S3_47953603,3,116.5959498,3.6100207570399,5.18170258809455,0.0305092415130723,0.00745555792126627,121,3,105.2644156,1.5791393622814,135,3,122.0652473,1.9907835148606,sv_area_day_18_BP14,diff,BP,14,comp_rel_diff
S5_42739726,5,104.1345531,7.59214223227059,11.5171086357217,-0.0509155658915856,0.00834572023512725,S5_42085155,5,100.6567954,5.70697624292655,S5_43054075,5,105.0885057,6.08373526538946,sv_area_day_18_BP14,diff,BP,14,comp_rel_diff
S7_17165775,7,34.01418423,3.59473422578273,5.15867522607962,-0.0305793634246922,0.00748935342933211,S7_151566,7,0,2.14353763035447,S7_17697912,7,42.22766767,1.83022757977444,sv_area_day_18_BP14,diff,BP,14,comp_rel_diff
S7_32133319,7,99.94477983,6.17017688832609,9.17598146617117,-0.060071539162422,0.0110313197908123,S7_31956171,7,96.48121012,2.61562092590441,S7_32940091,7,101.9471039,3.79386186274673,sv_area_day_18_BP14,diff,BP,14,comp_rel_diff
S2_44586954,2,96.05450929,6.37490503476859,10.2216073849809,-4726.14106893844,850.021744258037,S2_44209808,2,93.99718694,4.55379115401104,S2_44908249,2,97.68940295,4.84787824360621,sv_area_day_19_BP14,diff,BP,14,comp_diff
S3_7671407,3,48.57267674,6.4673488349361,10.3832020764593,-4769.30304802072,851.083593244319,S3_7261171,3,47.15534623,4.9218209804388,S3_8119264,3,49.77537052,4.94509823411384,sv_area_day_19_BP14,diff,BP,14,comp_diff
S3_47953603,3,116.5959498,3.49153810767757,5.37927358597374,-3411.35284244131,845.761239400866,121,3,105.2644156,1.66697268306522,144,3,129.9167988,2.40745417193568,sv_area_day_19_BP14,diff,BP,14,comp_diff
S5_42739726,5,104.1345531,7.47135790156818,12.1645548292232,5755.54972549108,948.902635652166,S5_42719546,5,103.4003774,5.39228935589866,S5_43054075,5,105.0885057,5.89647428507813,sv_area_day_19_BP14,diff,BP,14,comp_diff
S7_32133319,7,99.94477983,6.10061053692462,9.74450674712959,6790.92826990794,1250.9275734638,S7_31956171,7,96.48121012,2.93106720902291,S7_32940091,7,101.9471039,3.67852393454042,sv_area_day_19_BP14,diff,BP,14,comp_diff
S2_44586954,2,96.05450929,6.72129935687107,10.6819809617855,0.045553807774643,0.00795993221312156,S2_44209808,2,93.99718694,4.79712263771875,S2_44908249,2,97.68940295,5.11592783704767,sv_area_day_19_BP14,diff,BP,14,comp_rel_diff
S3_7671407,3,48.57267674,6.78866571788541,10.7991938347488,0.0458602730603877,0.00796987577751678,S3_7261171,3,47.15534623,5.17184446385278,S3_8119264,3,49.77537052,5.1984344203056,sv_area_day_19_BP14,diff,BP,14,comp_rel_diff
S3_47953603,3,116.5959498,3.43547922093409,5.21692414071715,0.031675522561167,0.00792003519862064,121,3,105.2644156,1.61901090527549,144,3,129.9167988,2.33938902199237,sv_area_day_19_BP14,diff,BP,14,comp_rel_diff
S5_42739726,5,104.1345531,7.56317891167074,12.1622733181773,-0.0542622480037576,0.00888589110533475,S5_42366438,5,102.9057427,5.37489025465283,S5_43054075,5,105.0885057,5.96193061898911,sv_area_day_19_BP14,diff,BP,14,comp_rel_diff
S7_32133319,7,99.94477983,6.22172184973675,9.81939300749483,-0.0642751703460511,0.0117141693792645,S7_31956171,7,96.48121012,2.98481962374511,S7_32940091,7,101.9471039,3.75346358029537,sv_area_day_19_BP14,diff,BP,14,comp_rel_diff
S7_32133319,7,99.94477983,3.79898119222537,9.77931843427402,0.0813762445160881,0.019069607771769,S7_17322899,7,39.20278448,1.88663678485361,S7_32940091,7,101.9471039,1.9482258653282,sv_area_day_19_BP14,diff,BP,14,comp_ratio
S2_44586954,2,96.05450929,7.24561353255702,11.460397440688,-6575.63971184351,1102.60774163364,S2_44209808,2,93.99718694,5.18276223522173,S2_44908249,2,97.68940295,5.61279383266835,sv_area_day_20_BP14,diff,BP,14,comp_diff
S3_7671407,3,48.57267674,6.6943899499057,10.5072980533071,-6304.14043210291,1103.98512158965,S3_7261171,3,47.15534623,4.98412657889806,S3_8119264,3,49.77537052,5.0655180459356,sv_area_day_20_BP14,diff,BP,14,comp_diff
S3_47953603,3,116.5959498,3.29347960682251,4.9314968725347,-4291.85749626646,1097.08121755291,121,3,105.2644156,1.59818553420773,144,3,129.9167988,2.45787024926587,sv_area_day_20_BP14,diff,BP,14,comp_diff
S5_42739726,5,104.1345531,7.65598074478919,12.1792464404362,7567.2833615905,1230.87132675635,S5_42719546,5,103.4003774,5.57202539473435,S5_43054075,5,105.0885057,5.98084757467422,sv_area_day_20_BP14,diff,BP,14,comp_diff
S7_32133319,7,99.94477983,6.51563304465973,10.2012598702671,9129.92491092324,1622.6436982834,S7_31956171,7,96.48121012,3.34579697233877,S7_32940091,7,101.9471039,3.97354992773034,sv_area_day_20_BP14,diff,BP,14,comp_diff
S2_44586954,2,96.05450929,7.521204309951,11.819179263455,0.0494035319768868,0.00811516497523499,S2_44209808,2,93.99718694,5.37530711291281,S2_44908249,2,97.68940295,5.82698164439297,sv_area_day_20_BP14,diff,BP,14,comp_rel_diff
S3_7671407,3,48.57267674,6.93487438718715,10.808789308046,0.0473036930216736,0.00812530245672963,S3_7261171,3,47.15534623,5.16675029859632,S3_8119264,3,49.77537052,5.25279634963498,sv_area_day_20_BP14,diff,BP,14,comp_rel_diff
S3_47953603,3,116.5959498,3.257574784319,4.82507584012764,0.0314075567601359,0.00807448989835926,121,3,105.2644156,1.56825112483542,144,3,129.9167988,2.40735084955417,sv_area_day_20_BP14,diff,BP,14,comp_rel_diff
S5_42739726,5,104.1345531,7.73166680050812,12.1857895988135,-0.055999325238404,0.00905918170419769,S5_42719546,5,103.4003774,5.91390959516585,S5_43054075,5,105.0885057,6.03366451971591,sv_area_day_20_BP14,diff,BP,14,comp_rel_diff
S7_32133319,7,99.94477983,6.59056235204211,10.2228915857878,-0.0676166027108185,0.0119426164087015,S7_31956171,7,96.48121012,3.38057223587622,S7_32940091,7,101.9471039,4.01842222982826,sv_area_day_20_BP14,diff,BP,14,comp_rel_diff
S7_32133319,7,99.94477983,4.70447783783978,11.9654391986917,0.0854878001171799,0.0178900592680527,S7_31956171,7,96.48121012,1.27333277478576,S7_32940091,7,101.9471039,2.45547074576157,sv_area_day_20_BP14,diff,BP,14,comp_ratio
S2_44586954,2,96.05450929,9.01012673818384,14.3038932977618,-9398.36324895505,1395.8133693338,S2_44257418,2,94.71205672,7.07723267764787,S2_44908249,2,97.68940295,7.15369917780579,sv_area_day_21_BP14,diff,BP,14,comp_diff
S3_7671407,3,48.57267674,4.36649525899084,6.4970549312333,-6450.86746070874,1421.54989534707,S3_7095091,3,46.70151328,2.85631648636165,S3_12575474,3,56.22627443,2.7773024291063,sv_area_day_21_BP14,diff,BP,14,comp_diff
S5_42739726,5,104.1345531,7.27004865603675,11.2628695757917,9324.10394038741,1560.57568763058,S5_42719546,5,103.4003774,4.80450874369969,S5_43575577,5,107.8767063,5.23164481148151,sv_area_day_21_BP14,diff,BP,14,comp_diff
S7_32133319,7,99.94477983,6.49579936559774,9.95516549198224,11557.1031485808,2057.43917799807,S7_31956171,7,96.48121012,3.8909777171626,S7_32940091,7,101.9471039,3.5266793170215,sv_area_day_21_BP14,diff,BP,14,comp_diff
S9_6724364,9,34.93391023,3.16982624755887,4.63938098339136,-6068.20263329112,1582.45844235502,S9_5633611,9,31.52841363,1.44346668312371,S9_8182398,9,37.12013546,1.42441574368371,sv_area_day_21_BP14,diff,BP,14,comp_diff
S2_44586954,2,96.05450929,9.22115018618463,14.5456169257031,0.0565680425038901,0.00829226179792562,S2_44257418,2,94.71205672,7.23832713417992,S2_44908249,2,97.68940295,7.31496125879345,sv_area_day_21_BP14,diff,BP,14,comp_rel_diff
S3_7671407,3,48.57267674,4.47708347414489,6.60957566264507,0.0388352961076884,0.00844515760488658,S3_7095091,3,46.70151328,2.93211757049571,S3_12575474,3,56.22627443,2.86246873710663,sv_area_day_21_BP14,diff,BP,14,comp_rel_diff
S5_42739726,5,104.1345531,7.33280579380769,11.2640502708543,-0.0556557257913896,0.00927108339955716,S5_42719546,5,103.4003774,4.99093973724495,S5_43575577,5,107.8767063,5.2693719009846,sv_area_day_21_BP14,diff,BP,14,comp_rel_diff
S7_32133319,7,99.94477983,6.52926839501732,9.91777847636192,-0.0688512661526033,0.012222854911765,S7_31956171,7,96.48121012,3.92045719098724,S7_32940091,7,101.9471039,3.54141285636882,sv_area_day_21_BP14,diff,BP,14,comp_rel_diff
S9_6724364,9,34.93391023,3.28284367540328,4.76738925106019,0.0367155758429405,0.00940108468412825,S9_5633611,9,31.52841363,1.50384743378563,S9_8182398,9,37.12013546,1.49054631352777,sv_area_day_21_BP14,diff,BP,14,comp_rel_diff
S3_8325193,3,50.73315615,4.35083601845053,8.3671350267659,-0.0472692528169052,0.0104047052002416,S3_7095091,3,46.70151328,2.72101502806906,S3_12927099,3,57.64133659,2.72996212038805,sv_area_day_21_BP14,diff,BP,14,comp_ratio
S3_47550579,3,112.3150378,3.26854970999186,6.19274621915918,-0.0402289923639513,0.0102928808237608,S3_47226621,3,105.2644156,1.22714309996099,S3_49674013,3,129.9167988,2.45827205769281,sv_area_day_21_BP14,diff,BP,14,comp_ratio
S6_4132666,6,30.05764073,4.65978147155427,8.99961426929355,-0.060754379643607,0.0128945168466091,S6_3758927,6,24.49542742,2.81037750429716,S6_5854971,6,37.17391067,0.495665334439513,sv_area_day_21_BP14,diff,BP,14,comp_ratio
S7_32133319,7,99.94477983,6.94781879497812,13.8521885319929,0.087950750127735,0.0150459558121528,S7_31956171,7,96.48121012,2.57103529085391,S7_32940091,7,101.9471039,4.76546159785011,sv_area_day_21_BP14,diff,BP,14,comp_ratio
S2_44586954,2,96.05450929,9.91098758483042,15.420537967848,-11928.3893034849,1678.42243657881,S2_44257418,2,94.71205672,7.70807405453638,S2_44908249,2,97.68940295,7.98377623800959,sv_area_day_22_BP14,diff,BP,14,comp_diff
S3_7671407,3,48.57267674,4.38847230469104,6.32066380873226,-7777.64545096152,1709.36981367758,S3_7095091,3,46.70151328,2.79446915788701,S3_12575474,3,56.22627443,2.71486657811823,sv_area_day_22_BP14,diff,BP,14,comp_diff
S5_42739726,5,104.1345531,7.39113937555076,11.0992322602839,11314.5163622985,1876.54403206406,S5_42719546,5,103.4003774,4.89192687441172,S5_43575577,5,107.8767063,5.28229281607576,sv_area_day_22_BP14,diff,BP,14,comp_diff
S7_32133319,7,99.94477983,6.80311321440832,10.1325674198276,14252.5129705044,2474.00702279876,S7_31956171,7,96.48121012,4.36411884574303,S7_32940091,7,101.9471039,3.79368815537088,sv_area_day_22_BP14,diff,BP,14,comp_diff
S9_6724364,9,34.93391023,3.68510817441348,5.25637985214775,-7895.51336470082,1902.85736829553,S9_5686516,9,31.99307473,2.01290373129684,S9_8182398,9,37.12013546,1.75160373546575,sv_area_day_22_BP14,diff,BP,14,comp_diff
S2_44586954,2,96.05450929,9.96028159768548,15.4722355405758,0.0595438062811628,0.00835463044358302,S2_44257418,2,94.71205672,7.74096288045663,S2_44908249,2,97.68940295,8.01556098186525,sv_area_day_22_BP14,diff,BP,14,comp_rel_diff
S3_7671407,3,48.57267674,4.43658006972023,6.37943443541133,0.0389390993377056,0.00850867622682781,S3_7095091,3,46.70151328,2.82780541197921,S3_12575474,3,56.22627443,2.75425224342952,sv_area_day_22_BP14,diff,BP,14,comp_rel_diff
S5_42739726,5,104.1345531,7.40872061538736,11.1026727506689,-0.0563937937352629,0.00934081406285482,S5_42719546,5,103.4003774,4.94316283752488,S5_43575577,5,107.8767063,5.29017304550634,sv_area_day_22_BP14,diff,BP,14,comp_rel_diff
S7_32133319,7,99.94477983,6.76722416959943,10.0508014375412,-0.0707391858684745,0.0123147867544263,S7_31956171,7,96.48121012,4.34894828634838,S7_32940091,7,101.9471039,3.7680810494119,sv_area_day_22_BP14,diff,BP,14,comp_rel_diff
S9_6724364,9,34.93391023,3.73595971252856,5.32033188168418,0.0395853401410664,0.00947179312698112,S9_5686516,9,31.99307473,2.04306338028045,S9_8182398,9,37.12013546,1.78318829515445,sv_area_day_22_BP14,diff,BP,14,comp_rel_diff
S2_44586954,2,96.05450929,3.5620324280891,7.8099826057193,-0.0427642965298331,0.010397166017511,S2_43829684,2,92.81876812,1.99477157170652,S2_46820675,2,113.8524469,1.90363485497606,sv_area_day_22_BP14,diff,BP,14,comp_ratio
S7_32133319,7,99.94477983,6.7364766384164,15.4344860221724,0.0886548679868716,0.0153325779472521,S7_31956171,7,96.48121012,1.98320065142759,S7_32940091,7,101.9471039,3.71382935390771,sv_area_day_22_BP14,diff,BP,14,comp_ratio
S2_44586954,2,96.05450929,10.5080748465266,16.1959198194558,-14370.8111026408,1955.51276496251,S2_44257418,2,94.71205672,8.17308556439375,S2_44908249,2,97.68940295,8.59672936215272,sv_area_day_23_BP14,diff,BP,14,comp_diff
S3_7671407,3,48.57267674,4.28694419596546,6.05639427449375,-8949.9435451792,1991.56923658721,S3_7095091,3,46.70151328,2.68193284323846,S3_12575474,3,56.22627443,2.5619938834964,sv_area_day_23_BP14,diff,BP,14,comp_diff
S5_42739726,5,104.1345531,7.13759504436342,10.4910517396257,12931.3977218822,2186.34220369181,S5_42719546,5,103.4003774,4.72447406137245,S5_43769059,5,111.9145952,3.6261757141193,sv_area_day_23_BP14,diff,BP,14,comp_diff
S7_32133319,7,99.94477983,7.05771845534787,10.3620705383151,16943.4324554776,2882.44020590624,S7_31956171,7,96.48121012,4.77105314767034,S7_32940091,7,101.9471039,4.06821989480935,sv_area_day_23_BP14,diff,BP,14,comp_diff
S9_6724364,9,34.93391023,4.17721285811061,5.89243915912711,-9827.2269371725,2216.99960183424,S9_6184858,9,32.79210864,2.63195541081088,S9_8182398,9,37.12013546,2.02105228735092,sv_area_day_23_BP14,diff,BP,14,comp_diff
S2_44586954,2,96.05450929,10.4863607242427,16.1681446203404,0.0614145952781819,0.00836694739711704,S2_44257418,2,94.71205672,8.1512391963988,S2_44908249,2,97.68940295,8.57190381187669,sv_area_day_23_BP14,diff,BP,14,comp_rel_diff
S3_7671407,3,48.57267674,4.30697582920385,6.0903965420172,0.0383883141914684,0.00852122028493181,S3_7095091,3,46.70151328,2.69676538424427,S3_12575474,3,56.22627443,2.58060284164688,sv_area_day_23_BP14,diff,BP,14,comp_rel_diff
S5_42739726,5,104.1345531,7.13496714658386,10.4937292177718,-0.0553176740847986,0.00935458491406829,S5_42719546,5,103.4003774,4.72104646485032,S5_43769059,5,111.9145952,3.61623745024018,sv_area_day_23_BP14,diff,BP,14,comp_rel_diff
S7_32133319,7,99.94477983,7.00185100664578,10.2788074570856,-0.072179275542827,0.0123329420345743,S7_31956171,7,96.48121012,4.74013157711567,S7_32940091,7,101.9471039,4.03110584435799,sv_area_day_23_BP14,diff,BP,14,comp_rel_diff
S9_6724364,9,34.93391023,4.19499843736923,5.92288921341147,0.0421418179012055,0.00948575707626848,S9_6184858,9,32.79210864,2.64326021447484,S9_8182398,9,37.12013546,2.03314697817388,sv_area_day_23_BP14,diff,BP,14,comp_rel_diff
S2_44586954,2,96.05450929,3.66614445108931,7.18633646893949,-0.0396720187162149,0.00952917008311432,S2_42025292,2,84.60658262,1.79828428482149,S2_46205850,2,108.8915883,1.15924100702074,sv_area_day_23_BP14,diff,BP,14,comp_ratio
S3_10157778,3,52.17926891,3.40947741067531,6.65965718323013,-0.0394596349070551,0.0098458151512745,S3_7095091,3,46.70151328,1.85000079246665,S3_19988515,3,70.16338184,1.85862809451059,sv_area_day_23_BP14,diff,BP,14,comp_ratio
S7_32133319,7,99.94477983,7.65051257296472,15.8498242941257,0.0863185143673198,0.0139609921558972,S7_31956171,7,96.48121012,2.73762087512441,S7_32940091,7,101.9471039,4.48117594416442,sv_area_day_23_BP14,diff,BP,14,comp_ratio
S2_44586954,2,96.05450929,10.9605863089496,16.8191863590927,-16631.1926190042,2208.77829774367,S2_44257418,2,94.71205672,8.57074109009579,S2_44908249,2,97.68940295,9.13880590187669,sv_area_day_24_BP14,diff,BP,14,comp_diff
S3_7671407,3,48.57267674,4.23941749457391,5.92087143195182,-10049.592952449,2249.50457345241,S3_7095091,3,46.70151328,2.63251734077927,S3_12575474,3,56.22627443,2.40663350421844,sv_area_day_24_BP14,diff,BP,14,comp_diff
S5_42739726,5,104.1345531,6.87588783306335,9.96106708208625,14309.7259834652,2469.50329217007,S5_33184214,5,79.95790853,4.89112065891931,S5_43769059,5,111.9145952,3.43155727921682,sv_area_day_24_BP14,diff,BP,14,comp_diff
S7_32133319,7,99.94477983,7.03922736528007,10.2209922542469,19110.2814594171,3255.75546497215,S7_31814279,7,95.55378553,5.24006143175895,S7_32940091,7,101.9471039,4.16265313560469,sv_area_day_24_BP14,diff,BP,14,comp_diff
S9_6724364,9,34.93391023,4.62864512318445,6.49933206159985,-11720.8801520241,2504.13124085728,S9_6184858,9,32.79210864,2.87558795476845,S9_8182398,9,37.12013546,2.27009530886869,sv_area_day_24_BP14,diff,BP,14,comp_diff
S2_44586954,2,96.05450929,10.9342702774942,16.7954987712048,0.0626091851663035,0.00832664396984531,S2_44257418,2,94.71205672,8.54672836951502,S2_44908249,2,97.68940295,9.11159425907863,sv_area_day_24_BP14,diff,BP,14,comp_rel_diff
S3_7671407,3,48.57267674,4.24423442526352,5.93611121069618,0.0379076940840803,0.00848017372807902,S3_7095091,3,46.70151328,2.63553040459898,S3_12575474,3,56.22627443,2.41120619996709,sv_area_day_24_BP14,diff,BP,14,comp_rel_diff
S5_42739726,5,104.1345531,6.86908838358987,9.96389846551661,-0.0539155113487403,0.00930952405556794,S5_33184214,5,79.95790853,4.884675360393,S5_43769059,5,111.9145952,3.42066416537065,sv_area_day_24_BP14,diff,BP,14,comp_rel_diff
S7_32133319,7,99.94477983,6.98362616240587,10.1462598544857,-0.0717289116027919,0.0122735344861883,S7_31814279,7,95.55378553,5.20659557968461,S7_32940091,7,101.9471039,4.12528743544921,sv_area_day_24_BP14,diff,BP,14,comp_rel_diff
S9_6724364,9,34.93391023,4.62996017388116,6.51020011781919,0.0441920072443234,0.00944006436394518,S9_6184858,9,32.79210864,2.87393470233248,S9_8182398,9,37.12013546,2.27150152845502,sv_area_day_24_BP14,diff,BP,14,comp_rel_diff
S2_44586954,2,96.05450929,4.00376960257573,7.81261173398449,-0.0395813196306284,0.00907655596330915,S2_42025292,2,84.60658262,1.96122536423013,S2_46205850,2,108.8915883,1.39023196607012,sv_area_day_24_BP14,diff,BP,14,comp_ratio
S3_10157778,3,52.17926891,3.65072641785637,7.0891448313425,-0.0389570149891926,0.0093781611037982,S3_7095091,3,46.70151328,1.92881567285712,S3_19988515,3,70.16338184,1.78417543624795,sv_area_day_24_BP14,diff,BP,14,comp_ratio
S7_32133319,7,99.94477983,7.4704348647779,15.2965386021542,0.0811427900466121,0.0132978764678431,S7_31956171,7,96.48121012,2.79303744876714,S7_32940091,7,101.9471039,4.34669096132352,sv_area_day_24_BP14,diff,BP,14,comp_ratio
S2_44586954,2,96.05450929,11.3048078151521,17.3425990343108,-18431.897056741,2404.47820333304,S2_44257418,2,94.71205672,8.85868551708787,S2_44908249,2,97.68940295,9.59240762038005,sv_area_day_25_BP14,diff,BP,14,comp_diff
S3_7671407,3,48.57267674,4.16084167942743,5.77488063254271,-10832.2632136586,2448.81286668275,S3_7095091,3,46.70151328,2.59411004338422,S3_10923979,3,54.12476288,2.41523561466708,sv_area_day_25_BP14,diff,BP,14,comp_diff
S5_42739726,5,104.1345531,6.52754083549101,9.36200704735428,15141.0122004322,2688.30368586464,S5_33184214,5,79.95790853,4.83605694095565,S5_43769059,5,111.9145952,3.03618375137159,sv_area_day_25_BP14,diff,BP,14,comp_diff
S7_32133319,7,99.94477983,6.96378318157836,10.0486761207616,20680.7850468004,3544.21856593977,S7_31814279,7,95.55378553,5.39822955511346,S7_32940091,7,101.9471039,4.17065860945809,sv_area_day_25_BP14,diff,BP,14,comp_diff
S9_6724364,9,34.93391023,5.02339619639506,7.05567017506671,-13328.6768882608,2725.99970448705,S9_6184858,9,32.79210864,3.06984431742199,S9_7478538,9,36.4077051,3.23973793256998,sv_area_day_25_BP14,diff,BP,14,comp_diff
S2_44586954,2,96.05450929,11.2782849458985,17.328562214416,0.0633271305375955,0.00827242155730782,S2_44257418,2,94.71205672,8.83716467338989,S2_44908249,2,97.68940295,9.56808848063431,sv_area_day_25_BP14,diff,BP,14,comp_rel_diff
S3_7671407,3,48.57267674,4.14701860020251,5.76563828292633,0.0372020605416634,0.00842495154253359,S3_7095091,3,46.70151328,2.58299252375677,S3_10923979,3,54.12476288,2.40327651331731,sv_area_day_25_BP14,diff,BP,14,comp_rel_diff
S5_42739726,5,104.1345531,6.51729520617003,9.36390810389764,-0.0520468678806625,0.0092489012097135,S5_33184214,5,79.95790853,4.82778656173748,S5_43769059,5,111.9145952,3.0270831401854,sv_area_day_25_BP14,diff,BP,14,comp_rel_diff
S7_32133319,7,99.94477983,6.92215930566654,10.0019598424292,-0.0709170644156783,0.0121936102510927,S7_31814279,7,95.55378553,5.37089799891562,S7_32940091,7,101.9471039,4.14255556988878,sv_area_day_25_BP14,diff,BP,14,comp_rel_diff
S9_6724364,9,34.93391023,5.00325971633514,7.03890626173662,0.0457579011312554,0.00937859145046695,S9_6184858,9,32.79210864,3.0526423478832,S9_7478538,9,36.4077051,3.22528797491718,sv_area_day_25_BP14,diff,BP,14,comp_rel_diff
S2_44586954,2,96.05450929,4.147876192393,8.08595018294749,-0.0383560871980205,0.00863286845598008,S2_44073549,2,93.52620611,2.34019314168908,S2_46205850,2,108.8915883,1.59097442081987,sv_area_day_25_BP14,diff,BP,14,comp_ratio
S3_10157778,3,52.17926891,3.82606210047156,7.42557686626878,-0.0379778578802845,0.00891973029146201,S3_7095091,3,46.70151328,1.99709139235662,S3_19988515,3,70.16338184,1.84104815977987,sv_area_day_25_BP14,diff,BP,14,comp_ratio
S7_32133319,7,99.94477983,7.27403401400985,14.8096131756308,0.0760504570744925,0.0126478389771212,S7_31956171,7,96.48121012,2.80965466378156,S7_32940091,7,101.9471039,4.1683264151815,sv_area_day_25_BP14,diff,BP,14,comp_ratio
S2_44586954,2,96.05450929,11.1900211788743,17.4326917775333,-19716.2948024361,2587.30110701042,S2_44257418,2,94.71205672,8.7728776568231,S2_44908249,2,97.68940295,9.61930072625721,sv_area_day_26_BP14,diff,BP,14,comp_diff
S3_7671407,3,48.57267674,3.88786584806621,5.46802102501447,-11245.8663854283,2635.00672705082,S3_6422015,3,45.16807388,1.50644821710983,S3_10923979,3,54.12476288,2.09776128072327,sv_area_day_26_BP14,diff,BP,14,comp_diff
S5_42739726,5,104.1345531,5.91830060849196,8.5609896918922,15447.6544969351,2892.70707165333,S5_31260652,5,76.16548797,3.45553838093783,S5_43769059,5,111.9145952,2.54709839435043,sv_area_day_26_BP14,diff,BP,14,comp_diff
S7_32133319,7,99.94477983,6.69575331654124,9.79106224754545,21779.987939589,3813.70087132903,S7_31652984,7,94.85882286,4.7872590684262,S7_32940091,7,101.9471039,4.08694645616679,sv_area_day_26_BP14,diff,BP,14,comp_diff
S9_6724364,9,34.93391023,5.20736493225092,7.45861174524189,-14620.9986716466,2933.26928202249,S9_6184858,9,32.79210864,3.12938574284831,S9_7478538,9,36.4077051,3.38120691510533,sv_area_day_26_BP14,diff,BP,14,comp_diff
S2_2504271,2,11.41378601,4.55863915282637,5.44748529264445,-0.038335149257789,0.00830764518655366,S2_2387967,2,9.515531011,2.78750536550789,S2_2994509,2,15.12737113,2.9475231720997,sv_area_day_26_BP14,diff,BP,14,comp_rel_diff
S2_44784129,2,96.94547802,13.3571085055575,18.0683981442839,0.0638391065181043,0.00759636438031977,S2_44316069,2,95.42815792,11.6187211618092,S2_45043544,2,98.51301522,11.4804438014093,sv_area_day_26_BP14,diff,BP,14,comp_rel_diff
S3_7345986,3,47.38986671,4.79061123356878,5.7430832507092,0.0363898842645771,0.00768045471767299,S3_6422015,3,45.16807388,2.49813751838387,S3_10923979,3,54.12476288,2.81722932306446,sv_area_day_26_BP14,diff,BP,14,comp_rel_diff
S5_42739726,5,104.1345531,6.0189419996488,7.33966212636621,-0.0456075547355884,0.00851486111281272,S5_35318061,5,85.14836478,3.73632070798008,S5_43769059,5,111.9145952,3.2695004591406,sv_area_day_26_BP14,diff,BP,14,comp_rel_diff
S7_16810850,7,33.24039388,3.61509584974775,4.26410628976283,-0.0308113381797775,0.00754701762905303,S7_151566,7,0,2.53179325638638,S7_17697912,7,42.22766767,1.95229419550135,sv_area_day_26_BP14,diff,BP,14,comp_rel_diff
S7_32133319,7,99.94477983,8.04148994260551,10.0871195688321,-0.0701564486919972,0.0111728206435569,114,7,96.48121012,5.7671389052943,116,7,101.9471039,5.03139782805743,sv_area_day_26_BP14,diff,BP,14,comp_rel_diff
S9_6724364,9,34.93391023,6.24305697103899,7.63674002866235,0.0465290086401066,0.00851625409370946,S9_6184858,9,32.79210864,3.76568633247643,S9_7478538,9,36.4077051,4.1617504952516,sv_area_day_26_BP14,diff,BP,14,comp_rel_diff
S2_44586954,2,96.05450929,4.07567690495408,8.01995698142346,-0.0363862355316129,0.00826584510817536,S2_42025292,2,84.60658262,2.02859089642162,S2_46205850,2,108.8915883,1.74571614454153,sv_area_day_26_BP14,diff,BP,14,comp_ratio
S3_10157778,3,52.17926891,3.82366340414239,7.49795936357187,-0.0363512414729356,0.00854051111422321,S3_7095091,3,46.70151328,1.99470139334321,S3_19988515,3,70.16338184,1.80374476150502,sv_area_day_26_BP14,diff,BP,14,comp_ratio
S7_32133319,7,99.94477983,6.88398721127806,14.0844652209408,0.0706451729004622,0.0121101205782427,S7_31956171,7,96.48121012,2.75220318077737,S7_32940091,7,101.9471039,3.89463384809415,sv_area_day_26_BP14,diff,BP,14,comp_ratio
S2_2504271,2,11.41378601,4.93662785840403,5.99371070014314,13246.7254356747,2751.41546854692,S2_2387967,2,9.515531011,3.01915192645897,S2_2980842,2,14.65132439,3.39732638849436,sv_area_day_27_BP14,diff,BP,14,comp_diff
S2_44784129,2,96.94547802,13.3962213749528,18.3259662141174,-21179.8039590671,2515.84582530794,S2_44316069,2,95.42815792,11.5269949254613,S2_45043544,2,98.51301522,11.6886888393717,sv_area_day_27_BP14,diff,BP,14,comp_diff
S3_7345986,3,47.38986671,4.457443461136,5.37616685916873,-11598.6116962559,2543.69576951637,S3_6422015,3,45.16807388,2.30919978023328,S3_10923979,3,54.12476288,2.41040691051994,sv_area_day_27_BP14,diff,BP,14,comp_diff
S5_42739726,5,104.1345531,5.35934340179989,6.54517570870407,14187.9918376553,2820.04347227549,S5_33184214,5,79.95790853,3.54294097741624,S5_43769059,5,111.9145952,2.71794394726741,sv_area_day_27_BP14,diff,BP,14,comp_diff
S7_16810850,7,33.24039388,3.63695479269701,4.33720771857283,10236.7755692584,2499.50263638871,S7_151566,7,0,2.25790828211462,S7_17697912,7,42.22766767,1.80235030604113,sv_area_day_27_BP14,diff,BP,14,comp_diff
S7_32133319,7,99.94477983,7.72063668991275,9.74457072137924,22715.7400181363,3700.33515583197,114,7,96.48121012,5.76482722086682,116,7,101.9471039,4.86885350350171,sv_area_day_27_BP14,diff,BP,14,comp_diff
S9_6724364,9,34.93391023,6.40272874659932,7.93369104918629,-15623.1628373924,2820.50481470173,S9_6184858,9,32.79210864,3.77218424244368,S9_7478538,9,36.4077051,4.26930649159143,sv_area_day_27_BP14,diff,BP,14,comp_diff
S2_2504271,2,11.41378601,4.92183334106365,5.98813101287747,-0.038955047477581,0.00810415244896615,S2_2387967,2,9.515531011,3.00876953761026,S2_2980842,2,14.65132439,3.38739212930128,sv_area_day_27_BP14,diff,BP,14,comp_rel_diff
S2_44784129,2,96.94547802,13.3621075201957,18.3119556710223,0.062289279036626,0.00741029420655193,S2_44316069,2,95.42815792,11.5001020932225,S2_45043544,2,98.51301522,11.6580440794989,sv_area_day_27_BP14,diff,BP,14,comp_rel_diff
S3_7345986,3,47.38986671,4.44028372209546,5.36639474932332,0.034093249154071,0.0074923247817742,S3_6422015,3,45.16807388,2.30339760959853,S3_10923979,3,54.12476288,2.39729303485438,sv_area_day_27_BP14,diff,BP,14,comp_rel_diff
S5_42739726,5,104.1345531,5.34937365411558,6.54697317221267,-0.0417482235665377,0.00830629269671953,S5_33184214,5,79.95790853,3.53690695764319,S5_43769059,5,111.9145952,2.70763820652005,sv_area_day_27_BP14,diff,BP,14,comp_rel_diff
S7_16810850,7,33.24039388,3.62400832562978,4.3308392826244,-0.0300954990634283,0.00736215618595205,S7_151566,7,0,2.2707857082733,S7_17697912,7,42.22766767,1.79600824930558,sv_area_day_27_BP14,diff,BP,14,comp_rel_diff
S7_32133319,7,99.94477983,7.67398350522003,9.7014011168776,-0.0666837798677499,0.0108991464785827,114,7,96.48121012,5.73367077823598,116,7,101.9471039,4.83611936528188,sv_area_day_27_BP14,diff,BP,14,comp_rel_diff
S9_6724364,9,34.93391023,6.37800923831533,7.91833165999025,0.0459203940521177,0.00830765155705747,S9_6184858,9,32.79210864,3.75190779535243,S9_7478538,9,36.4077051,4.25123047215642,sv_area_day_27_BP14,diff,BP,14,comp_rel_diff
S2_44586954,2,96.05450929,3.91877084000222,7.82993822316607,-0.0340415752697284,0.00789504374809367,S2_42025292,2,84.60658262,1.90866561470721,S2_46205850,2,108.8915883,1.83874047716185,sv_area_day_27_BP14,diff,BP,14,comp_ratio
S3_10157778,3,52.17926891,3.6607009599867,7.2883411568323,-0.0339344978392336,0.00815738838502827,S3_7095091,3,46.70151328,1.9346711911315,S3_19988515,3,70.16338184,1.70184892546494,sv_area_day_27_BP14,diff,BP,14,comp_ratio
S7_32133319,7,99.94477983,6.4354507305956,13.3148827201492,0.0650369787549958,0.0115668670908619,S7_31956171,7,96.48121012,2.58532080927874,S7_32940091,7,101.9471039,3.58773427149938,sv_area_day_27_BP14,diff,BP,14,comp_ratio
S2_2504271,2,11.41378601,5.23136270914423,5.9831288967633,13621.780620558,2751.35804668114,S2_2387967,2,9.515531011,3.46210774275242,S2_2817621,2,14.33845739,3.65388723493765,sv_area_day_28_BP14,diff,BP,14,comp_diff
S2_44784129,2,96.94547802,13.6700276331965,17.6131646801582,-21380.9786572727,2517.01782307753,S2_44316069,2,95.42815792,11.9359208115537,S2_44908249,2,97.68940295,11.7463547291519,sv_area_day_28_BP14,diff,BP,14,comp_diff
S3_2892855,3,19.60647358,3.33702636558486,3.718043983826,9921.90898453845,2542.23319958667,S3_882154,3,3.183724647,1.50288539578911,S3_3346389,3,23.38668286,1.35131648522114,sv_area_day_28_BP14,diff,BP,14,comp_diff
S3_7345986,3,47.38986671,5.66573718487248,6.51910428460464,-13435.3232197005,2599.74985929988,S3_6422015,3,45.16807388,3.53585993185948,S3_9129550,3,51.94563747,4.16411473032295,sv_area_day_28_BP14,diff,BP,14,comp_diff
S5_42739726,5,104.1345531,5.06699144544729,5.78195007374516,13716.4579064913,2818.26751715435,S5_33184214,5,79.95790853,3.52861188560681,S5_43769059,5,111.9145952,2.27577924617912,sv_area_day_28_BP14,diff,BP,14,comp_diff
S7_16810850,7,33.24039388,4.20329238339189,4.73943848479268,11013.0894930051,2499.32729217588,S7_9428033,7,8.555063982,1.69113613748555,S7_17274949,7,37.04834281,2.59846240979983,sv_area_day_28_BP14,diff,BP,14,comp_diff
S7_32133319,7,99.94477983,7.88337031146892,9.35593285412863,22894.8222778665,3698.03602131694,114,7,96.48121012,4.92189269000598,116,7,101.9471039,4.96159271563298,sv_area_day_28_BP14,diff,BP,14,comp_diff
S9_6724364,9,34.93391023,7.03547240653455,8.25112064858171,-16388.9595826607,2818.85232268278,S9_6184858,9,32.79210864,4.09271987677372,S9_7142713,9,35.91474829,5.44388642400558,sv_area_day_28_BP14,diff,BP,14,comp_diff
S2_2504271,2,11.41378601,5.21808765947987,5.97954836356069,-0.0375941841146603,0.00760371077193119,S2_2387967,2,9.515531011,3.45187281060926,S2_2817621,2,14.33845739,3.64458257750508,sv_area_day_28_BP14,diff,BP,14,comp_rel_diff
S2_44784129,2,96.94547802,13.6398306055286,17.6040194533875,0.0590108095354646,0.00695608321772721,S2_44316069,2,95.42815792,11.9113742979134,S2_44908249,2,97.68940295,11.7211742822603,sv_area_day_28_BP14,diff,BP,14,comp_rel_diff
S3_2892855,3,19.60647358,3.32287874291753,3.70943975102867,-0.0273595473918406,0.00702576896081403,S3_882154,3,3.183724647,1.49532985320364,S3_3346389,3,23.38668286,1.34052569860992,sv_area_day_28_BP14,diff,BP,14,comp_rel_diff
S3_7345986,3,47.38986671,5.64561303603816,6.50795628399967,0.0370589609630646,0.00718472320726493,S3_6422015,3,45.16807388,3.52654606261112,S3_10157778,3,52.17926891,4.08429304765911,sv_area_day_28_BP14,diff,BP,14,comp_rel_diff
S5_42739726,5,104.1345531,5.05800303657121,5.78325825208196,-0.037871095657428,0.00778862318709106,S5_33184214,5,79.95790853,3.52310239354994,S5_43769059,5,111.9145952,2.26755851901527,sv_area_day_28_BP14,diff,BP,14,comp_rel_diff
S7_16810850,7,33.24039388,4.19030595116635,4.73400378786628,-0.0303862281240603,0.00690719329569749,S7_9428033,7,8.555063982,1.70233699644132,S7_17274949,7,37.04834281,2.59084042419213,sv_area_day_28_BP14,diff,BP,14,comp_rel_diff
S7_32133319,7,99.94477983,7.84183846942832,9.32102140923898,-0.0630873451435454,0.010219969866952,114,7,96.48121012,4.89867502254738,116,7,101.9471039,4.93270521530137,sv_area_day_28_BP14,diff,BP,14,comp_rel_diff
S9_6724364,9,34.93391023,7.01224055805274,8.23870411965615,0.0452106903924797,0.00779023936790817,S9_6184858,9,32.79210864,4.07397343382538,S9_7142713,9,35.91474829,5.42393146227702,sv_area_day_28_BP14,diff,BP,14,comp_rel_diff
S2_44586954,2,96.05450929,3.73861586305591,7.60752249409509,-0.0318896505463496,0.0075814659569057,S2_42025292,2,84.60658262,1.74050771969368,S2_46205850,2,108.8915883,1.87670946856238,sv_area_day_28_BP14,diff,BP,14,comp_ratio
S3_10157778,3,52.17926891,3.3446923530125,6.76915306255193,-0.0310807796297799,0.00783339070835204,S3_7095091,3,46.70151328,1.81363288536422,S3_19988515,3,70.16338184,1.50087728594618,sv_area_day_28_BP14,diff,BP,14,comp_ratio
S7_32133319,7,99.94477983,6.03585616976256,12.6789281610616,0.0603157333600278,0.0111074506836769,S7_31956171,7,96.48121012,2.37226197683353,S7_32940091,7,101.9471039,3.32601073043437,sv_area_day_28_BP14,diff,BP,14,comp_ratio
S2_44586954,2,96.05450929,8.46717578643553,14.7635817148271,-19777.3502381427,3032.3491530708,S2_44257418,2,94.71205672,6.83311912257172,S2_45322381,2,101.3191103,6.57614830472776,sv_area_day_29_BP14,diff,BP,14,comp_diff
S5_33587455,5,80.92708184,4.20590260514666,6.91081603968741,13819.08298929,3096.85966702098,S5_26573386,5,64.67695116,2.34687759676854,S5_43769059,5,111.9145952,1.2662034098524,sv_area_day_29_BP14,diff,BP,14,comp_diff
S7_32133319,7,99.94477983,4.46747386833009,7.36717380154165,20625.1059664629,4476.64543273641,S7_31652984,7,94.85882286,2.69225775129091,S7_32940091,7,101.9471039,2.58924461555003,sv_area_day_29_BP14,diff,BP,14,comp_diff
S9_6724364,9,34.93391023,6.84305513240653,11.6632501683975,-19548.3686919312,3372.15627770057,S9_6184858,9,32.79210864,3.87059894457517,S9_7478538,9,36.4077051,4.71792461248197,sv_area_day_29_BP14,diff,BP,14,comp_diff
S2_44586954,2,96.05450929,8.46343906088557,14.7611792011842,0.0517422467692982,0.00793530541216262,S2_44257418,2,94.71205672,6.82976169891403,S2_45322381,2,101.3191103,6.57261867900563,sv_area_day_29_BP14,diff,BP,14,comp_rel_diff
S5_33587455,5,80.92708184,4.20505930836755,6.91163884708683,-0.036159098575729,0.00810412193184732,S5_26573386,5,64.67695116,2.34545432903546,S5_43769059,5,111.9145952,1.26493614006691,sv_area_day_29_BP14,diff,BP,14,comp_rel_diff
S7_32133319,7,99.94477983,4.45996683640836,7.35646749938822,-0.0539253421264764,0.0117148609667038,S7_31652984,7,94.85882286,2.6880587779299,S7_32940091,7,101.9471039,2.58420579230322,sv_area_day_29_BP14,diff,BP,14,comp_rel_diff
S9_6724364,9,34.93391023,6.8379676203987,11.6576117421674,0.0511349737719679,0.00882454117593849,S9_6184858,9,32.79210864,3.86616208832491,S9_7478538,9,36.4077051,4.71394654610077,sv_area_day_29_BP14,diff,BP,14,comp_rel_diff
S2_44586954,2,96.05450929,3.87447888309248,8.8276986332174,-0.0326593850384547,0.00759712986088103,S2_44073549,2,93.52620611,2.24435213710537,S2_46820675,2,113.8524469,2.31299417472668,sv_area_day_29_BP14,diff,BP,14,comp_ratio
S7_32133319,7,99.94477983,5.05905372826726,11.7168823459553,0.0554869036884189,0.01120339769233,S7_31956171,7,96.48121012,1.69678029110041,S7_32940091,7,101.9471039,2.57206647419903,sv_area_day_29_BP14,diff,BP,14,comp_ratio
S2_44586954,2,96.05450929,7.88926046380551,14.2762210163006,-19659.3445467543,3135.40565057389,S2_44257418,2,94.71205672,6.32803729838395,S2_46014879,2,106.7975269,6.33705524986703,sv_area_day_30_BP14,diff,BP,14,comp_diff
S5_33587455,5,80.92708184,3.66842541819583,6.26009217724667,13295.2064940058,3202.10859926171,S5_25351129,5,62.27832806,1.83306966003306,S5_42996052,5,104.8464874,2.14297480323501,sv_area_day_30_BP14,diff,BP,14,comp_diff
S7_32133319,7,99.94477983,3.85319539687051,6.59215485483197,19721.938280008,4628.78734502043,S7_19153030,7,49.2934369,2.07665109004744,S7_32940091,7,101.9471039,2.32613085303691,sv_area_day_30_BP14,diff,BP,14,comp_diff
S9_6724364,9,34.93391023,6.29424032627321,11.1387791625256,-19311.2189111485,3486.76135695437,S9_6184858,9,32.79210864,3.46347202238934,S9_7478538,9,36.4077051,4.27515286751642,sv_area_day_30_BP14,diff,BP,14,comp_diff
S2_44586954,2,96.05450929,7.88926046380548,14.2762210163005,0.0491734566057602,0.00784251648539343,S2_44257418,2,94.71205672,6.32803729838395,S2_46014879,2,106.7975269,6.33705524986708,sv_area_day_30_BP14,diff,BP,14,comp_rel_diff
S5_33587455,5,80.92708184,3.66842541819578,6.26009217724656,-0.0332549876239669,0.00800935900371728,S5_25351129,5,62.27832806,1.83306966003305,S5_42996052,5,104.8464874,2.14297480323493,sv_area_day_30_BP14,diff,BP,14,comp_rel_diff
S7_32133319,7,99.94477983,3.85319539687055,6.59215485483203,-0.0493300208400671,0.0115778770297422,S7_19153030,7,49.2934369,2.07665109004748,S7_32940091,7,101.9471039,2.32613085303693,sv_area_day_30_BP14,diff,BP,14,comp_rel_diff
S9_6724364,9,34.93391023,6.29424032627324,11.1387791625257,0.0483026981328566,0.00872135425843298,S9_6184858,9,32.79210864,3.4634720223894,S9_7478538,9,36.4077051,4.27515286751653,sv_area_day_30_BP14,diff,BP,14,comp_rel_diff
S2_44784129,2,96.94547802,3.42101631112408,7.96732565914651,-0.0302074838988412,0.00750137456250332,S2_44073549,2,93.52620611,1.9101740869402,S2_46901860,2,114.5694173,1.23256683762472,sv_area_day_30_BP14,diff,BP,14,comp_ratio
S7_32133319,7,99.94477983,4.53711988864086,10.7305236735814,0.0515112661596534,0.0110223538698956,S7_31956171,7,96.48121012,1.44963412536413,S7_32940091,7,101.9471039,2.29267036197582,sv_area_day_30_BP14,diff,BP,14,comp_ratio
S2_44784129,2,96.94547802,8.87588304824516,16.6847585480032,-21276.3054182643,3179.74573907443,S2_44257418,2,94.71205672,6.67565388521999,S2_45980428,2,106.3362737,6.48571311280983,sv_area_day_31_BP14,diff,BP,14,comp_diff
S5_1722371,5,17.26194078,3.69099219536972,6.43122606764514,-13328.766119673,3208.4789966067,4,5,12.99603071,1.98425767547461,26,5,34.50398153,1.08742835397637,sv_area_day_31_BP14,diff,BP,14,comp_diff
S5_36228372,5,87.89272881,4.56782332924207,8.06080386124125,14858.0049388255,3194.68073368289,104,5,82.61997163,2.64448676815443,118,5,91.36022511,2.70327625951798,sv_area_day_31_BP14,diff,BP,14,comp_diff
S7_19446572,7,50.71621801,5.07544399704667,9.02294094981254,15818.3192561802,3214.71458158399,S7_18926544,7,48.34846759,3.51266434789452,S7_21479861,7,59.36936369,3.32816418673625,sv_area_day_31_BP14,diff,BP,14,comp_diff
S9_6724364,9,34.93391023,3.82304943005518,6.67406201553695,-15342.003625954,3625.29292385196,S9_4775142,9,30.60506955,1.34712807377827,S9_8182398,9,37.12013546,2.24402374228026,sv_area_day_31_BP14,diff,BP,14,comp_diff
S2_44784129,2,96.94547802,8.87588304824515,16.6847585480032,0.0512345204467173,0.0076570036423768,S2_44257418,2,94.71205672,6.67565388521986,S2_45980428,2,106.3362737,6.48571311280984,sv_area_day_31_BP14,diff,BP,14,comp_rel_diff
S5_1722371,5,17.26194078,3.69099219536977,6.43122606764516,0.0320964061599569,0.00772619491603065,4,5,12.99603071,1.98425767547456,26,5,34.50398153,1.08742835397634,sv_area_day_31_BP14,diff,BP,14,comp_rel_diff
S5_36228372,5,87.89272881,4.56782332924215,8.06080386124135,-0.0357788978335592,0.00769296793559389,104,5,82.61997163,2.64448676815446,118,5,91.36022511,2.70327625951798,sv_area_day_31_BP14,diff,BP,14,comp_rel_diff
S7_19446572,7,50.71621801,5.07544399704665,9.02294094981275,-0.0380913878340812,0.00774121054960687,S7_18926544,7,48.34846759,3.51266434789458,S7_21479861,7,59.36936369,3.32816418673631,sv_area_day_31_BP14,diff,BP,14,comp_rel_diff
S9_6724364,9,34.93391023,3.82304943005524,6.67406201553702,0.036944393446843,0.00872990591087243,S9_4775142,9,30.60506955,1.34712807377829,S9_8182398,9,37.12013546,2.24402374228028,sv_area_day_31_BP14,diff,BP,14,comp_rel_diff
S2_45664611,2,102.3964743,3.73661176047654,9.22466440857871,-0.0307947825387252,0.00729523739679017,S2_44073549,2,93.52620611,1.98221585350782,S2_46901860,2,114.5694173,1.32694262271818,sv_area_day_31_BP14,diff,BP,14,comp_ratio
S7_32133319,7,99.94477983,3.45183387814182,8.48661827780446,0.0427443338242267,0.0105572010897737,S7_20027592,7,53.74010584,1.94446476630526,S7_32940091,7,101.9471039,1.58409579424425,sv_area_day_31_BP14,diff,BP,14,comp_ratio
S2_44784129,2,96.94547802,6.44969044321832,13.5283972371968,-19508.9562488124,3470.19957881595,S2_44257418,2,94.71205672,4.68910351724136,S2_45980428,2,106.3362737,4.54257252592561,sv_area_day_32_BP14,diff,BP,14,comp_diff
S5_1474718,5,17.26193973,4.41777189345425,8.99421704851988,-15964.4503870675,3482.69851846409,4,5,12.99603071,2.47134387059075,26,5,34.50398153,1.88875672275981,sv_area_day_32_BP14,diff,BP,14,comp_diff
S5_36228372,5,87.89272881,3.38304430157309,6.78455556576582,13895.1186790273,3490.15849927711,S5_31260652,5,76.16548797,1.57005764744493,S5_43575577,5,107.8767063,1.1227388922608,sv_area_day_32_BP14,diff,BP,14,comp_diff
S7_19338119,7,50.48837552,5.34783073675856,11.0369459788829,17655.94176573,3477.04267359785,S7_18926544,7,48.34846759,3.82641840677504,S7_21479861,7,59.36936369,3.77136314424883,sv_area_day_32_BP14,diff,BP,14,comp_diff
S2_44784129,2,96.94547802,6.4496904432182,13.5283972371965,0.0449987783182976,0.00800425915030152,S2_44257418,2,94.71205672,4.68910351724131,S2_45980428,2,106.3362737,4.54257252592554,sv_area_day_32_BP14,diff,BP,14,comp_rel_diff
S5_1474718,5,17.26193973,4.41777189345418,8.9942170485197,0.0368231265055424,0.0080330888327954,4,5,12.99603071,2.47134387059079,26,5,34.50398153,1.88875672275981,sv_area_day_32_BP14,diff,BP,14,comp_rel_diff
S5_36228372,5,87.89272881,3.38304430157305,6.78455556576571,-0.0320500675263982,0.00805029580269079,S5_31260652,5,76.16548797,1.57005764744497,S5_43575577,5,107.8767063,1.12273889226084,sv_area_day_32_BP14,diff,BP,14,comp_rel_diff
S7_19338119,7,50.48837552,5.34783073675846,11.0369459788826,-0.0407246702173122,0.00802004322922271,S7_18926544,7,48.34846759,3.82641840677501,S7_21479861,7,59.36936369,3.77136314424871,sv_area_day_32_BP14,diff,BP,14,comp_rel_diff
