S7_32133319,7,99.94477983,4.29074661351891,9.04134253792436,-4.17286420272555,0.920184987803755,S7_31178325,7,89.28412826,1.52066476274704,S7_32940091,7,101.9471039,2.42403686979567,water_lost_total_17_BP14,dry,BP,14,raw
S9_6724364,9,34.93391023,6.88734472488897,15.0328948282113,3.97544135621265,0.679862982884762,S9_5686516,9,31.99307473,4.71137350871904,S9_8458511,9,38.57941159,5.38419629436788,water_lost_total_17_BP14,dry,BP,14,raw
S2_44784129,2,96.94547802,3.83894421480113,7.08179470188202,3.40784127152764,0.79923765206671,S2_43100924,2,89.4251276,2.00854988716719,S2_45980428,2,106.3362737,1.41605065254273,water_lost_total_18_BP14,dry,BP,14,raw
S7_32133319,7,99.94477983,5.72554892258128,10.8347744781681,-6.24667463140623,1.18442397810515,S7_31494503,7,93.27304403,3.71473150194526,S7_32940091,7,101.9471039,3.38828394908629,water_lost_total_18_BP14,dry,BP,14,raw
S9_6724364,9,34.93391023,8.34082282735786,16.3571627028593,5.66958509423901,0.87491433954681,S9_6184858,9,32.79210864,6.75357897876675,S9_8458511,9,38.57941159,6.82399426126198,water_lost_total_18_BP14,dry,BP,14,raw
S2_44769389,2,96.94547697,4.26604627589957,7.67525521958904,4.61730755611068,1.024304924133,S2_43481897,2,90.13407682,2.48843814552159,S2_45980428,2,106.3362737,1.66448772952834,water_lost_total_19_BP14,dry,BP,14,raw
S7_32133319,7,99.94477983,6.23882403555691,11.5284362020508,-8.38607752420651,1.51796075070158,S7_31494503,7,93.27304403,4.25674463344352,S7_32940091,7,101.9471039,3.72810788870503,water_lost_total_19_BP14,dry,BP,14,raw
S9_6724364,9,34.93391023,8.93136968232473,17.1229079378161,7.54954498431094,1.12129241948258,S9_6184858,9,32.79210864,7.211978628083,S9_8458511,9,38.57941159,7.33470903067014,water_lost_total_19_BP14,dry,BP,14,raw
S2_44752411,2,96.94547592,4.5100811261708,7.95500440213819,5.89256966596494,1.26926109025311,S2_43829684,2,92.81876812,2.85891865739952,S2_45980428,2,106.3362737,1.86741900719056,water_lost_total_20_BP14,dry,BP,14,raw
S7_32133319,7,99.94477983,6.57269440028334,11.9218391558928,-10.6902392404607,1.88097164431401,S7_31494503,7,93.27304403,4.59662404256424,S7_32940091,7,101.9471039,3.96815894896004,water_lost_total_20_BP14,dry,BP,14,raw
S9_6724364,9,34.93391023,9.4997763686027,17.9362385670085,9.68589652386182,1.38944254326508,S9_6184858,9,32.79210864,7.67256567555445,S9_8458511,9,38.57941159,7.76361576369484,water_lost_total_20_BP14,dry,BP,14,raw
S2_45043544,2,98.51301522,4.68489238314424,8.13074484949757,7.3754533339778,1.55691467427608,S2_43829684,2,92.81876812,2.90226115361526,S2_45980428,2,106.3362737,2.02365681985386,water_lost_total_21_BP14,dry,BP,14,raw
S7_32133319,7,99.94477983,6.613103398942,11.7813139341837,-12.9860790057545,2.27731147896909,S7_31178325,7,89.28412826,2.82153803228775,S7_32940091,7,101.9471039,3.9705849156706,water_lost_total_21_BP14,dry,BP,14,raw
S9_6724364,9,34.93391023,10.0602819284239,18.7904794917358,12.1226820447916,1.68333689461032,S9_6184858,9,32.79210864,8.16399565894384,S9_8458511,9,38.57941159,7.80774276081388,water_lost_total_21_BP14,dry,BP,14,raw
S2_45043544,2,98.51301522,4.87884961373071,8.34550366738276,8.89246698053229,1.83704733143972,S2_44073549,2,93.52620611,3.32426994437334,S2_45980428,2,106.3362737,2.17956408625302,water_lost_total_22_BP14,dry,BP,14,raw
S7_32133319,7,99.94477983,6.75912432204213,11.8606637183289,-15.5062972390863,2.68706374499452,S7_31494503,7,93.27304403,4.93550255057844,S7_32940091,7,101.9471039,4.09239925076374,water_lost_total_22_BP14,dry,BP,14,raw
S9_6724364,9,34.93391023,10.5745178382193,19.5543868676764,14.7171703503264,1.98621645826273,S9_6184858,9,32.79210864,8.60248516292834,S9_8378425,9,38.05852079,9.04958536724515,water_lost_total_22_BP14,dry,BP,14,raw
S2_45043544,2,98.51301522,4.97044007910639,8.39061716789185,10.4960397017585,2.14692037390049,S2_44073549,2,93.52620611,3.30609332426183,S2_45980428,2,106.3362737,2.32803697805035,water_lost_total_23_BP14,dry,BP,14,raw
S7_32133319,7,99.94477983,6.86283769027211,11.8867291587652,-18.2733140649749,3.14031750917214,S7_31494503,7,93.27304403,4.98769642566175,S7_32940091,7,101.9471039,4.19670413330813,water_lost_total_23_BP14,dry,BP,14,raw
S9_6724364,9,34.93391023,11.0871599688798,20.3524575091071,17.6743385734883,2.32125134080176,S9_6184858,9,32.79210864,9.07650934534546,S9_8378425,9,38.05852079,9.44857848189863,water_lost_total_23_BP14,dry,BP,14,raw
S2_45043544,2,98.51301522,4.97392755128057,8.31287661370037,12.1587621040452,2.48609251677889,S2_44073549,2,93.52620611,3.24877290194755,S2_45980428,2,106.3362737,2.44866797191927,water_lost_total_24_BP14,dry,BP,14,raw
S7_32133319,7,99.94477983,6.88395693558451,11.8073971262037,-21.1957311630262,3.63642730059836,S7_31494503,7,93.27304403,4.9613382132107,S7_32940091,7,101.9471039,4.23897280207422,water_lost_total_24_BP14,dry,BP,14,raw
S9_6724364,9,34.93391023,11.5383943707406,21.1006956148745,20.9444186658597,2.68796442480344,S9_6184858,9,32.79210864,9.50116576508985,S9_8378425,9,38.05852079,9.73936480351208,water_lost_total_24_BP14,dry,BP,14,raw
S2_45043544,2,98.51301522,4.90428003345252,8.14569461365105,13.9228711413456,2.86829173727449,S2_44073549,2,93.52620611,3.16263963936114,S2_45980428,2,106.3362737,2.57434308420399,water_lost_total_25_BP14,dry,BP,14,raw
S7_32133319,7,99.94477983,6.77372509258728,11.5398716742415,-24.2394552041133,4.19547314072597,S7_31494503,7,93.27304403,4.80895867526811,S7_32940091,7,101.9471039,4.17354368207563,water_lost_total_25_BP14,dry,BP,14,raw
S9_6724364,9,34.93391023,11.9380646197818,21.8379059973815,24.6477038943798,3.10119840581829,S9_6184858,9,32.79210864,9.86963177500862,S9_8378425,9,38.05852079,9.94058484748442,water_lost_total_25_BP14,dry,BP,14,raw
S2_45043544,2,98.51301522,4.76354476385086,7.89216407248675,15.6955442942028,3.2840248623671,S2_44073549,2,93.52620611,3.04882225741621,S2_45980428,2,106.3362737,2.65365122826593,water_lost_total_26_BP14,dry,BP,14,raw
S7_32133319,7,99.94477983,6.60288024625294,11.2159243002551,-27.3686569621218,4.80356928986228,S7_31494503,7,93.27304403,4.62421195280663,S7_32940091,7,101.9471039,4.0680717581924,water_lost_total_26_BP14,dry,BP,14,raw
S9_6724364,9,34.93391023,12.2242566812064,22.4373141316703,28.6134346849559,3.55068926061124,S9_6184858,9,32.79210864,10.1391246624925,S9_8279734,9,37.58932098,10.6068465599095,water_lost_total_26_BP14,dry,BP,14,raw
S2_45043544,2,98.51301522,4.56881350898579,7.57066878419658,17.517403574751,3.74743654806773,S2_44073549,2,93.52620611,2.91590413202147,S2_45980428,2,106.3362737,2.72349275787322,water_lost_total_27_BP14,dry,BP,14,raw
S7_32133319,7,99.94477983,6.34706364079177,10.7738135417524,-30.5664472370599,5.48140524887215,S7_31494503,7,93.27304403,4.3888400996213,S7_32940091,7,101.9471039,3.91306020664705,water_lost_total_27_BP14,dry,BP,14,raw
S9_6724364,9,34.93391023,12.4657747903209,23.0217485163905,33.0276744686245,4.05173019806412,S9_6184858,9,32.79210864,10.3364581448401,S9_7478538,9,36.4077051,10.2084167618987,water_lost_total_27_BP14,dry,BP,14,raw
S5_44003086,5,115.1315049,3.96785667836524,6.53099607586719,-19.0237812543302,4.38474677757964,S5_33184214,5,79.95790853,2.07763816382447,S5_44418942,5,120.9842738,1.94988385263266,water_lost_total_28_BP14,dry,BP,14,raw
S7_31711920,7,95.32348365,6.77972373708124,11.5925379195294,-29.8532149721257,5.16463020888421,S7_31178325,7,89.28412826,3.41722250410858,S7_32133319,7,99.94477983,5.15659130056014,water_lost_total_28_BP14,dry,BP,14,raw
S9_6724364,9,34.93391023,13.7568119954972,25.9057556838462,39.3425484336431,4.55304288454772,S9_6184858,9,32.79210864,11.4954139827138,S9_7142713,9,35.91474829,12.0355058915905,water_lost_total_28_BP14,dry,BP,14,raw
S5_44003086,5,115.1315049,4.18936961535302,6.90242579805435,-21.6312117081732,4.84489299827848,S5_33184214,5,79.95790853,2.20265658794903,S5_44418942,5,120.9842738,2.0473790401433,water_lost_total_29_BP14,dry,BP,14,raw
S7_31711920,7,95.32348365,6.55604489312156,11.1536960456189,-32.3879970246368,5.70661933447677,S7_31178325,7,89.28412826,3.25931442364057,S7_32133319,7,99.94477983,4.98195085423925,water_lost_total_29_BP14,dry,BP,14,raw
S9_6724364,9,34.93391023,13.864044369075,26.0949098203169,43.6732083991721,5.0308505168418,S9_6184858,9,32.79210864,11.5549403464975,S9_7142713,9,35.91474829,12.1636122154542,water_lost_total_29_BP14,dry,BP,14,raw
S5_44003086,5,115.1315049,4.38904908511117,7.25802791038862,-24.2181361885528,5.29234971151609,S5_43769059,5,111.9145952,2.58097114446512,S5_44418942,5,120.9842738,2.1412881497542,water_lost_total_30_BP14,dry,BP,14,raw
S7_31711920,7,95.32348365,6.33997404811914,10.7649772074861,-34.7402285304888,6.23366196101372,S7_31178325,7,89.28412826,3.10467991728714,S7_32133319,7,99.94477983,4.83961285907939,water_lost_total_30_BP14,dry,BP,14,raw
S9_6724364,9,34.93391023,13.8395280623614,26.065345768182,47.6563052240245,5.49548159081096,S9_6184858,9,32.79210864,11.5060766161014,S9_7142713,9,35.91474829,12.1429812776978,water_lost_total_30_BP14,dry,BP,14,raw
S5_44003086,5,115.1315049,4.57665942362791,7.62335639424106,-26.8808988925692,5.74530061516253,S5_43769059,5,111.9145952,2.7092099031415,S5_44336611,5,119.8635321,3.02887746366172,water_lost_total_31_BP14,dry,BP,14,raw
S7_31711920,7,95.32348365,6.08552084135587,10.3459613490282,-36.8850872356492,6.76717599016481,S7_31178325,7,89.28412826,2.93885820325761,S7_32940091,7,101.9471039,2.71490612907628,water_lost_total_31_BP14,dry,BP,14,raw
S9_6724364,9,34.93391023,13.67653187052,25.8210918931971,51.3706665035218,5.96581773415268,S9_6184858,9,32.79210864,11.3451646869668,S9_7142713,9,35.91474829,11.9839811366934,water_lost_total_31_BP14,dry,BP,14,raw
S5_44050206,5,115.8565285,4.7542050052952,8.00261730459598,-29.3736448802667,6.15235617746528,S5_43769059,5,111.9145952,2.81510605279175,S5_44336611,5,119.8635321,3.10795170189093,water_lost_total_32_BP14,dry,BP,14,raw
S7_31711920,7,95.32348365,5.68945220267213,9.69891935597285,-38.4082920815548,7.30740159965987,S7_31178325,7,89.28412826,2.66615626240605,S7_32940091,7,101.9471039,2.72993766034682,water_lost_total_32_BP14,dry,BP,14,raw
S9_6724364,9,34.93391023,13.5073724350889,25.6480468584879,55.1032087922143,6.44687715485647,S9_6184858,9,32.79210864,11.1949712995574,S9_7142713,9,35.91474829,11.7972149045273,water_lost_total_32_BP14,dry,BP,14,raw
S5_44050206,5,115.8565285,4.90125737505258,8.56403768833032,-32.7971690578308,6.75546490983913,S5_43866387,5,112.9382883,3.34845365016582,S5_44336611,5,119.8635321,3.37694246589187,water_lost_total_33_BP14,dry,BP,14,raw
S7_31652984,7,94.85882286,5.39371485176207,9.48905914102493,-39.8835943401142,7.8044244810498,S7_31178325,7,89.28412826,2.42954287889544,S7_32940091,7,101.9471039,2.53272165653899,water_lost_total_33_BP14,dry,BP,14,raw
S9_6724364,9,34.93391023,13.0289626959413,25.5284131053605,59.4277833512602,7.08982949398834,S9_6184858,9,32.79210864,11.0500866727659,S9_7142713,9,35.91474829,11.3308525752326,water_lost_total_33_BP14,dry,BP,14,raw
S7_32133319,7,99.94477983,4.3333145891551,9.52109873508272,-7.09596416121797,1.55587600789503,S7_31178325,7,89.28412826,2.50016568077384,S7_32940091,7,101.9471039,2.19949923402771,water_lost_total_17_BP14,wet,BP,14,raw
S9_6724364,9,34.93391023,5.82911889716127,13.0758642200028,6.2823398042216,1.17542067921134,S9_5686516,9,31.99307473,3.90342642182921,S9_8279734,9,37.58932098,3.98359909475416,water_lost_total_17_BP14,wet,BP,14,raw
S2_44586954,2,96.05450929,5.21071101494947,9.115687033158,7.79959914042246,1.55947196414356,S2_43100924,2,89.4251276,3.47661813022692,S2_45043544,2,98.51301522,3.413661460432,water_lost_total_18_BP14,wet,BP,14,raw
S5_43714208,5,109.7001758,3.70762334049063,6.35284664931211,-7.13966177299288,1.70998950244593,S5_41101118,5,96.20937263,2.18734405546681,S5_44003086,5,115.1315049,2.0985776789467,water_lost_total_18_BP14,wet,BP,14,raw
S7_32133319,7,99.94477983,5.37087179138896,9.41676696002617,-11.6370401218983,2.28924150935382,S7_31178325,7,89.28412826,3.10370124799713,S7_32940091,7,101.9471039,2.73440290553447,water_lost_total_18_BP14,wet,BP,14,raw
S9_6724364,9,34.93391023,8.11057569617753,14.7745684604825,10.984020306825,1.72505885444073,S9_6184858,9,32.79210864,6.32725558966521,S9_6930910,9,35.42306752,6.60343558689079,water_lost_total_18_BP14,wet,BP,14,raw
S2_44586954,2,96.05450929,6.27672368548053,10.4398347093657,12.3869900267941,2.23994039150469,S2_43374008,2,89.65964759,4.72891510502623,S2_44908249,2,97.68940295,4.73477059107992,water_lost_total_19_BP14,wet,BP,14,raw
S5_43714208,5,109.7001758,4.22077445385731,6.82295404554517,-10.9804736087606,2.45613556616978,S5_42251884,5,101.3829046,2.0409167723057,S5_44003086,5,115.1315049,2.47054874335184,water_lost_total_19_BP14,wet,BP,14,raw
S7_32133319,7,99.94477983,6.19634759247829,10.2946189796672,-18.0566905720746,3.28814152521611,S7_31178325,7,89.28412826,3.49126688005018,S7_32940091,7,101.9471039,3.1352861341941,water_lost_total_19_BP14,wet,BP,14,raw
S9_6724364,9,34.93391023,9.21512443048814,15.9716779914472,16.9480834825851,2.47778036067912,S9_6184858,9,32.79210864,7.1043977340945,S9_6930910,9,35.42306752,7.65751069457304,water_lost_total_19_BP14,wet,BP,14,raw
S2_44586954,2,96.05450929,7.10689135619855,11.4190425674774,18.1448695446484,3.06574332977609,S2_43829684,2,92.81876812,4.93067697223256,S2_44908249,2,97.68940295,5.46459383316468,water_lost_total_20_BP14,wet,BP,14,raw
S5_43714208,5,109.7001758,4.58084072958235,7.10631099872464,-15.6955660155411,3.36164357657419,S5_42719546,5,103.4003774,2.82937422804802,S5_44003086,5,115.1315049,2.73198025453908,water_lost_total_20_BP14,wet,BP,14,raw
S7_32133319,7,99.94477983,6.78694078771445,10.8563295618976,-25.9713517368581,4.50038670070116,S7_31178325,7,89.28412826,3.77580904965676,S7_32940091,7,101.9471039,3.42614284153829,water_lost_total_20_BP14,wet,BP,14,raw
S9_6724364,9,34.93391023,10.0081986353199,16.7506330269458,24.3097762407789,3.39126819723064,S9_6184858,9,32.79210864,7.64154268567226,S9_6930910,9,35.42306752,8.45348338903037,water_lost_total_20_BP14,wet,BP,14,raw
S2_44586954,2,96.05450929,8.42512355783634,12.2128793723655,25.0373146520951,3.8612546173907,S2_44209808,2,93.99718694,6.3705869966469,S2_44908249,2,97.68940295,6.8198373209312,water_lost_total_21_BP14,wet,BP,14,raw
S5_43714208,5,109.7001758,5.80019842285327,8.10491334659135,-22.4270360042054,4.24568157837389,S5_43575577,5,107.8767063,4.26082563765241,S5_44003086,5,115.1315049,3.95718665131354,water_lost_total_21_BP14,wet,BP,14,raw
S7_16511236,7,33.24039283,3.15991499365676,4.25731499187138,-14.664433725745,3.83042649045983,S7_756781,7,1.438924409,1.52637318321135,S7_19580554,7,51.64603332,1.65469360241391,water_lost_total_21_BP14,wet,BP,14,raw
S7_32133319,7,99.94477983,7.24951304453715,10.3369105189109,-33.8880509272433,5.68068803403946,S7_31429416,7,92.5060333,5.69134648911832,S7_32940091,7,101.9471039,3.92249735288191,water_lost_total_21_BP14,wet,BP,14,raw
S9_6724364,9,34.93391023,11.3765006381714,17.1943843722561,32.8631084491798,4.27134893900052,S9_6501061,9,33.93753996,9.8502625641414,S9_7142713,9,35.91474829,9.56145017891476,water_lost_total_21_BP14,wet,BP,14,raw
S2_44586954,2,96.05450929,9.08174133822668,12.9005814357165,33.5286148387793,4.95738216250905,S2_44209808,2,93.99718694,6.84501274634508,S2_44908249,2,97.68940295,7.46444623500558,water_lost_total_22_BP14,wet,BP,14,raw
S5_43714208,5,109.7001758,5.86000928003516,7.95698099208428,-28.9136580479225,5.44340076961921,S5_43575577,5,107.8767063,4.24099701627572,S5_44003086,5,115.1315049,3.9641884323955,water_lost_total_22_BP14,wet,BP,14,raw
S7_17165775,7,34.01418423,3.22363288663181,4.22055515386194,-19.1092263720228,4.93969057616403,S7_756781,7,1.438924409,1.44002474700376,S7_19644932,7,51.8739576,1.64494157504661,water_lost_total_22_BP14,wet,BP,14,raw
S7_32133319,7,99.94477983,7.86980277423659,10.9901188109811,-45.4867327174087,7.28660083664293,101,7,93.27304403,6.35098505318539,112,7,101.9471039,4.06550028660019,water_lost_total_22_BP14,wet,BP,14,raw
S9_6724364,9,34.93391023,11.8030688754928,17.4259551265504,43.1075738187946,5.48399076920847,S9_6501061,9,33.93753996,10.189790841026,S9_7142713,9,35.91474829,9.98962595862913,water_lost_total_22_BP14,wet,BP,14,raw
S2_44586954,2,96.05450929,9.52490001919525,13.2952373399754,42.7445860180367,6.15196926539172,S2_44209808,2,93.99718694,7.24269149876824,S2_44908249,2,97.68940295,7.95541900740273,water_lost_total_23_BP14,wet,BP,14,raw
S5_43714208,5,109.7001758,6.22462499385019,8.29556192755189,-37.1257257049688,6.7644600444522,S5_43575577,5,107.8767063,4.450587786211,S5_44003086,5,115.1315049,4.316014048471,water_lost_total_23_BP14,wet,BP,14,raw
S7_16511236,7,33.24039283,3.23227926975145,4.13298471525027,-23.6419698512687,6.10285214979563,S7_9428033,7,8.555063982,1.12008459187861,S7_19976887,7,53.27530926,1.55778861964998,water_lost_total_23_BP14,wet,BP,14,raw
S7_32133319,7,99.94477983,8.06516371341675,11.0286291324012,-57.2751629562693,9.05079349968004,S7_31494503,7,93.27304403,6.54914859970167,S7_32940091,7,101.9471039,4.39773274075319,water_lost_total_23_BP14,wet,BP,14,raw
S9_6724364,9,34.93391023,12.3046199367768,17.8673336410483,54.815016934254,6.80535473525751,S9_6501061,9,33.93753996,10.594459022674,S9_7142713,9,35.91474829,10.5033155481903,water_lost_total_23_BP14,wet,BP,14,raw
S2_44586954,2,96.05450929,9.17159633804782,13.5989302772386,52.5567688484306,7.70428494646137,S2_44209808,2,93.99718694,7.1415637871249,S2_44908249,2,97.68940295,7.53260288975265,water_lost_total_24_BP14,wet,BP,14,raw
S5_43714262,5,109.7001769,5.34726124677817,7.51550759675283,-42.8421557320136,8.44788921199576,S5_42719546,5,103.4003774,3.04996331260153,S5_44003086,5,115.1315049,3.348327553375,water_lost_total_24_BP14,wet,BP,14,raw
S7_32133319,7,99.94477983,8.42855666164467,12.3671238620147,-73.574052776596,11.3095774114132,S7_31429416,7,92.5060333,6.79745292588063,S7_32940091,7,101.9471039,4.38924183759212,water_lost_total_24_BP14,wet,BP,14,raw
S9_6724364,9,34.93391023,11.8959534837821,18.3335180455914,67.5033823067109,8.52233657913598,S9_6184858,9,32.79210864,8.910261779783,S9_7142713,9,35.91474829,9.90039237977647,water_lost_total_24_BP14,wet,BP,14,raw
S2_44752288,2,96.94547487,10.7446302340135,13.4517626518811,61.4792203335256,8.28462021397101,S2_44257418,2,94.71205672,9.10495149397522,S2_45043544,2,98.51301522,8.6150437718353,water_lost_total_25_BP14,wet,BP,14,raw
S5_43714208,5,109.7001758,8.209841892111,9.91687201985589,-59.5071866563476,9.33933416721651,S5_43329831,5,106.5862469,6.40324371841657,S5_44003086,5,115.1315049,5.38974048973227,water_lost_total_25_BP14,wet,BP,14,raw
S6_31006529,6,59.39487638,3.32200461514758,3.74921234150261,33.4009110045481,8.52554486457748,S6_29065113,6,49.8232161,1.59810831351911,S6_33383362,6,78.16213009,1.56708307379407,water_lost_total_25_BP14,wet,BP,14,raw
S7_19532160,7,51.17962841,4.48507949045035,5.1436584364801,-38.437993121001,8.37642095813037,S7_16359609,7,32.72868696,2.65905370154326,S7_20791180,7,57.68635809,2.86168604885886,water_lost_total_25_BP14,wet,BP,14,raw
S7_32133319,7,99.94477983,8.66415905745268,10.532718955802,-81.0281740096893,12.3395594558933,S7_31956171,7,96.48121012,5.70738148014122,S7_32940091,7,101.9471039,3.91587180899077,water_lost_total_25_BP14,wet,BP,14,raw
S9_6724364,9,34.93391023,12.794007572752,16.4925940706293,75.5154104499459,9.19019979736936,S9_6501061,9,33.93753996,11.2202736379763,S9_7142713,9,35.91474829,10.6190021947688,water_lost_total_25_BP14,wet,BP,14,raw
S2_44752288,2,96.94547487,11.0558859051217,13.5835909572182,70.8392470381698,9.38980789368616,S2_44257418,2,94.71205672,9.33496267398375,S2_45043544,2,98.51301522,9.09702922419919,water_lost_total_26_BP14,wet,BP,14,raw
S5_43714208,5,109.7001758,8.44247737133357,9.99636482784325,-68.5063767316673,10.5852231508713,S5_43329831,5,106.5862469,6.61711213022653,S5_43769059,5,111.9145952,6.31047399999786,water_lost_total_26_BP14,wet,BP,14,raw
S6_31006529,6,59.39487638,3.43737598118082,3.79636786551145,38.538989491851,9.66287245520139,S6_29065113,6,49.8232161,1.67999546603507,S6_33383362,6,78.16213009,1.67106473448705,water_lost_total_26_BP14,wet,BP,14,raw
S7_19532160,7,51.17962841,4.83168749834287,5.43995103055097,-45.326274490598,9.49385507145542,S7_16414980,7,32.98157305,3.00450160012226,S7_20791180,7,57.68635809,3.0622781366326,water_lost_total_26_BP14,wet,BP,14,raw
S7_32133319,7,99.94477983,8.87188143010544,10.5684784217797,-93.0679016036089,13.9856854980706,S7_31956171,7,96.48121012,5.91732390134784,S7_32940091,7,101.9471039,4.09177004553162,water_lost_total_26_BP14,wet,BP,14,raw
S9_6724364,9,34.93391023,13.2218129075114,16.7552070011271,87.2758096886755,10.4161939078833,S9_6501061,9,33.93753996,11.6235587178235,S9_7142713,9,35.91474829,11.0417129084252,water_lost_total_26_BP14,wet,BP,14,raw
S2_44752288,2,96.94547487,11.202751116257,13.5579974732689,78.9744687041819,10.3884387975728,S2_44257418,2,94.71205672,9.44646519161137,S2_45043544,2,98.51301522,9.46008166107339,water_lost_total_27_BP14,wet,BP,14,raw
S5_43714208,5,109.7001758,8.69199760037914,10.152168931284,-77.0391827993351,11.7109896290231,S5_43575577,5,107.8767063,7.19063632178777,S5_43769059,5,111.9145952,6.47250819365948,water_lost_total_27_BP14,wet,BP,14,raw
S6_31006529,6,59.39487638,3.56333310642629,3.87518876620702,43.4495126765859,10.690544497413,S6_29065113,6,49.8232161,1.75474819334726,S6_33383362,6,78.16213009,1.77166651897078,water_lost_total_27_BP14,wet,BP,14,raw
S7_19532160,7,51.17962841,5.10987218795878,5.67703852224076,-51.6696773683392,10.5035516678844,S7_17849585,7,42.46452593,3.55590758900047,S7_20312115,7,54.97788472,3.41519351794696,water_lost_total_27_BP14,wet,BP,14,raw
S7_32133319,7,99.94477983,8.90147288855979,10.4275483275071,-103.158993215015,15.4731001404728,S7_31956171,7,96.48121012,6.02779961670945,S7_32940091,7,101.9471039,4.16360105792223,water_lost_total_27_BP14,wet,BP,14,raw
S9_6724364,9,34.93391023,13.6431449118136,17.0979577098685,98.3814925267025,11.5239836789906,S9_6501061,9,33.93753996,11.9927476367911,S9_7142713,9,35.91474829,11.4690408642163,water_lost_total_27_BP14,wet,BP,14,raw
S2_44752288,2,96.94547487,11.1980441612967,13.4215843960227,85.8785448891476,11.2993652852379,S2_44257418,2,94.71205672,9.44364205773228,S2_45043544,2,98.51301522,9.68032703075247,water_lost_total_28_BP14,wet,BP,14,raw
S5_43714262,5,109.7001769,8.86204930126732,10.2762140413509,-84.7115572672984,12.7378860526701,S5_43575577,5,107.8767063,7.30172816903006,S5_43769059,5,111.9145952,6.58523249410902,water_lost_total_28_BP14,wet,BP,14,raw
S6_31006529,6,59.39487638,3.61725296395167,3.89903804361943,47.6333427870787,11.6279615953721,S6_29065113,6,49.8232161,1.77765327807194,S6_33383362,6,78.16213009,1.830154542317,water_lost_total_28_BP14,wet,BP,14,raw
S7_19532160,7,51.17962841,5.32071609543931,5.87179896468867,-57.4320427402953,11.4245720074859,S7_18223567,7,43.92895216,3.53281154612118,S7_19976887,7,53.27530926,3.55469800547718,water_lost_total_28_BP14,wet,BP,14,raw
S7_32133319,7,99.94477983,8.85396260310312,10.2656675022779,-111.867370910983,16.8298831026847,S7_31956171,7,96.48121012,6.07588005425367,S7_32940091,7,101.9471039,4.18732942452619,water_lost_total_28_BP14,wet,BP,14,raw
S9_6724364,9,34.93391023,13.9458615708635,17.385463081056,108.424708811974,12.5344821939439,S9_6501061,9,33.93753996,12.2823518555864,S9_7142713,9,35.91474829,11.773331296499,water_lost_total_28_BP14,wet,BP,14,raw
S2_44752288,2,96.94547487,11.1071303777916,13.2401207482786,91.7891648830915,12.1342176374963,S2_44257418,2,94.71205672,9.38908085021922,S2_45156658,2,100.2097111,8.98443172975782,water_lost_total_29_BP14,wet,BP,14,raw
S5_43714262,5,109.7001769,9.02567976902945,10.446490205307,-91.9123684105369,13.6790233524584,S5_43575577,5,107.8767063,7.43093846167805,S5_43769059,5,111.9145952,6.69488599845577,water_lost_total_29_BP14,wet,BP,14,raw
S6_31006529,6,59.39487638,3.67075063580842,3.94315167081482,51.5485824261016,12.4870922496,S6_30703582,6,56.23729456,2.17064891021027,S6_33383362,6,78.16213009,1.86323570628578,water_lost_total_29_BP14,wet,BP,14,raw
S7_19532160,7,51.17962841,5.46907182189909,6.02280478903005,-62.5937152371277,12.2686752445461,S7_18223567,7,43.92895216,3.55410598518839,S7_19976887,7,53.27530926,3.61878801699763,water_lost_total_29_BP14,wet,BP,14,raw
S7_32133319,7,99.94477983,8.7037410907827,10.0282918887666,-118.983291678444,18.0733571511666,S7_31956171,7,96.48121012,6.03133873772379,S7_32940091,7,101.9471039,4.12542046509827,water_lost_total_29_BP14,wet,BP,14,raw
S9_6724364,9,34.93391023,14.1407355175514,17.6044262428177,117.41098521495,13.4605910221651,S9_6501061,9,33.93753996,12.4713553718734,S9_7142713,9,35.91474829,12.0064748393017,water_lost_total_29_BP14,wet,BP,14,raw
S2_44752288,2,96.94547487,10.9333739161004,13.0076108482668,96.7214454642452,12.9033777669722,S2_44257418,2,94.71205672,9.2811054281153,S2_45156658,2,100.2097111,9.00455040196943,water_lost_total_30_BP14,wet,BP,14,raw
S5_43714262,5,109.7001769,9.15481798925966,10.6207970721783,-98.5248714373919,14.5461051608783,S5_43575577,5,107.8767063,7.54608037846734,S5_43769059,5,111.9145952,6.78860186571947,water_lost_total_30_BP14,wet,BP,14,raw
S6_31006529,6,59.39487638,3.68923190470596,3.96607761522682,54.9609403934582,13.278620288606,S6_30703582,6,56.23729456,2.14297241993991,S6_33383362,6,78.16213009,1.8705158810769,water_lost_total_30_BP14,wet,BP,14,raw
S7_19532160,7,51.17962841,5.56644455878565,6.14152504423652,-67.1967106910754,13.0463583322824,S7_18223567,7,43.92895216,3.57976164592709,S7_19806344,7,52.34268693,3.74225942198801,water_lost_total_30_BP14,wet,BP,14,raw
S7_32133319,7,99.94477983,8.50397940117407,9.7757179577127,-124.889346405562,19.2189856656493,S7_31956171,7,96.48121012,5.93896624025126,S7_32940091,7,101.9471039,4.02754414356023,water_lost_total_30_BP14,wet,BP,14,raw
S9_6724364,9,34.93391023,14.240886650939,17.7639612261521,125.385197330678,14.3138269078836,S9_6501061,9,33.93753996,12.5887575467545,S9_7142713,9,35.91474829,12.1591907363542,water_lost_total_30_BP14,wet,BP,14,raw
S2_44752288,2,96.94547487,10.6814111558906,12.7305151955985,100.690096991463,13.6146773098908,S2_44257418,2,94.71205672,9.11994516744216,S2_45156658,2,100.2097111,8.96663544159987,water_lost_total_31_BP14,wet,BP,14,raw
S5_43714262,5,109.7001769,9.25486034160571,10.8098220449615,-104.596307336846,15.3479601587736,S5_42719546,5,103.4003774,6.05553059021298,S5_43769059,5,111.9145952,6.86481461803896,water_lost_total_31_BP14,wet,BP,14,raw
S6_31006529,6,59.39487638,3.6890278608267,3.98716612335846,57.9889806642531,14.0106051000598,S6_30703582,6,56.23729456,2.10022938826113,S6_33383362,6,78.16213009,1.85532680679488,water_lost_total_31_BP14,wet,BP,14,raw
S7_19532160,7,51.17962841,5.61564359458518,6.23337058747275,-71.2379041236067,13.7655396882106,S7_18223567,7,43.92895216,3.61402028719508,S7_19806344,7,52.34268693,3.71316308830374,water_lost_total_31_BP14,wet,BP,14,raw
S7_32133319,7,99.94477983,8.230115438409,9.47521306366453,-129.385411787687,20.2784335068437,S7_31956171,7,96.48121012,5.78057510434185,S7_32940091,7,101.9471039,3.87613360936242,water_lost_total_31_BP14,wet,BP,14,raw
S9_6724364,9,34.93391023,14.2449763352438,17.8656360134651,132.319959478825,15.1028775518982,S9_6501061,9,33.93753996,12.6250811474068,S9_7142713,9,35.91474829,12.2402888227099,water_lost_total_31_BP14,wet,BP,14,raw
S2_44752288,2,96.94547487,10.3383281939346,12.3949416181217,103.677674163711,14.2840671065239,S2_44209808,2,93.99718694,8.4724950047844,S2_45205644,2,100.5702577,8.81624379652895,water_lost_total_32_BP14,wet,BP,14,raw
S5_43714262,5,109.7001769,9.30948391226427,11.000176125395,-110.104769843985,16.1025698858768,S5_42719546,5,103.4003774,6.28489091459297,S5_43769059,5,111.9145952,6.9137234124949,water_lost_total_32_BP14,wet,BP,14,raw
S6_31006529,6,59.39487638,3.6575738971129,3.9943673667054,60.5670673488927,14.6994613898687,S6_30703582,6,56.23729456,2.03735048656038,S6_33383362,6,78.16213009,1.8171409083625,water_lost_total_32_BP14,wet,BP,14,raw
S7_19532160,7,51.17962841,5.61268400555842,6.29747922796666,-74.7192089915242,14.4423469016833,S7_18223567,7,43.92895216,3.64447587743153,S7_19806344,7,52.34268693,3.64333187363163,water_lost_total_32_BP14,wet,BP,14,raw
S7_32133319,7,99.94477983,7.88861740542013,9.13677002997081,-132.582560150018,21.2754587151697,S7_31956171,7,96.48121012,5.56577556152756,S7_32940091,7,101.9471039,3.68208928485127,water_lost_total_32_BP14,wet,BP,14,raw
S9_6724364,9,34.93391023,14.1426785307843,17.9035350733642,138.224410968952,15.8454373572412,S9_6501061,9,33.93753996,12.5745424872132,S9_7142713,9,35.91474829,12.2347867891029,water_lost_total_32_BP14,wet,BP,14,raw
S2_44784129,2,96.94547802,8.83076289202068,10.891906388396,102.408446828245,15.4065999794879,S2_44209808,2,93.99718694,7.1003343782576,S2_45322381,2,101.3191103,6.94508447012143,water_lost_total_33_BP14,wet,BP,14,raw
S3_7345986,3,47.38986671,3.57097982408781,4.08216957228833,63.3888264220936,15.5772276865922,S3_6422015,3,45.16807388,1.33380777172802,S3_11383115,3,55.06652941,2.04949086109253,water_lost_total_33_BP14,wet,BP,14,raw
S5_42739726,5,104.1345531,8.32643388780397,10.1945061827867,-110.64479199407,17.2056410013703,S5_42719546,5,103.4003774,6.67599946982468,S5_43769059,5,111.9145952,5.15314136398826,water_lost_total_33_BP14,wet,BP,14,raw
S7_19532160,7,51.17962841,4.71641409038561,5.48069131983735,-73.8015042660821,15.6520245266949,S7_18223567,7,43.92895216,3.11394534921382,S7_19806344,7,52.34268693,2.76823843354704,water_lost_total_33_BP14,wet,BP,14,raw
S7_32133319,7,99.94477983,7.78724867525941,9.4597491933159,-139.906735185553,22.5850880622922,S7_31494503,7,93.27304403,6.14809556685466,S7_32940091,7,101.9471039,5.53292682109333,water_lost_total_33_BP14,wet,BP,14,raw
S9_6724364,9,34.93391023,11.0209380747628,14.0377830783563,129.542754473599,17.1667009181564,S9_5686516,9,31.99307473,8.18923788071409,S9_7478538,9,36.4077051,8.91883179471644,water_lost_total_33_BP14,wet,BP,14,raw
S9_8279734,9,37.58932098,4.49771084076014,11.4709599969252,0.0179925868522626,0.00385639900095604,S9_5686516,9,31.99307473,2.89435337181203,S9_11507269,9,52.68122588,2.84563582922787,water_lost_total_17_BP14,diff,BP,14,comp_ratio
S9_8279734,9,37.58932098,3.91324584225951,10.0581505466035,0.0152138745342166,0.00350999930518951,S9_5686516,9,31.99307473,2.05454775057658,S9_10073675,9,45.61491815,2.15712833317841,water_lost_total_18_BP14,diff,BP,14,comp_ratio
S2_44586954,2,96.05450929,4.23286248203654,8.31495699648314,-7.98844792585563,1.78417081776005,S2_41447940,2,82.72432845,2.66915882765433,S2_44908249,2,97.68940295,2.70956599163516,water_lost_total_19_BP14,diff,BP,14,comp_diff
S5_43706919,5,109.5147878,4.80302363935764,9.50961329305551,9.30138059349159,1.94254019376084,S5_38161186,5,91.85580311,3.06527392729183,S5_43769059,5,111.9145952,2.80711454255712,water_lost_total_19_BP14,diff,BP,14,comp_diff
S7_16511236,7,33.24039283,3.62206331966843,7.05545867287228,7.2744918458333,1.76377857220659,S7_13950231,7,22.25953203,1.70054980835923,S7_32940091,7,101.9471039,1.41599002553731,water_lost_total_19_BP14,diff,BP,14,comp_diff
S9_6724364,9,34.93391023,5.25232602288485,10.4641206494623,-9.88128875313743,1.96728032371738,S9_6184858,9,32.79210864,3.41045849591428,S9_8279734,9,37.58932098,3.42539228300465,water_lost_total_19_BP14,diff,BP,14,comp_diff
S2_44586954,2,96.05450929,4.23286248203651,8.31495699648306,0.0195962718479133,0.0043767070515384,S2_41447940,2,82.72432845,2.66915882765427,S2_44908249,2,97.68940295,2.70956599163511,water_lost_total_19_BP14,diff,BP,14,comp_rel_diff
S5_43706919,5,109.5147878,4.80302363935765,9.50961329305553,-0.0228169957872565,0.00476519920587182,S5_38161186,5,91.85580311,3.0652739272919,S5_43769059,5,111.9145952,2.80711454255719,water_lost_total_19_BP14,diff,BP,14,comp_rel_diff
S7_16511236,7,33.24039283,3.62206331966837,7.05545867287219,-0.0178448831474493,0.00432668331837223,S7_13950231,7,22.25953203,1.70054980835918,S7_32940091,7,101.9471039,1.41599002553728,water_lost_total_19_BP14,diff,BP,14,comp_rel_diff
S9_6724364,9,34.93391023,5.25232602288485,10.4641206494623,0.0242395547184429,0.00482588863098679,S9_6184858,9,32.79210864,3.41045849591429,S9_8279734,9,37.58932098,3.4253922830047,water_lost_total_19_BP14,diff,BP,14,comp_rel_diff
S2_44586954,2,96.05450929,5.91388160472805,10.0596808033026,-12.5772389807688,2.35614907126879,S2_42025292,2,84.60658262,3.29497420963677,S2_44908249,2,97.68940295,4.21163227018469,water_lost_total_20_BP14,diff,BP,14,comp_diff
S5_43706919,5,109.5147878,5.14315001987593,8.65553527314377,12.7643619796209,2.57787406970882,S5_39989445,5,94.51587552,3.38943232018396,S5_44003086,5,115.1315049,2.8691756307357,water_lost_total_20_BP14,diff,BP,14,comp_diff
S7_16511236,7,33.24039283,3.79391844211563,6.2669465616217,9.83633843611898,2.33461364171323,S7_13950231,7,22.25953203,1.89723879631152,S7_17697912,7,42.22766767,1.8767816144429,water_lost_total_20_BP14,diff,BP,14,comp_diff
S7_32133319,7,99.94477983,3.9259212675825,6.49680158248106,14.8478556331999,3.46117442683175,S7_31178325,7,89.28412826,2.17993632029401,S7_32940091,7,101.9471039,1.96073854871918,water_lost_total_20_BP14,diff,BP,14,comp_diff
S9_6724364,9,34.93391023,6.74352151511511,11.6042728798753,-14.9062961742809,2.59998193958765,S9_6184858,9,32.79210864,4.56155120255926,S9_8182398,9,37.12013546,4.97440484136586,water_lost_total_20_BP14,diff,BP,14,comp_diff
S2_44586954,2,96.05450929,5.91388160472813,10.0596808033027,0.024127064321203,0.00451982826117611,S2_42025292,2,84.60658262,3.29497420963683,S2_44908249,2,97.68940295,4.21163227018477,water_lost_total_20_BP14,diff,BP,14,comp_rel_diff
S5_43706919,5,109.5147878,5.14315001987593,8.6555352731438,-0.0244860245537455,0.00494516591335564,S5_39989445,5,94.51587552,3.38943232018394,S5_44003086,5,115.1315049,2.86917563073568,water_lost_total_20_BP14,diff,BP,14,comp_rel_diff
S7_16511236,7,33.24039283,3.79391844211565,6.26694656162173,-0.0188691628183451,0.00447851659532748,S7_13950231,7,22.25953203,1.89723879631157,S7_17697912,7,42.22766767,1.87678161444288,water_lost_total_20_BP14,diff,BP,14,comp_rel_diff
S7_32133319,7,99.94477983,3.92592126758257,6.49680158248119,-0.0284828147451048,0.00663961129710264,S7_31178325,7,89.28412826,2.17993632029405,S7_32940091,7,101.9471039,1.96073854871924,water_lost_total_20_BP14,diff,BP,14,comp_rel_diff
S9_6724364,9,34.93391023,6.7435215151151,11.6042728798753,0.028594921917099,0.00498757569815713,S9_6184858,9,32.79210864,4.56155120255927,S9_8182398,9,37.12013546,4.97440484136584,water_lost_total_20_BP14,diff,BP,14,comp_rel_diff
S2_44586954,2,96.05450929,6.86293879745882,11.119468604186,-17.9493610478801,3.10081516931799,S2_43100924,2,89.4251276,4.92109554227816,S2_44908249,2,97.68940295,5.0441473589873,water_lost_total_21_BP14,diff,BP,14,comp_diff
S5_43714208,5,109.7001758,5.60386438422944,8.92168462910922,17.6786618702819,3.40953268997635,S5_43240044,5,106.0943485,3.6914626569536,S5_44003086,5,115.1315049,3.21245134566978,water_lost_total_21_BP14,diff,BP,14,comp_diff
S7_16511236,7,33.24039283,3.86396234274147,6.00535566245401,13.0856420159892,3.07605836535113,S7_13950231,7,22.25953203,1.8505045209581,S7_17697912,7,42.22766767,2.16534302736687,water_lost_total_21_BP14,diff,BP,14,comp_diff
S7_32133319,7,99.94477983,4.74695607600982,7.4682024861777,21.6415079409453,4.56192750117479,S7_31178325,7,89.28412826,2.57679062661622,S7_32940091,7,101.9471039,2.41161011956144,water_lost_total_21_BP14,diff,BP,14,comp_diff
S9_6724364,9,34.93391023,7.5205407040382,12.2974974531994,-20.8810319832692,3.43014509425266,S9_6184858,9,32.79210864,5.0245516771991,S9_8182398,9,37.12013546,5.56452362231414,water_lost_total_21_BP14,diff,BP,14,comp_diff
S2_44586954,2,96.05450929,6.86293879745883,11.1194686041861,0.0276611641700227,0.00477856327200748,S2_43100924,2,89.4251276,4.92109554227822,S2_44908249,2,97.68940295,5.04414735898736,water_lost_total_21_BP14,diff,BP,14,comp_rel_diff
S5_43714208,5,109.7001758,5.60386438422938,8.9216846291091,-0.0272439986579879,0.00525431758985278,S5_43240044,5,106.0943485,3.69146265695354,S5_44003086,5,115.1315049,3.2124513456697,water_lost_total_21_BP14,diff,BP,14,comp_rel_diff
S7_16511236,7,33.24039283,3.8639623427414,6.00535566245392,-0.0201658483056238,0.00474041138364634,S7_13950231,7,22.25953203,1.85050452095807,S7_17697912,7,42.22766767,2.16534302736685,water_lost_total_21_BP14,diff,BP,14,comp_rel_diff
S7_32133319,7,99.94477983,4.74695607600979,7.46820248617767,-0.0333510091219675,0.00703023495962495,S7_31178325,7,89.28412826,2.57679062661616,S7_32940091,7,101.9471039,2.41161011956145,water_lost_total_21_BP14,diff,BP,14,comp_rel_diff
S9_6724364,9,34.93391023,7.52054070403821,12.2974974531994,0.0321790648808036,0.00528608268149615,S9_6184858,9,32.79210864,5.02455167719908,S9_8182398,9,37.12013546,5.5645236223141,water_lost_total_21_BP14,diff,BP,14,comp_rel_diff
S2_44586954,2,96.05450929,7.74236820029515,12.09820226311,-24.9257784336726,4.02922934025573,S2_43481897,2,90.13407682,5.91095546064521,S2_44908249,2,97.68940295,5.85536264388639,water_lost_total_22_BP14,diff,BP,14,comp_diff
S5_43714208,5,109.7001758,5.90297275960512,8.99010421028294,23.6259701821573,4.43037988427904,S5_43240044,5,106.0943485,3.85028882444531,S5_44003086,5,115.1315049,3.43637849216143,water_lost_total_22_BP14,diff,BP,14,comp_diff
S7_16511236,7,33.24039283,3.92704915906319,5.81941541687942,17.1493112048785,3.99706010878999,S7_13950231,7,22.25953203,1.80312809059462,S7_18647587,7,45.61589714,2.32502879661078,water_lost_total_22_BP14,diff,BP,14,comp_diff
S7_32133319,7,99.94477983,5.5111005624976,8.34771821267672,30.4610380536584,5.92781289182605,S7_31429416,7,92.5060333,3.87027075824527,S7_32940091,7,101.9471039,2.84005034622329,water_lost_total_22_BP14,diff,BP,14,comp_diff
S9_6724364,9,34.93391023,8.31356847498504,13.0953221854942,-28.6868600513211,4.45716384254431,S9_6184858,9,32.79210864,5.53400285888209,S9_7478538,9,36.4077051,6.22771635603672,water_lost_total_22_BP14,diff,BP,14,comp_diff
S2_44586954,2,96.05450929,7.74236820029508,12.09820226311,0.0314799011348224,0.00508869729458184,S2_43481897,2,90.13407682,5.91095546064529,S2_44908249,2,97.68940295,5.85536264388638,water_lost_total_22_BP14,diff,BP,14,comp_rel_diff
S5_43714208,5,109.7001758,5.90297275960506,8.99010421028287,-0.0298383140782413,0.00559532859196088,S5_43240044,5,106.0943485,3.85028882444534,S5_44003086,5,115.1315049,3.43637849216145,water_lost_total_22_BP14,diff,BP,14,comp_rel_diff
S7_16511236,7,33.24039283,3.92704915906316,5.81941541687937,-0.0216586463967992,0.00504806930662072,S7_13950231,7,22.25953203,1.80312809059463,S7_18647587,7,45.61589714,2.32502879661079,water_lost_total_22_BP14,diff,BP,14,comp_rel_diff
S7_32133319,7,99.94477983,5.51110056249756,8.34771821267665,-0.0384706326803347,0.00748650495618302,S7_31429416,7,92.5060333,3.87027075824526,S7_32940091,7,101.9471039,2.84005034622332,water_lost_total_22_BP14,diff,BP,14,comp_rel_diff
S9_6724364,9,34.93391023,8.31356847498505,13.0953221854942,0.0362299424544398,0.00562915527305866,S9_6184858,9,32.79210864,5.53400285888215,S9_7478538,9,36.4077051,6.22771635603682,water_lost_total_22_BP14,diff,BP,14,comp_rel_diff
S2_44586954,2,96.05450929,8.46281735415119,12.9098090556723,-32.8342864037538,5.05107531124896,S2_44209808,2,93.99718694,6.02774919253329,S2_44908249,2,97.68940295,6.59991167695023,water_lost_total_23_BP14,diff,BP,14,comp_diff
S5_43714208,5,109.7001758,6.14934677980987,9.0818973742548,30.2813300269473,5.5539609595704,S5_43240044,5,106.0943485,3.99846269142293,S5_44003086,5,115.1315049,3.66282289157715,water_lost_total_23_BP14,diff,BP,14,comp_diff
S7_16511236,7,33.24039283,3.89939517530562,5.58225555858644,21.418606972036,5.01074769593677,S7_14596913,7,23.66485032,2.36851883670832,S7_19580554,7,51.64603332,2.39512157060211,water_lost_total_23_BP14,diff,BP,14,comp_diff
S7_32133319,7,99.94477983,6.02667583988228,8.88554393679973,40.0757982109766,7.43115539452155,S7_31429416,7,92.5060333,4.29886295814287,S7_32940091,7,101.9471039,3.12397964987663,water_lost_total_23_BP14,diff,BP,14,comp_diff
S9_6724364,9,34.93391023,8.89163909873283,13.6460792717385,-37.3429160746851,5.58753755174388,S9_6184858,9,32.79210864,5.88681653750654,S9_7478538,9,36.4077051,6.70850749045663,water_lost_total_23_BP14,diff,BP,14,comp_diff
S2_44586954,2,96.05450929,8.46281735415121,12.9098090556722,0.0348692756892652,0.00536412868516141,S2_44209808,2,93.99718694,6.02774919253326,S2_44908249,2,97.68940295,6.59991167695021,water_lost_total_23_BP14,diff,BP,14,comp_rel_diff
S5_43714208,5,109.7001758,6.14934677980982,9.08189737425473,-0.0321580932797898,0.005898181963977,S5_43240044,5,106.0943485,3.99846269142288,S5_44003086,5,115.1315049,3.6628228915771,water_lost_total_23_BP14,diff,BP,14,comp_rel_diff
S7_16511236,7,33.24039283,3.89939517530565,5.58225555858649,-0.0227460801859411,0.0053213016622464,S7_14596913,7,23.66485032,2.36851883670837,S7_19580554,7,51.64603332,2.39512157060217,water_lost_total_23_BP14,diff,BP,14,comp_rel_diff
S7_32133319,7,99.94477983,6.02667583988228,8.88554393679976,-0.0425595988017617,0.007891720348511,S7_31429416,7,92.5060333,4.29886295814289,S7_32940091,7,101.9471039,3.12397964987665,water_lost_total_23_BP14,diff,BP,14,comp_rel_diff
S9_6724364,9,34.93391023,8.89163909873282,13.6460792717385,0.0396573392714398,0.00593383955174383,S9_6184858,9,32.79210864,5.88681653750653,S9_7478538,9,36.4077051,6.70850749045661,water_lost_total_23_BP14,diff,BP,14,comp_rel_diff
S2_44586954,2,96.05450929,9.02421388275565,13.5151608188283,-41.2305730771095,6.11803758237707,S2_44257418,2,94.71205672,7.45026599962569,S2_44908249,2,97.68940295,7.19991128215118,water_lost_total_24_BP14,diff,BP,14,comp_diff
S5_43714208,5,109.7001758,6.2528338064906,9.00792345706696,37.0117896032014,6.72715011911093,S5_43329831,5,106.5862469,4.69425982198213,S5_44003086,5,115.1315049,3.78038474986517,water_lost_total_24_BP14,diff,BP,14,comp_diff
S7_16511236,7,33.24039283,3.77628525800566,5.2567212738517,25.5085004605793,6.06919137619634,S7_14596913,7,23.66485032,2.14793158519819,S7_19644932,7,51.8739576,2.25161893541297,water_lost_total_24_BP14,diff,BP,14,comp_diff
S7_32133319,7,99.94477983,6.57146861748458,9.50908646768587,50.8804167389781,9.00087311763428,S7_31429416,7,92.5060333,4.74947084639646,S7_32940091,7,101.9471039,3.49240973068113,water_lost_total_24_BP14,diff,BP,14,comp_diff
S9_6724364,9,34.93391023,9.35967021073807,14.084046948341,-46.5595855089704,6.76781925194845,S9_6184858,9,32.79210864,6.21075263797947,S9_7478538,9,36.4077051,7.10052277603099,water_lost_total_24_BP14,diff,BP,14,comp_diff
S2_44586954,2,96.05450929,9.02421388275572,13.5151608188284,0.0375705765994958,0.00557494554338139,S2_44257418,2,94.71205672,7.45026599962567,S2_44908249,2,97.68940295,7.19991128215121,water_lost_total_24_BP14,diff,BP,14,comp_rel_diff
S5_43714208,5,109.7001758,6.25283380649061,9.00792345706696,-0.0337262902887836,0.00612998777324013,S5_43329831,5,106.5862469,4.69425982198214,S5_44003086,5,115.1315049,3.7803847498652,water_lost_total_24_BP14,diff,BP,14,comp_rel_diff
S7_16511236,7,33.24039283,3.77628525800566,5.25672127385168,-0.023244136546444,0.00553043536576451,S7_14596913,7,23.66485032,2.14793158519812,S7_19644932,7,51.8739576,2.25161893541295,water_lost_total_24_BP14,diff,BP,14,comp_rel_diff
S7_32133319,7,99.94477983,6.57146861748463,9.50908646768592,-0.0463638133511012,0.00820187466945897,S7_31429416,7,92.5060333,4.74947084639649,S7_32940091,7,101.9471039,3.49240973068115,water_lost_total_24_BP14,diff,BP,14,comp_rel_diff
S9_6724364,9,34.93391023,9.35967021073809,14.084046948341,0.0424265379608976,0.00616704674808507,S9_6184858,9,32.79210864,6.2107526379795,S9_7478538,9,36.4077051,7.10052277603095,water_lost_total_24_BP14,diff,BP,14,comp_rel_diff
S2_44586954,2,96.05450929,9.37532435703497,13.8958298761607,-49.3138897600616,7.16140180928415,S2_44257418,2,94.71205672,7.75663799713585,S2_44908249,2,97.68940295,7.66700920010613,water_lost_total_25_BP14,diff,BP,14,comp_diff
S5_43714208,5,109.7001758,6.25915111395679,8.88048619596535,43.34753104129,7.87439181038981,S5_43575577,5,107.8767063,4.69381904473766,S5_44003086,5,115.1315049,3.82332609597263,water_lost_total_25_BP14,diff,BP,14,comp_diff
S7_16511236,7,33.24039283,3.62915511423608,4.9649061773991,29.241606616056,7.10422541822585,S7_14686597,7,24.41187922,2.10071452557064,S7_21663918,7,60.36847472,1.68390977635699,water_lost_total_25_BP14,diff,BP,14,comp_diff
S7_32133319,7,99.94477983,6.92199163647376,9.91213928263362,61.2749848986125,10.5358733355016,S7_31429416,7,92.5060333,5.08332460032396,S7_32940091,7,101.9471039,3.77444748751348,water_lost_total_25_BP14,diff,BP,14,comp_diff
S9_6724364,9,34.93391023,9.69718734777603,14.4383880694576,-55.6061698546236,7.9219966179058,S9_6184858,9,32.79210864,6.43397475759206,S9_7478538,9,36.4077051,7.37972201448562,water_lost_total_25_BP14,diff,BP,14,comp_diff
S2_44586954,2,96.05450929,9.37532435703492,13.8958298761606,0.0393351337387514,0.00571227902109778,S2_44257418,2,94.71205672,7.75663799713582,S2_44908249,2,97.68940295,7.66700920010614,water_lost_total_25_BP14,diff,BP,14,comp_rel_diff
S5_43714208,5,109.7001758,6.25915111395679,8.88048619596535,-0.0345760786474145,0.00628099418804851,S5_43575577,5,107.8767063,4.69381904473768,S5_44003086,5,115.1315049,3.82332609597266,water_lost_total_25_BP14,diff,BP,14,comp_rel_diff
S7_16511236,7,33.24039283,3.62915511423606,4.96490617739908,-0.0233245138960842,0.00566667237761619,S7_14686597,7,24.41187922,2.10071452557059,S7_21663918,7,60.36847472,1.68390977635698,water_lost_total_25_BP14,diff,BP,14,comp_rel_diff
S7_32133319,7,99.94477983,6.92199163647378,9.91213928263353,-0.0488758793425969,0.00840392004611526,S7_31429416,7,92.5060333,5.08332460032393,S7_32940091,7,101.9471039,3.77444748751345,water_lost_total_25_BP14,diff,BP,14,comp_rel_diff
S9_6724364,9,34.93391023,9.69718734777598,14.4383880694575,0.0443541594178357,0.00631896607546928,S9_6184858,9,32.79210864,6.433974757592,S9_7478538,9,36.4077051,7.37972201448556,water_lost_total_25_BP14,diff,BP,14,comp_rel_diff
S2_44586954,2,96.05450929,9.44492309503579,13.8367664688518,-56.3817226835869,8.15356750373731,S2_44257418,2,94.71205672,7.56563272445101,S2_44908249,2,97.68940295,7.86679683810659,water_lost_total_26_BP14,diff,BP,14,comp_diff
S5_43714208,5,109.7001758,6.27740677054391,8.79676967999136,49.4367605900833,8.96633642962849,S5_42719546,5,103.4003774,4.33086141392979,S5_44003086,5,115.1315049,3.8150702859167,water_lost_total_26_BP14,diff,BP,14,comp_diff
S7_19532160,7,51.17962841,3.62383721494064,4.89501042624051,33.8094215462141,8.22029806755548,S7_14686597,7,24.41187922,1.88668651473513,S7_21663918,7,60.36847472,1.7508269390407,water_lost_total_26_BP14,diff,BP,14,comp_diff
S7_32133319,7,99.94477983,6.15451626119209,8.60981282834763,66.1979595776298,12.1359669136106,S7_31429416,7,92.5060333,4.34568042987059,S7_32940091,7,101.9471039,3.09074087254913,water_lost_total_26_BP14,diff,BP,14,comp_diff
S9_6724364,9,34.93391023,9.18715249802339,13.4102570891808,-61.5831081588399,9.04627296199999,S9_6184858,9,32.79210864,7.05311051547087,S9_7142713,9,35.91474829,7.5881407616151,water_lost_total_26_BP14,diff,BP,14,comp_diff
S2_44586954,2,96.05450929,9.44492309503583,13.8367664688519,0.0401388875020473,0.00580463159328284,S2_44257418,2,94.71205672,7.56563272445103,S2_44908249,2,97.68940295,7.86679683810659,water_lost_total_26_BP14,diff,BP,14,comp_rel_diff
S5_43714208,5,109.7001758,6.27740677054387,8.79676967999132,-0.0351946779442526,0.0063832524464375,S5_42719546,5,103.4003774,4.33086141392977,S5_44003086,5,115.1315049,3.81507028591663,water_lost_total_26_BP14,diff,BP,14,comp_rel_diff
S7_19532160,7,51.17962841,3.62383721494068,4.89501042624057,-0.0240693704158109,0.00585213795645442,S7_14686597,7,24.41187922,1.88668651473512,S7_21663918,7,60.36847472,1.7508269390407,water_lost_total_26_BP14,diff,BP,14,comp_rel_diff
S7_32133319,7,99.94477983,6.15451626119212,8.60981282834767,-0.0471271952306818,0.00863975393954735,S7_31429416,7,92.5060333,4.34568042987055,S7_32940091,7,101.9471039,3.09074087254915,water_lost_total_26_BP14,diff,BP,14,comp_rel_diff
S9_6724364,9,34.93391023,9.18715249802349,13.4102570891809,0.0438418220082812,0.00644016031174289,S9_6184858,9,32.79210864,7.05311051547089,S9_7142713,9,35.91474829,7.58814076161519,water_lost_total_26_BP14,diff,BP,14,comp_rel_diff
S2_44586954,2,96.05450929,9.57501178566542,13.9095018839965,-62.6586397765786,8.99126553083826,S2_44257418,2,94.71205672,7.67919043888744,S2_45043544,2,98.51301522,7.4477046821572,water_lost_total_27_BP14,diff,BP,14,comp_diff
S5_43714208,5,109.7001758,6.3217021391503,8.77370393533489,54.7247795369113,9.88753838619295,S5_42719546,5,103.4003774,4.37358309731043,S5_44003086,5,115.1315049,3.86890360529164,water_lost_total_27_BP14,diff,BP,14,comp_diff
S7_19532160,7,51.17962841,3.79609667661277,5.08733683581592,38.2041300633007,9.06485199688968,S7_14776325,7,25.13741186,2.2851425119224,S7_21663918,7,60.36847472,1.81094055311843,water_lost_total_27_BP14,diff,BP,14,comp_diff
S7_32133319,7,99.94477983,6.21445966871056,8.61199239981693,73.3843928720285,13.3828169011571,S7_31429416,7,92.5060333,4.46654934513866,S7_32940091,7,101.9471039,3.18963487776449,water_lost_total_27_BP14,diff,BP,14,comp_diff
S9_6724364,9,34.93391023,9.37467797128948,13.5800018479651,-68.690567654225,9.97568760281956,S9_6184858,9,32.79210864,7.17604098661215,S9_7142713,9,35.91474829,7.78933714664688,water_lost_total_27_BP14,diff,BP,14,comp_diff
S2_44586954,2,96.05450929,9.57501178566543,13.9095018839965,0.0404445448748304,0.00580363128756321,S2_44257418,2,94.71205672,7.67919043888745,S2_45043544,2,98.51301522,7.44770468215718,water_lost_total_27_BP14,diff,BP,14,comp_rel_diff
S5_43714208,5,109.7001758,6.32170213915028,8.77370393533484,-0.0353234415818445,0.00638215242762847,S5_42719546,5,103.4003774,4.37358309731045,S5_44003086,5,115.1315049,3.86890360529164,water_lost_total_27_BP14,diff,BP,14,comp_rel_diff
S7_19532160,7,51.17962841,3.79609667661282,5.08733683581599,-0.0246597860767254,0.00585112946401595,S7_14776325,7,25.13741186,2.28514251192248,S7_21663918,7,60.36847472,1.81094055311851,water_lost_total_27_BP14,diff,BP,14,comp_rel_diff
S7_32133319,7,99.94477983,6.21445966871056,8.61199239981691,-0.0473677433983232,0.00863826506034061,S7_31429416,7,92.5060333,4.4665493451387,S7_32940091,7,101.9471039,3.18963487776452,water_lost_total_27_BP14,diff,BP,14,comp_rel_diff
S9_6724364,9,34.93391023,9.37467797128949,13.5800018479651,0.0443379996098693,0.0064390504860646,S9_6184858,9,32.79210864,7.17604098661214,S9_7142713,9,35.91474829,7.78933714664691,water_lost_total_27_BP14,diff,BP,14,comp_rel_diff
S2_44586954,2,96.05450929,12.1409329656537,13.9925306398167,-68.4220629119264,8.64116679437723,S2_44257418,2,94.71205672,10.4182133269753,S2_44908249,2,97.68940295,10.2807448244388,water_lost_total_28_BP14,diff,BP,14,comp_diff
S5_5909140,5,40.32890934,5.40607602074226,5.66685328438102,-52.5220107987123,10.4230475173673,S5_5107998,5,37.40304223,3.42549880775734,S5_6876512,5,42.79131694,3.18958780693916,water_lost_total_28_BP14,diff,BP,14,comp_diff
S5_32800961,5,79.00989287,4.32936178977616,4.47106448064892,43.8249818218849,9.79130627094272,62,5,71.02984202,2.24045269954798,87,5,88.39590531,2.31567942100492,water_lost_total_28_BP14,diff,BP,14,comp_diff
S5_43714208,5,109.7001758,8.18489049938157,8.91907617448958,63.8418237306085,10.0987984715643,S5_43575577,5,107.8767063,6.59826975565703,S5_44003086,5,115.1315049,5.81973732166431,water_lost_total_28_BP14,diff,BP,14,comp_diff
S6_33052891,6,73.8397152,4.18252960324956,4.31067981037972,-38.0219161804231,8.65138172518389,S6_31888552,6,65.16886519,2.64316083206739,S6_33383362,6,78.16213009,2.42960290339752,water_lost_total_28_BP14,diff,BP,14,comp_diff
S7_19532160,7,51.17962841,4.82698480400925,5.01938684785867,41.5206096693136,8.75513294446483,S7_17849585,7,42.46452593,3.07991167778963,S7_20312115,7,54.97788472,3.25830558605981,water_lost_total_28_BP14,diff,BP,14,comp_diff
S7_32133319,7,99.94477983,9.36144642258608,10.3715758929129,88.2382657991821,12.9437151430421,S7_31429416,7,92.5060333,7.46228226372002,S7_32940091,7,101.9471039,5.12521805792459,water_lost_total_28_BP14,diff,BP,14,comp_diff
S9_6724364,9,34.93391023,9.84177109564316,10.9779901683938,-67.5733473686856,9.63470388975177,S9_6184858,9,32.79210864,7.63785691926715,S9_8182398,9,37.12013546,7.81391061652044,water_lost_total_28_BP14,diff,BP,14,comp_diff
S2_44586954,2,96.05450929,12.1409329656538,13.9925306398167,0.0406192140403705,0.00512988630628046,S2_44257418,2,94.71205672,10.4182133269753,S2_44908249,2,97.68940295,10.2807448244388,water_lost_total_28_BP14,diff,BP,14,comp_rel_diff
S5_5909140,5,40.32890934,5.40607602074225,5.666853284381,0.031180042045936,0.00618771168308486,S5_5107998,5,37.40304223,3.42549880775732,S5_6876512,5,42.79131694,3.18958780693914,water_lost_total_28_BP14,diff,BP,14,comp_rel_diff
S5_32800961,5,79.00989287,4.32936178977614,4.47106448064891,-0.026016992782429,0.00581267427826881,62,5,71.02984202,2.240452699548,87,5,88.39590531,2.31567942100487,water_lost_total_28_BP14,diff,BP,14,comp_rel_diff
S5_43714208,5,109.7001758,8.18489049938157,8.91907617448958,-0.0379001244990113,0.00599521907421963,S5_43575577,5,107.8767063,6.59826975565701,S5_44003086,5,115.1315049,5.81973732166432,water_lost_total_28_BP14,diff,BP,14,comp_rel_diff
S6_33052891,6,73.8397152,4.18252960324956,4.31067981037972,0.0225719641564392,0.00513595046809004,S6_31888552,6,65.16886519,2.64316083206742,S6_33383362,6,78.16213009,2.42960290339754,water_lost_total_28_BP14,diff,BP,14,comp_rel_diff
S7_19532160,7,51.17962841,4.82698480400923,5.01938684785866,-0.0246489868833018,0.00519754307146341,S7_17849585,7,42.46452593,3.07991167778957,S7_20312115,7,54.97788472,3.25830558605982,water_lost_total_28_BP14,diff,BP,14,comp_rel_diff
S7_32133319,7,99.94477983,9.36144642258606,10.3715758929129,-0.0523832350635447,0.00768412283256617,S7_31429416,7,92.5060333,7.46228226372001,S7_32940091,7,101.9471039,5.12521805792458,water_lost_total_28_BP14,diff,BP,14,comp_rel_diff
S9_6724364,9,34.93391023,9.84177109564309,10.9779901683937,0.0401153683969753,0.00571970623009676,S9_6184858,9,32.79210864,7.63785691926708,S9_8182398,9,37.12013546,7.81391061652033,water_lost_total_28_BP14,diff,BP,14,comp_rel_diff
S2_44586954,2,96.05450929,12.1114516530767,13.8960597598479,-72.8110756146717,9.20858815580014,S2_44257418,2,94.71205672,10.4141796530712,S2_44908249,2,97.68940295,10.3993719370777,water_lost_total_29_BP14,diff,BP,14,comp_diff
S5_5909140,5,40.32890934,5.40729111062951,5.64522242809974,-55.9776250674253,11.1074758999242,S5_5107998,5,37.40304223,3.48709619937177,S5_6876512,5,42.79131694,3.11752672229154,water_lost_total_29_BP14,diff,BP,14,comp_diff
S5_32800961,5,79.00989287,4.40836391646495,4.53912915116071,47.1526524113402,10.4342514271434,62,5,71.02984202,2.24438598629578,87,5,88.39590531,2.42412141480839,water_lost_total_29_BP14,diff,BP,14,comp_diff
S5_43714208,5,109.7001758,8.21841791479814,8.92347277656653,68.1892445909675,10.7619350726538,S5_43575577,5,107.8767063,6.6294299611239,S5_44003086,5,115.1315049,5.85082222149589,water_lost_total_29_BP14,diff,BP,14,comp_diff
S6_33052891,6,73.8397152,4.31742023619634,4.43990753525081,-41.2051652133049,9.21947384902616,S6_31888552,6,65.16886519,2.6668884082125,S6_33383362,6,78.16213009,2.4609763036195,water_lost_total_29_BP14,diff,BP,14,comp_diff
S7_19532160,7,51.17962841,5.00831557424786,5.1998511825378,45.1270999089699,9.33003788184196,S7_17849585,7,42.46452593,3.06397947519315,S7_20312115,7,54.97788472,3.39356823005248,water_lost_total_29_BP14,diff,BP,14,comp_diff
S7_32133319,7,99.94477983,9.23333906198915,10.1697334549243,93.3024298306711,13.793662915502,S7_31429416,7,92.5060333,7.48205073985733,S7_32940091,7,101.9471039,5.09773707852796,water_lost_total_29_BP14,diff,BP,14,comp_diff
S9_6724364,9,34.93391023,9.89035859325026,10.994976494608,-72.2128933958683,10.267365766107,S9_6184858,9,32.79210864,7.71087317856141,S9_8182398,9,37.12013546,7.91645728310988,water_lost_total_29_BP14,diff,BP,14,comp_diff
S2_44586954,2,96.05450929,12.1114516530767,13.8960597598478,0.0403490869259881,0.00510304401943396,S2_44257418,2,94.71205672,10.4141796530712,S2_44908249,2,97.68940295,10.3993719370777,water_lost_total_29_BP14,diff,BP,14,comp_rel_diff
S5_5909140,5,40.32890934,5.40729111062952,5.64522242809975,0.0310206385592906,0.0061553342926313,S5_5107998,5,37.40304223,3.48709619937179,S5_6876512,5,42.79131694,3.11752672229159,water_lost_total_29_BP14,diff,BP,14,comp_rel_diff
S5_32800961,5,79.00989287,4.40836391646497,4.53912915116074,-0.0261301794386992,0.0057822592824956,62,5,71.02984202,2.24438598629584,87,5,88.39590531,2.42412141480839,water_lost_total_29_BP14,diff,BP,14,comp_rel_diff
S5_43714208,5,109.7001758,8.21841791479809,8.92347277656646,-0.0377878466179944,0.00596384890722377,S5_43575577,5,107.8767063,6.62942996112389,S5_44003086,5,115.1315049,5.85082222149584,water_lost_total_29_BP14,diff,BP,14,comp_rel_diff
S6_33052891,6,73.8397152,4.31742023619635,4.43990753525081,0.0228343116614572,0.00510907645033157,S6_31888552,6,65.16886519,2.66688840821249,S6_33383362,6,78.16213009,2.46097630361954,water_lost_total_29_BP14,diff,BP,14,comp_rel_diff
S7_19532160,7,51.17962841,5.0083155742479,5.19985118253784,-0.0250076964469108,0.00517034676852577,S7_17849585,7,42.46452593,3.06397947519319,S7_20312115,7,54.97788472,3.39356823005251,water_lost_total_29_BP14,diff,BP,14,comp_rel_diff
S7_32133319,7,99.94477983,9.2333390619891,10.1697334549244,-0.0517046042770595,0.00764391542504858,S7_31429416,7,92.5060333,7.48205073985743,S7_32940091,7,101.9471039,5.09773707852795,water_lost_total_29_BP14,diff,BP,14,comp_rel_diff
S9_6724364,9,34.93391023,9.89035859325024,10.994976494608,0.0400175974356829,0.00568977769247634,S9_6184858,9,32.79210864,7.71087317856143,S9_8182398,9,37.12013546,7.91645728310991,water_lost_total_29_BP14,diff,BP,14,comp_rel_diff
S2_44586954,2,96.05450929,11.8402039153283,12.4130835381905,-72.9726552079866,9.38140868433355,S2_44257418,2,94.71205672,9.87382725974878,S2_44908249,2,97.68940295,10.0093942827842,water_lost_total_30_BP14,diff,BP,14,comp_diff
S3_10844641,3,53.40431196,3.27628242633367,3.04655026029451,-37.4141411544718,9.70910845877661,S3_7095091,3,46.70151328,1.73899857592733,S3_15496244,3,64.25922531,1.08555834008903,water_lost_total_30_BP14,diff,BP,14,comp_diff
S5_5909140,5,40.32890934,5.91905223130701,5.70883508786037,-59.4318906198704,11.266617310013,S5_5107998,5,37.40304223,3.78603195395668,S5_6876512,5,42.79131694,3.63267875002887,water_lost_total_30_BP14,diff,BP,14,comp_diff
S5_32800961,5,79.00989287,5.10417908373212,4.86752983870645,51.5791947940644,10.5893180515147,63,5,71.92483855,2.82312400248765,78,5,82.14795514,3.29942000470277,water_lost_total_30_BP14,diff,BP,14,comp_diff
S5_43714208,5,109.7001758,7.30242842502224,7.18030492013373,65.3678970334434,11.0494539290485,S5_43240044,5,106.0943485,5.2575812171437,S5_43769059,5,111.9145952,4.86179243302225,water_lost_total_30_BP14,diff,BP,14,comp_diff
S6_33052891,6,73.8397152,4.8393857391852,4.59812103020332,-44.2655330157904,9.35025046850653,S6_31888552,6,65.16886519,2.85952131318943,S6_33383362,6,78.16213009,2.92630096264744,water_lost_total_30_BP14,diff,BP,14,comp_diff
S7_19532160,7,51.17962841,5.27276087839645,5.04005963548719,46.9376724256738,9.47003224863327,S7_19153030,7,49.2934369,3.16945444598021,S7_20791180,7,57.68635809,3.54906810509469,water_lost_total_30_BP14,diff,BP,14,comp_diff
S7_32133319,7,99.94477983,9.55099509325573,9.69290245077012,96.1689850444639,13.9912287560595,S7_31178325,7,89.28412826,6.0650694874004,S7_32940091,7,101.9471039,5.55735469427562,water_lost_total_30_BP14,diff,BP,14,comp_diff
S9_6724364,9,34.93391023,10.269502840282,10.5285857286025,-74.6510436792597,10.4207412122699,S9_6501061,9,33.93753996,8.67327100461198,S9_7478538,9,36.4077051,8.76883188066142,water_lost_total_30_BP14,diff,BP,14,comp_diff
S2_44586954,2,96.05450929,11.8402039153282,12.4130835381905,0.038135567799737,0.00490273165912275,S2_44257418,2,94.71205672,9.87382725974865,S2_44908249,2,97.68940295,10.0093942827842,water_lost_total_30_BP14,diff,BP,14,comp_rel_diff
S3_10844641,3,53.40431196,3.27628242633369,3.04655026029454,0.0195526600011826,0.00507398782255291,S3_7095091,3,46.70151328,1.73899857592728,S3_15496244,3,64.25922531,1.08555834008902,water_lost_total_30_BP14,diff,BP,14,comp_rel_diff
S5_5909140,5,40.32890934,5.91905223130708,5.70883508786044,0.0310591534286472,0.00588794319015911,S5_5107998,5,37.40304223,3.78603195395669,S5_6876512,5,42.79131694,3.63267875002889,water_lost_total_30_BP14,diff,BP,14,comp_rel_diff
S5_32800961,5,79.00989287,5.1041790837322,4.86752983870653,-0.0269553283283792,0.00553398605759273,63,5,71.92483855,2.82312400248765,78,5,82.14795514,3.29942000470282,water_lost_total_30_BP14,diff,BP,14,comp_rel_diff
S5_43714208,5,109.7001758,7.30242842502227,7.18030492013377,-0.0341613151137233,0.00577445343410203,S5_43240044,5,106.0943485,5.25758121714368,S5_43769059,5,111.9145952,4.8617924330222,water_lost_total_30_BP14,diff,BP,14,comp_rel_diff
S6_33052891,6,73.8397152,4.83938573918526,4.59812103020338,0.0231332028511746,0.00488644835068613,S6_31888552,6,65.16886519,2.85952131318945,S6_33383362,6,78.16213009,2.92630096264748,water_lost_total_30_BP14,diff,BP,14,comp_rel_diff
S7_19532160,7,51.17962841,5.27276087839647,5.04005963548717,-0.0245296650375307,0.00494904640449379,S7_19153030,7,49.2934369,3.1694544459802,S7_20791180,7,57.68635809,3.54906810509463,water_lost_total_30_BP14,diff,BP,14,comp_rel_diff
S7_32133319,7,99.94477983,9.55099509325576,9.69290245077015,-0.0502579882689217,0.00731182730445503,S7_31178325,7,89.28412826,6.06506948740037,S7_32940091,7,101.9471039,5.55735469427559,water_lost_total_30_BP14,diff,BP,14,comp_rel_diff
S9_6724364,9,34.93391023,10.2695028402821,10.5285857286025,0.0390126949531632,0.005445887666981,S9_6501061,9,33.93753996,8.67327100461195,S9_7478538,9,36.4077051,8.76883188066139,water_lost_total_30_BP14,diff,BP,14,comp_rel_diff
S2_44586954,2,96.05450929,11.2986633112381,11.8365735290526,-74.5432052817571,9.84822256819816,S2_44257418,2,94.71205672,9.43627427491258,S2_44908249,2,97.68940295,9.62476244151658,water_lost_total_31_BP14,diff,BP,14,comp_diff
S3_10844641,3,53.40431196,3.51421141351858,3.30145989638824,-40.7387214655378,10.1910087417933,S3_7095091,3,46.70151328,1.88227415899208,S3_15496244,3,64.25922531,1.21949072729696,water_lost_total_31_BP14,diff,BP,14,comp_diff
S5_5909140,5,40.32890934,5.77973394835949,5.60263219238095,-61.6722614381153,11.842860390898,S5_5107998,5,37.40304223,3.71233737025511,S5_6876512,5,42.79131694,3.46722414964511,water_lost_total_31_BP14,diff,BP,14,comp_diff
S5_32842706,5,79.24736643,5.12937989774638,4.92753072211474,54.7542726645153,11.2115623404737,63,5,71.92483855,2.76613037873153,78,5,82.14795514,3.38444387868226,water_lost_total_31_BP14,diff,BP,14,comp_diff
S5_43714208,5,109.7001758,7.05673073467151,6.96333225314189,67.4507485067857,11.6182577389507,S5_43240044,5,106.0943485,5.28214002298259,S5_43769059,5,111.9145952,4.57192775966138,water_lost_total_31_BP14,diff,BP,14,comp_diff
S6_33052891,6,73.8397152,4.83559242032567,4.62644217192505,-46.3571640068313,9.79616479396611,S6_32411928,6,68.72506699,2.35216108085157,S6_33383362,6,78.16213009,2.85207670187411,water_lost_total_31_BP14,diff,BP,14,comp_diff
S7_19532160,7,51.17962841,5.31979490640278,5.12396158404842,49.4980457119043,9.93911949461746,S7_19153030,7,49.2934369,3.18045121530685,S7_20428867,7,56.19158528,3.51436328723329,water_lost_total_31_BP14,diff,BP,14,comp_diff
S7_32133319,7,99.94477983,8.80353085902317,8.90252830467058,96.2080737857812,14.6560733590365,S7_31178325,7,89.28412826,5.90230176197359,S7_32940091,7,101.9471039,5.13560319853331,water_lost_total_31_BP14,diff,BP,14,comp_diff
S9_6724364,9,34.93391023,9.88930155991126,10.1549596844648,-76.6987722278888,10.9398685145694,S9_6501061,9,33.93753996,8.36167958112466,S9_8182398,9,37.12013546,8.19326985621731,water_lost_total_31_BP14,diff,BP,14,comp_diff
S2_44586954,2,96.05450929,11.2986633112382,11.8365735290527,0.037101870172346,0.00490168719969271,S2_44257418,2,94.71205672,9.43627427491269,S2_44908249,2,97.68940295,9.62476244151663,water_lost_total_31_BP14,diff,BP,14,comp_rel_diff
S3_10844641,3,53.40431196,3.51421141351864,3.30145989638827,0.0202765999810268,0.0050722997734549,S3_7095091,3,46.70151328,1.88227415899207,S3_15496244,3,64.25922531,1.21949072729693,water_lost_total_31_BP14,diff,BP,14,comp_rel_diff
S5_5909140,5,40.32890934,5.77973394835952,5.60263219238096,0.0306957049735546,0.00589446438520464,S5_5107998,5,37.40304223,3.71233737025511,S5_6876512,5,42.79131694,3.46722414964503,water_lost_total_31_BP14,diff,BP,14,comp_rel_diff
S5_32842706,5,79.24736643,5.12937989774642,4.92753072211475,-0.0272524626235416,0.00558025280524419,63,5,71.92483855,2.76613037873155,78,5,82.14795514,3.38444387868226,water_lost_total_31_BP14,diff,BP,14,comp_rel_diff
S5_43714208,5,109.7001758,7.05673073467163,6.96333225314199,-0.0335717910796461,0.00578267447220834,S5_43240044,5,106.0943485,5.2821400229827,S5_43769059,5,111.9145952,4.57192775966148,water_lost_total_31_BP14,diff,BP,14,comp_rel_diff
S6_33052891,6,73.8397152,4.83559242032578,4.62644217192514,0.0230730282396446,0.00487577684644565,S6_32411928,6,68.72506699,2.35216108085162,S6_33383362,6,78.16213009,2.85207670187421,water_lost_total_31_BP14,diff,BP,14,comp_rel_diff
S7_19532160,7,51.17962841,5.31979490640288,5.12396158404852,-0.0246363174060797,0.0049469286935395,S7_19153030,7,49.2934369,3.18045121530693,S7_20428867,7,56.19158528,3.5143632872333,water_lost_total_31_BP14,diff,BP,14,comp_rel_diff
S7_32133319,7,99.94477983,8.80353085902327,8.90252830467066,-0.047884974219174,0.00729466527429328,S7_31178325,7,89.28412826,5.90230176197364,S7_32940091,7,101.9471039,5.13560319853338,water_lost_total_31_BP14,diff,BP,14,comp_rel_diff
S9_6724364,9,34.93391023,9.88930155991134,10.1549596844649,0.0381747454891625,0.00544502453035009,S9_6501061,9,33.93753996,8.36167958112472,S9_8182398,9,37.12013546,8.19326985621731,water_lost_total_31_BP14,diff,BP,14,comp_rel_diff
S2_44586954,2,96.05450929,8.9903869785657,13.1326449611308,-80.6354050901402,11.9905076716253,S2_44257418,2,94.71205672,7.2607960988303,S2_45156658,2,100.2097111,7.00030964662412,water_lost_total_32_BP14,diff,BP,14,comp_diff
S5_43329831,5,106.5862469,6.54405125027506,9.23689580171114,76.1561138824689,13.50298089713,S5_42719546,5,103.4003774,4.95033826062399,S5_43769059,5,111.9145952,4.212941658529,water_lost_total_32_BP14,diff,BP,14,comp_diff
S7_19532160,7,51.17962841,4.98362993682333,6.88347001040988,59.3138442765289,12.182607749658,S7_18223567,7,43.92895216,2.99828094036777,S7_19806344,7,52.34268693,2.93413709789079,water_lost_total_32_BP14,diff,BP,14,comp_diff
S7_32133319,7,99.94477983,4.80508949408811,6.62048309211008,85.6766953269216,17.9434424986464,S7_30982237,7,88.83862293,3.15857414884172,S7_32940091,7,101.9471039,2.82970910240964,water_lost_total_32_BP14,diff,BP,14,comp_diff
S9_6724364,9,34.93391023,9.01066926174241,13.166035376863,-89.6880543100584,13.3197169072151,S9_6184858,9,32.79210864,7.09228130823212,S9_7478538,9,36.4077051,7.17990461445246,water_lost_total_32_BP14,diff,BP,14,comp_diff
S2_44586954,2,96.05450929,8.99038697856576,13.1326449611309,0.0385295365022452,0.00572935303664552,S2_44257418,2,94.71205672,7.26079609883037,S2_45156658,2,100.2097111,7.00030964662412,water_lost_total_32_BP14,diff,BP,14,comp_rel_diff
S5_43329831,5,106.5862469,6.54405125027499,9.23689580171104,-0.0363892233991207,0.00645204913131521,S5_42719546,5,103.4003774,4.95033826062393,S5_43769059,5,111.9145952,4.21294165852896,water_lost_total_32_BP14,diff,BP,14,comp_rel_diff
S7_19532160,7,51.17962841,4.98362993682338,6.88347001040993,-0.0283415817851512,0.00582114307552947,S7_18223567,7,43.92895216,2.99828094036784,S7_19806344,7,52.34268693,2.93413709789085,water_lost_total_32_BP14,diff,BP,14,comp_rel_diff
S7_32133319,7,99.94477983,4.80508949408816,6.62048309211016,-0.0409383862622154,0.00857380851444462,S7_30982237,7,88.83862293,3.15857414884175,S7_32940091,7,101.9471039,2.82970910240965,water_lost_total_32_BP14,diff,BP,14,comp_rel_diff
S9_6724364,9,34.93391023,9.01066926174242,13.166035376863,0.0428551100908066,0.00636448118791516,S9_6184858,9,32.79210864,7.09228130823213,S9_7478538,9,36.4077051,7.17990461445244,water_lost_total_32_BP14,diff,BP,14,comp_rel_diff
S2_44586954,2,96.05450929,8.48234230925275,11.579355169225,-79.3938609996203,12.218120817972,S2_44257418,2,94.71205672,6.66199148402751,S2_45156658,2,100.2097111,6.49301465909224,water_lost_total_33_BP14,diff,BP,14,comp_diff
S3_7345986,3,47.38986671,3.8994225254609,4.9821299262887,-52.6788615847495,12.3591481097824,S3_7095091,3,46.70151328,2.38410209166091,S3_10923979,3,54.12476288,2.30083024936452,water_lost_total_33_BP14,diff,BP,14,comp_diff
S5_43329831,5,106.5862469,8.27031835451533,11.2550478193236,88.508162754477,13.8155867362114,S5_42719546,5,103.4003774,5.9310294277559,S5_43769059,5,111.9145952,4.34801834402585,water_lost_total_33_BP14,diff,BP,14,comp_diff
S7_19532160,7,51.17962841,4.63790086871426,5.9886518617965,58.3000390406231,12.4756732697275,S7_18878870,7,47.34708131,2.62409931125574,S7_19806344,7,52.34268693,2.56693766730712,water_lost_total_33_BP14,diff,BP,14,comp_diff
S7_32133319,7,99.94477983,5.1982219380076,6.76639939204436,89.5243186039345,18.0227845065736,S7_31038080,7,89.06772314,3.6599196391438,S7_33411071,7,104.8359143,3.22817250851899,water_lost_total_33_BP14,diff,BP,14,comp_diff
S9_6724364,9,34.93391023,7.37586977324409,9.90797451327945,-81.9591268073116,13.6352957623198,S9_5686516,9,31.99307473,5.70460050241368,S9_8279734,9,37.58932098,5.63735244542467,water_lost_total_33_BP14,diff,BP,14,comp_diff
S2_44586954,2,96.05450929,8.4823423092527,11.5793551692249,0.0366784190536636,0.00564453409580387,S2_44257418,2,94.71205672,6.66199148402746,S2_45156658,2,100.2097111,6.49301465909215,water_lost_total_33_BP14,diff,BP,14,comp_rel_diff
S3_7345986,3,47.38986671,3.89942252546087,4.98212992628875,0.0243366091048856,0.00570968596072011,S3_7095091,3,46.70151328,2.38410209166091,S3_10923979,3,54.12476288,2.30083024936453,water_lost_total_33_BP14,diff,BP,14,comp_rel_diff
S5_43329831,5,106.5862469,8.27031835451535,11.2550478193236,-0.0408890491318226,0.00638253226890455,S5_42719546,5,103.4003774,5.93102942775593,S5_43769059,5,111.9145952,4.3480183440259,water_lost_total_33_BP14,diff,BP,14,comp_rel_diff
S7_19532160,7,51.17962841,4.63790086871427,5.98865186179649,-0.0269334837209536,0.00576351831744073,S7_18878870,7,47.34708131,2.62409931125572,S7_19806344,7,52.34268693,2.56693766730715,water_lost_total_33_BP14,diff,BP,14,comp_rel_diff
S7_32133319,7,99.94477983,5.1982219380076,6.76639939204446,-0.0413584933634165,0.00832617578138878,S7_31038080,7,89.06772314,3.65991963914382,S7_33411071,7,104.8359143,3.22817250851905,water_lost_total_33_BP14,diff,BP,14,comp_rel_diff
S9_6724364,9,34.93391023,7.37586977324419,9.90797451327957,0.0378635219456744,0.00629924134680141,S9_5686516,9,31.99307473,5.70460050241378,S9_8279734,9,37.58932098,5.63735244542475,water_lost_total_33_BP14,diff,BP,14,comp_rel_diff
S7_19036596,7,49.05801824,5.19487438277833,12.9655745845697,-0.130721049521772,0.0259964243699024,S7_19017756,7,48.58182999,1.7962223300959,S7_19236553,7,49.76776198,2.22044604925031e-16,water_lost_total_33_BP14,diff,BP,14,comp_ratio
S7_19236553,7,49.76776198,5.99031144269553,15.1231841829173,0.141241341551645,0.0260078342670305,S7_19153030,7,49.2934369,0.852072310920351,S7_19338119,7,50.48837552,4.4094282020757,water_lost_total_33_BP14,diff,BP,14,comp_ratio
