S9_6724364,9,34.93391023,4.25927872230236,17.3399699571744,2013.70262779223,437.480055923686,S9_6184858,9,32.79210864,1.88616302893993,S9_8279734,9,37.58932098,2.29552537861249,sma_te_fit_total_17_BP14,dry,BP,14,raw
S2_44784129,2,96.94547802,3.83894421480113,7.081794701882,1472.08867843151,345.247505749049,S2_43100924,2,89.4251276,2.00854988716711,S2_45980428,2,106.3362737,1.41605065254273,sma_te_fit_total_18_BP14,dry,BP,14,raw
S7_32133319,7,99.94477983,5.72554892258135,10.8347744781682,-2698.38242748209,511.636836844164,S7_31494503,7,93.27304403,3.71473150194534,S7_32940091,7,101.9471039,3.38828394908637,sma_te_fit_total_18_BP14,dry,BP,14,raw
S9_6724364,9,34.93391023,8.34082282735794,16.3571627028595,2449.09647006298,377.937641815954,S9_6184858,9,32.79210864,6.75357897876675,S9_8458511,9,38.57941159,6.82399426126206,sma_te_fit_total_18_BP14,dry,BP,14,raw
S2_44769389,2,96.94547697,4.26604627589965,7.67525521958918,1883.52244607595,417.841197014771,S2_43481897,2,90.13407682,2.48843814552159,S2_45980428,2,106.3362737,1.66448772952834,sma_te_fit_total_19_BP14,dry,BP,14,raw
S7_32133319,7,99.94477983,6.23882403555699,11.5284362020509,-3420.90386213758,619.216526398573,S7_31494503,7,93.27304403,4.25674463344352,S7_32940091,7,101.9471039,3.72810788870503,sma_te_fit_total_19_BP14,dry,BP,14,raw
S9_6724364,9,34.93391023,8.93136968232473,17.1229079378161,3079.66001025662,457.40497357929,S9_6184858,9,32.79210864,7.21197862808284,S9_8458511,9,38.57941159,7.33470903067006,sma_te_fit_total_19_BP14,dry,BP,14,raw
S2_44752411,2,96.94547592,4.5100811261708,7.95500440213819,2318.714459834,499.451718029474,S2_43829684,2,92.81876812,2.85891865739968,S2_45980428,2,106.3362737,1.86741900719071,sma_te_fit_total_20_BP14,dry,BP,14,raw
S7_32133319,7,99.94477983,6.57269440028326,11.9218391558927,-4206.58790834709,740.158606083178,S7_31494503,7,93.27304403,4.59662404256432,S7_32940091,7,101.9471039,3.96815894896004,sma_te_fit_total_20_BP14,dry,BP,14,raw
S9_6724364,9,34.93391023,9.4997763686027,17.9362385670085,3811.38104417413,546.742881087293,S9_6184858,9,32.79210864,7.67256567555468,S9_8458511,9,38.57941159,7.76361576369484,sma_te_fit_total_20_BP14,dry,BP,14,raw
S2_45043544,2,98.51301522,4.68489238314409,8.13074484949731,2833.56472129129,598.148791039819,S2_43829684,2,92.81876812,2.90226115361518,S2_45980428,2,106.3362737,2.02365681985379,sma_te_fit_total_21_BP14,dry,BP,14,raw
S7_32133319,7,99.94477983,6.61310339894193,11.7813139341835,-4989.1028622049,874.916994792819,S7_31178325,7,89.28412826,2.82153803228783,S7_32940091,7,101.9471039,3.9705849156706,sma_te_fit_total_21_BP14,dry,BP,14,raw
S9_6724364,9,34.93391023,10.0602819284239,18.7904794917358,4657.39563577804,646.718760546116,S9_6184858,9,32.79210864,8.16399565894392,S9_8458511,9,38.57941159,7.80774276081404,sma_te_fit_total_21_BP14,dry,BP,14,raw
S2_45043544,2,98.51301522,4.87884961373063,8.3455036673826,3385.32837695291,699.356935993506,S2_44073549,2,93.52620611,3.32426994437326,S2_45980428,2,106.3362737,2.17956408625287,sma_te_fit_total_22_BP14,dry,BP,14,raw
S7_32133319,7,99.94477983,6.75912432204221,11.8606637183288,-5903.18841552822,1022.95495350457,S7_31494503,7,93.27304403,4.93550255057829,S7_32940091,7,101.9471039,4.09239925076358,sma_te_fit_total_22_BP14,dry,BP,14,raw
S9_6724364,9,34.93391023,10.5745178382193,19.5543868676764,5602.77080864996,756.145055545119,S9_6184858,9,32.79210864,8.60248516292834,S9_8378425,9,38.05852079,9.04958536724522,sma_te_fit_total_22_BP14,dry,BP,14,raw
S2_45043544,2,98.51301522,4.97044007910639,8.39061716789188,4014.50307410214,821.149565529184,S2_44073549,2,93.52620611,3.30609332426191,S2_45980428,2,106.3362737,2.32803697805035,sma_te_fit_total_23_BP14,dry,BP,14,raw
S7_32133319,7,99.94477983,6.86283769027203,11.8867291587651,-6989.13852960991,1201.10200155933,S7_31494503,7,93.27304403,4.98769642566175,S7_32940091,7,101.9471039,4.19670413330805,sma_te_fit_total_23_BP14,dry,BP,14,raw
S9_6724364,9,34.93391023,11.0871599688797,20.352457509107,6760.0436499972,887.827305174079,S9_6184858,9,32.79210864,9.07650934534538,S9_8378425,9,38.05852079,9.44857848189848,sma_te_fit_total_23_BP14,dry,BP,14,raw
S2_45043544,2,98.51301522,4.97392755128057,8.31287661370052,4641.41397682098,949.026262402865,S2_44073549,2,93.52620611,3.24877290194771,S2_45980428,2,106.3362737,2.44866797191935,sma_te_fit_total_24_BP14,dry,BP,14,raw
S7_32133319,7,99.94477983,6.88395693558443,11.8073971262035,-8091.13312911022,1388.14826330678,S7_31494503,7,93.27304403,4.9613382132107,S7_32940091,7,101.9471039,4.23897280207422,sma_te_fit_total_24_BP14,dry,BP,14,raw
S9_6724364,9,34.93391023,11.5383943707406,21.1006956148746,7995.19858191562,1026.08765133496,S9_6184858,9,32.79210864,9.50116576508993,S9_8378425,9,38.05852079,9.73936480351216,sma_te_fit_total_24_BP14,dry,BP,14,raw
S2_45043544,2,98.51301522,4.90428003345252,8.14569461365105,5222.36345104487,1075.87449338618,S2_44073549,2,93.52620611,3.16263963936122,S2_45980428,2,106.3362737,2.57434308420399,sma_te_fit_total_25_BP14,dry,BP,14,raw
S7_32133319,7,99.94477983,6.77372509258721,11.5398716742413,-9092.03594905684,1573.69017981518,S7_31494503,7,93.27304403,4.80895867526811,S7_32940091,7,101.9471039,4.17354368207563,sma_te_fit_total_25_BP14,dry,BP,14,raw
S9_6724364,9,34.93391023,11.9380646197817,21.8379059973812,9245.16693887497,1163.23601968055,S9_6184858,9,32.79210864,9.86963177500854,S9_8378425,9,38.05852079,9.94058484748426,sma_te_fit_total_25_BP14,dry,BP,14,raw
S2_45043544,2,98.51301522,4.76354476385094,7.89216407248692,5725.5356033856,1197.97064182293,S2_44073549,2,93.52620611,3.04882225741621,S2_45980428,2,106.3362737,2.65365122826594,sma_te_fit_total_26_BP14,dry,BP,14,raw
S7_32133319,7,99.94477983,6.60288024625302,11.2159243002553,-9983.73913744133,1752.28118738097,S7_31494503,7,93.27304403,4.62421195280671,S7_32940091,7,101.9471039,4.0680717581924,sma_te_fit_total_26_BP14,dry,BP,14,raw
S9_6724364,9,34.93391023,12.2242566812064,22.4373141316704,10437.8182720541,1295.24643409133,S9_6184858,9,32.79210864,10.1391246624925,S9_8279734,9,37.58932098,10.6068465599094,sma_te_fit_total_26_BP14,dry,BP,14,raw
S2_45043544,2,98.51301522,4.56881350898579,7.57066878419658,6097.57682959008,1304.43316946767,S2_44073549,2,93.52620611,2.91590413202147,S2_45980428,2,106.3362737,2.72349275787322,sma_te_fit_total_27_BP14,dry,BP,14,raw
S7_32133319,7,99.94477983,6.34706364079169,10.7738135417523,-10639.7765879087,1908.00477345235,S7_31494503,7,93.27304403,4.38884009962122,S7_32940091,7,101.9471039,3.91306020664697,sma_te_fit_total_27_BP14,dry,BP,14,raw
S9_6724364,9,34.93391023,12.4657747903209,23.0217485163904,11496.4972814466,1410.35377018294,S9_6184858,9,32.79210864,10.3364581448401,S9_7478538,9,36.4077051,10.2084167618986,sma_te_fit_total_27_BP14,dry,BP,14,raw
S5_44003086,5,115.1315049,3.96785667836524,6.5309960758672,-6327.13202891343,1458.32583986343,S5_33184214,5,79.95790853,2.07763816382455,S5_44418942,5,120.9842738,1.94988385263266,sma_te_fit_total_28_BP14,dry,BP,14,raw
S7_31711920,7,95.32348365,6.77972373708124,11.5925379195294,-9928.90057402133,1717.70778770321,S7_31178325,7,89.28412826,3.41722250410866,S7_32133319,7,99.94477983,5.15659130056022,sma_te_fit_total_28_BP14,dry,BP,14,raw
S9_6724364,9,34.93391023,13.7568119954972,25.9057556838463,13084.9642857895,1514.29955373783,S9_6184858,9,32.79210864,11.4954139827138,S9_7142713,9,35.91474829,12.0355058915905,sma_te_fit_total_28_BP14,dry,BP,14,raw
S5_44003086,5,115.1315049,4.18936961535295,6.90242579805426,-6939.84593948949,1554.3655831661,S5_33184214,5,79.95790853,2.20265658794903,S5_44418942,5,120.9842738,2.04737904014322,sma_te_fit_total_29_BP14,dry,BP,14,raw
S7_31711920,7,95.32348365,6.55604489312157,11.1536960456189,-10390.8977764152,1830.82943067942,S7_31178325,7,89.28412826,3.25931442364057,S7_32133319,7,99.94477983,4.98195085423933,sma_te_fit_total_29_BP14,dry,BP,14,raw
S9_6724364,9,34.93391023,13.8640443690749,26.0949098203169,14011.4822073954,1614.02551103004,S9_6184858,9,32.79210864,11.5549403464974,S9_7142713,9,35.91474829,12.1636122154542,sma_te_fit_total_29_BP14,dry,BP,14,raw
S5_44003086,5,115.1315049,4.38904908511117,7.25802791038862,-7561.45525218412,1652.3924554299,S5_43769059,5,111.9145952,2.58097114446527,S5_44418942,5,120.9842738,2.14128814975428,sma_te_fit_total_30_BP14,dry,BP,14,raw
S7_31711920,7,95.32348365,6.33997404811914,10.7649772074861,-10846.6928024009,1946.29163897951,S7_31178325,7,89.28412826,3.10467991728722,S7_32133319,7,99.94477983,4.83961285907946,sma_te_fit_total_30_BP14,dry,BP,14,raw
S9_6724364,9,34.93391023,13.8395280623614,26.065345768182,14879.3869449878,1715.81486760983,S9_6184858,9,32.79210864,11.5060766161015,S9_7142713,9,35.91474829,12.1429812776979,sma_te_fit_total_30_BP14,dry,BP,14,raw
S4_28815325,4,52.90088436,3.69729288287725,6.60108243328163,7072.39391756182,1690.55946311031,S4_7641887,4,45.40438824,1.97886785666483,S4_32232256,4,62.40241389,1.62797900039958,sma_te_fit_total_31_BP14,dry,BP,14,raw
S7_32133319,7,99.94477983,6.69593135457354,12.4782879641633,-14050.4064914847,2442.77223069178,S7_31814279,7,95.55378553,4.67601938009176,S7_32940091,7,101.9471039,3.87877902738619,sma_te_fit_total_31_BP14,dry,BP,14,raw
S9_6724364,9,34.93391023,9.52400476343681,18.4905354052494,12986.0432712032,1854.70007513744,S9_5686516,9,31.99307473,7.63961325174193,S9_7478538,9,36.4077051,7.21271136478964,sma_te_fit_total_31_BP14,dry,BP,14,raw
S5_44050206,5,115.8565285,5.52582018148363,9.23807292501819,-9264.15128941487,1793.25881336808,S5_43866387,5,112.9382883,3.97793905040919,S5_44336611,5,119.8635321,3.51360957103514,sma_te_fit_total_32_BP14,dry,BP,14,raw
S6_31345498,6,61.39299496,3.11321037367214,5.0278783158119,6472.46324766611,1698.26415143143,S6_29065113,6,49.8232161,1.23861031857605,S6_32411928,6,68.72506699,1.27422940668549,sma_te_fit_total_32_BP14,dry,BP,14,raw
S7_32133319,7,99.94477983,5.46292367091802,9.12465383427784,-12764.4806160164,2486.12509723696,S7_31494503,7,93.27304403,3.37640712645923,S7_32940091,7,101.9471039,3.1370114732224,sma_te_fit_total_32_BP14,dry,BP,14,raw
S9_6724364,9,34.93391023,13.2463584239967,24.7983477026572,16013.4779999864,1891.91806142783,S9_5686516,9,31.99307473,11.5899438870167,S9_7142713,9,35.91474829,11.723236848671,sma_te_fit_total_32_BP14,dry,BP,14,raw
S4_28815325,4,52.90088436,4.74370052450745,8.99988010064985,9602.0526143448,2004.68319004996,S4_9295193,4,46.17739222,3.14974305603638,S4_32232256,4,62.40241389,1.8598043515793,sma_te_fit_total_33_BP14,dry,BP,14,raw
S7_32133319,7,99.94477983,6.66850847999182,13.0623213641391,-15925.5289378674,2759.83877838727,S7_31956171,7,96.48121012,4.56838384015342,S7_32940091,7,101.9471039,3.78272854404831,sma_te_fit_total_33_BP14,dry,BP,14,raw
S9_6724364,9,34.93391023,9.91551726947677,20.5126944369979,15591.6521051707,2156.15912969878,S9_5686516,9,31.99307473,8.12428069226747,S9_7478538,9,36.4077051,7.2282313596138,sma_te_fit_total_33_BP14,dry,BP,14,raw
S7_32133319,7,99.94477983,4.33331458915517,9.52109873508292,-4678.09700827112,1025.72937692589,S7_31178325,7,89.28412826,2.50016568077392,S7_32940091,7,101.9471039,2.19949923402786,sma_te_fit_total_17_BP14,wet,BP,14,raw
S9_6724364,9,34.93391023,5.82911889716127,13.0758642200029,4141.70567598065,774.909770955607,S9_5686516,9,31.99307473,3.90342642182929,S9_8279734,9,37.58932098,3.98359909475424,sma_te_fit_total_17_BP14,wet,BP,14,raw
S2_44586954,2,96.05450929,5.21071101494939,9.11568703315798,4349.95165732736,869.740551129711,S2_43100924,2,89.4251276,3.47661813022692,S2_45043544,2,98.51301522,3.41366146043199,sma_te_fit_total_18_BP14,wet,BP,14,raw
S5_43714208,5,109.7001758,3.70762334049056,6.3528466493121,-3981.89483882949,953.686405705994,S5_41101118,5,96.20937263,2.18734405546673,S5_44003086,5,115.1315049,2.0985776789467,sma_te_fit_total_18_BP14,wet,BP,14,raw
S7_32133319,7,99.94477983,5.37087179138904,9.41676696002643,-6490.14917988394,1276.74380674605,S7_31178325,7,89.28412826,3.10370124799713,S7_32940091,7,101.9471039,2.73440290553455,sma_te_fit_total_18_BP14,wet,BP,14,raw
S9_6724364,9,34.93391023,8.11057569617746,14.7745684604824,6125.95038252222,962.090805919965,S9_6184858,9,32.79210864,6.32725558966521,S9_6930910,9,35.42306752,6.60343558689072,sma_te_fit_total_18_BP14,wet,BP,14,raw
S2_44586954,2,96.05450929,6.2767236854806,10.4398347093658,6292.14352119009,1137.80881326066,S2_43374008,2,89.65964759,4.72891510502631,S2_44908249,2,97.68940295,4.73477059108007,sma_te_fit_total_19_BP14,wet,BP,14,raw
S5_43714208,5,109.7001758,4.22077445385739,6.82295404554529,-5577.6839835596,1247.62815311958,S5_42251884,5,101.3829046,2.04091677230585,S5_44003086,5,115.1315049,2.47054874335199,sma_te_fit_total_19_BP14,wet,BP,14,raw
S7_32133319,7,99.94477983,6.19634759247829,10.2946189796672,-9172.14661119885,1670.25712863994,S7_31178325,7,89.28412826,3.49126688005018,S7_32940091,7,101.9471039,3.1352861341941,sma_te_fit_total_19_BP14,wet,BP,14,raw
S9_6724364,9,34.93391023,9.21512443048799,15.9716779914469,8609.01425211986,1258.62292693023,S9_6184858,9,32.79210864,7.10439773409442,S9_6930910,9,35.42306752,7.65751069457289,sma_te_fit_total_19_BP14,wet,BP,14,raw
S2_44586954,2,96.05450929,7.10689135619863,11.4190425674774,8504.22047744074,1436.8666106695,S2_43829684,2,92.81876812,4.93067697223249,S2_44908249,2,97.68940295,5.4645938331646,sma_te_fit_total_20_BP14,wet,BP,14,raw
S5_43714208,5,109.7001758,4.58084072958243,7.10631099872475,-7356.2696929808,1575.55049218808,S5_42719546,5,103.4003774,2.8293742280481,S5_44003086,5,115.1315049,2.73198025453916,sma_te_fit_total_20_BP14,wet,BP,14,raw
S7_32133319,7,99.94477983,6.78694078771461,10.8563295618978,-12172.3719602352,2109.26182976017,S7_31178325,7,89.28412826,3.77580904965691,S7_32940091,7,101.9471039,3.42614284153836,sma_te_fit_total_20_BP14,wet,BP,14,raw
S9_6724364,9,34.93391023,10.00819863532,16.7506330269459,11393.6171544318,1589.43509494056,S9_6184858,9,32.79210864,7.64154268567226,S9_6930910,9,35.42306752,8.45348338903037,sma_te_fit_total_20_BP14,wet,BP,14,raw
S2_44586954,2,96.05450929,7.77304075418961,12.1627638616949,11081.1493749382,1781.91131685152,S2_44209808,2,93.99718694,6.02070703450519,S2_44908249,2,97.68940295,6.07990935987113,sma_te_fit_total_21_BP14,wet,BP,14,raw
S5_43714208,5,109.7001758,4.85529850210417,7.2946598322234,-9409.94460354134,1953.89831697236,S5_42719546,5,103.4003774,2.93238683340765,S5_44003086,5,115.1315049,2.93516976945432,sma_te_fit_total_21_BP14,wet,BP,14,raw
S7_32133319,7,99.94477983,7.26502095843611,11.2872585505444,-15670.2869398774,2615.77344531747,S7_31178325,7,89.28412826,4.0344686727056,S7_32940091,7,101.9471039,3.67751574209773,sma_te_fit_total_21_BP14,wet,BP,14,raw
S9_6724364,9,34.93391023,10.6355475495493,17.3276015518403,14630.6709598217,1971.11712530914,S9_6184858,9,32.79210864,8.0610676754921,S9_6930910,9,35.42306752,9.10995298990643,sma_te_fit_total_21_BP14,wet,BP,14,raw
S2_44586954,2,96.05450929,9.08174133822676,12.9005814357166,13869.7746868055,2050.7191830324,S2_44209808,2,93.99718694,6.84501274634515,S2_44908249,2,97.68940295,7.46444623500573,sma_te_fit_total_22_BP14,wet,BP,14,raw
S5_43714208,5,109.7001758,5.86000928003516,7.9569809920843,-11960.7065315505,2251.7703927715,S5_43575577,5,107.8767063,4.24099701627565,S5_44003086,5,115.1315049,3.96418843239543,sma_te_fit_total_22_BP14,wet,BP,14,raw
S7_17165775,7,34.01418423,3.22363288663189,4.22055515386204,-7904.90944805068,2043.40070842086,S7_756781,7,1.438924409,1.44002474700384,S7_19644932,7,51.8739576,1.64494157504662,sma_te_fit_total_22_BP14,wet,BP,14,raw
S7_32133319,7,99.94477983,7.86980277423651,10.990118810981,-18816.4866655844,3014.24655694502,101,7,93.27304403,6.35098505318524,112,7,101.9471039,4.06550028660004,sma_te_fit_total_22_BP14,wet,BP,14,raw
S9_6724364,9,34.93391023,11.8030688754928,17.4259551265504,17832.3005300534,2268.56124892669,S9_6501061,9,33.93753996,10.189790841026,S9_7142713,9,35.91474829,9.98962595862905,sma_te_fit_total_22_BP14,wet,BP,14,raw
S2_44586954,2,96.05450929,8.78388254742148,13.2437234623085,16597.6775485009,2492.96809042345,S2_44209808,2,93.99718694,6.8364268612908,S2_44908249,2,97.68940295,7.10378664890628,sma_te_fit_total_23_BP14,wet,BP,14,raw
S5_43714262,5,109.7001769,5.22029128239496,7.48848129003913,-13685.3219414542,2733.58506120819,S5_42719546,5,103.4003774,3.02260609521048,S5_44003086,5,115.1315049,3.22360829405962,sma_te_fit_total_23_BP14,wet,BP,14,raw
S7_32133319,7,99.94477983,8.04069374523631,11.9971892811189,-23189.7500247973,3659.57591116574,S7_31429416,7,92.5060333,6.48117493311326,S7_32940091,7,101.9471039,4.11241889026191,sma_te_fit_total_23_BP14,wet,BP,14,raw
S9_6724364,9,34.93391023,11.4902498182343,18.0011621063017,21405.1801723044,2757.67489069741,S9_6184858,9,32.79210864,8.60990548216528,S9_7142713,9,35.91474829,9.50322028625654,sma_te_fit_total_23_BP14,wet,BP,14,raw
S2_44586954,2,96.05450929,9.17159633804774,13.5989302772385,19234.4296769686,2819.57072820439,S2_44209808,2,93.99718694,7.1415637871249,S2_44908249,2,97.68940295,7.53260288975265,sma_te_fit_total_24_BP14,wet,BP,14,raw
S5_43714262,5,109.7001769,5.34726124677817,7.51550759675287,-15679.1303897245,3091.71082102789,S5_42719546,5,103.4003774,3.04996331260161,S5_44003086,5,115.1315049,3.34832755337507,sma_te_fit_total_24_BP14,wet,BP,14,raw
S7_32133319,7,99.94477983,8.42855666164467,12.3671238620148,-26926.2166451329,4139.01531929042,S7_31429416,7,92.5060333,6.79745292588063,S7_32940091,7,101.9471039,4.38924183759219,sma_te_fit_total_24_BP14,wet,BP,14,raw
S9_6724364,9,34.93391023,11.8959534837821,18.3335180455913,24704.5069243204,3118.95664833558,S9_6184858,9,32.79210864,8.910261779783,S9_7142713,9,35.91474829,9.90039237977647,sma_te_fit_total_24_BP14,wet,BP,14,raw
S2_44586954,2,96.05450929,9.4337363683205,13.8024405266696,21427.4124646585,3091.36766203935,S2_44209808,2,93.99718694,7.38453862471587,S2_44908249,2,97.68940295,7.88982196604109,sma_te_fit_total_25_BP14,wet,BP,14,raw
S5_43714262,5,109.7001769,5.46287444311737,7.56049864891948,-17389.3312396538,3389.74112509297,S5_42719546,5,103.4003774,3.09666030551844,S5_44003086,5,115.1315049,3.47549370178407,sma_te_fit_total_25_BP14,wet,BP,14,raw
S7_32133319,7,99.94477983,8.66803217114891,12.5459817155925,-29988.7354526547,4538.00217981705,S7_31429416,7,92.5060333,7.02692264827242,S7_32940091,7,101.9471039,4.59805447409097,sma_te_fit_total_25_BP14,wet,BP,14,raw
S9_6724364,9,34.93391023,12.2868566710348,18.7205118204497,27604.3160797137,3419.61335657202,S9_6184858,9,32.79210864,9.18846616943222,S9_7142713,9,35.91474829,10.2966915513321,sma_te_fit_total_25_BP14,wet,BP,14,raw
S2_44752288,2,96.94547487,11.0558859051218,13.5835909572183,22949.7212775348,3042.0068397054,S2_44257418,2,94.71205672,9.33496267398382,S2_45043544,2,98.51301522,9.09702922419926,sma_te_fit_total_26_BP14,wet,BP,14,raw
S5_43714208,5,109.7001758,8.44247737133372,9.99636482784335,-22193.9435759166,3429.28434631879,S5_43329831,5,106.5862469,6.61711213022668,S5_43769059,5,111.9145952,6.31047399999793,sma_te_fit_total_26_BP14,wet,BP,14,raw
S6_31006529,6,59.39487638,3.4373759811809,3.79636786551145,12485.43856881,3130.47129746806,S6_29065113,6,49.8232161,1.67999546603507,S6_33383362,6,78.16213009,1.67106473448712,sma_te_fit_total_26_BP14,wet,BP,14,raw
S7_19532160,7,51.17962841,4.83168749834287,5.43995103055087,-14684.3086227012,3075.71490168173,S7_16414980,7,32.98157305,3.00450160012226,S7_20791180,7,57.68635809,3.06227813663268,sma_te_fit_total_26_BP14,wet,BP,14,raw
S7_32133319,7,99.94477983,8.87188143010544,10.5684784217796,-30151.1166618837,4530.92879266539,S7_31956171,7,96.48121012,5.91732390134784,S7_32940091,7,101.9471039,4.09177004553155,sma_te_fit_total_26_BP14,wet,BP,14,raw
S9_6724364,9,34.93391023,13.2218129075114,16.755207001127,28274.658333777,3374.52410850546,S9_6501061,9,33.93753996,11.6235587178235,S9_7142713,9,35.91474829,11.0417129084252,sma_te_fit_total_26_BP14,wet,BP,14,raw
S2_44752288,2,96.94547487,11.2027511162568,13.5579974732686,24121.6608381623,3173.00516767883,S2_44257418,2,94.71205672,9.44646519161122,S2_45043544,2,98.51301522,9.46008166107316,sma_te_fit_total_27_BP14,wet,BP,14,raw
S5_43714208,5,109.7001758,8.69199760037899,10.1521689312839,-23530.5544845831,3576.96005488383,S5_43575577,5,107.8767063,7.19063632178769,S5_43769059,5,111.9145952,6.47250819365932,sma_te_fit_total_27_BP14,wet,BP,14,raw
S6_31006529,6,59.39487638,3.5633331064263,3.87518876620711,13271.0536147304,3265.2791816531,S6_29065113,6,49.8232161,1.75474819334741,S6_33383362,6,78.16213009,1.77166651897094,sma_te_fit_total_27_BP14,wet,BP,14,raw
S7_19532160,7,51.17962841,5.10987218795864,5.67703852224066,-15781.7894003807,3208.16480422115,S7_17849585,7,42.46452593,3.55590758900032,S7_20312115,7,54.97788472,3.4151935179468,sma_te_fit_total_27_BP14,wet,BP,14,raw
S7_32133319,7,99.94477983,8.90147288855972,10.4275483275071,-31508.4898647393,4726.04475633077,S7_31956171,7,96.48121012,6.02779961670953,S7_32940091,7,101.9471039,4.16360105792215,sma_te_fit_total_27_BP14,wet,BP,14,raw
S9_6724364,9,34.93391023,13.6431449118135,17.0979577098685,30049.2682561808,3519.84166997518,S9_6501061,9,33.93753996,11.9927476367912,S9_7142713,9,35.91474829,11.4690408642162,sma_te_fit_total_27_BP14,wet,BP,14,raw
S2_44752288,2,96.94547487,11.1980441612966,13.4215843960226,24855.7480829182,3270.36487855346,S2_44257418,2,94.71205672,9.44364205773236,S2_45043544,2,98.51301522,9.68032703075247,sma_te_fit_total_28_BP14,wet,BP,14,raw
S5_43714262,5,109.7001769,8.86204930126724,10.2762140413508,-24517.987931276,3686.71461821769,S5_43575577,5,107.8767063,7.30172816903006,S5_43769059,5,111.9145952,6.58523249410903,sma_te_fit_total_28_BP14,wet,BP,14,raw
S6_31006529,6,59.39487638,3.61725296395166,3.89903804361933,13786.474493614,3365.47020568975,S6_29065113,6,49.8232161,1.77765327807194,S6_33383362,6,78.16213009,1.83015454231693,sma_te_fit_total_28_BP14,wet,BP,14,raw
S7_19532160,7,51.17962841,5.32071609543923,5.87179896468856,-16622.5031884601,3306.60334475594,S7_18223567,7,43.92895216,3.53281154612111,S7_19976887,7,53.27530926,3.55469800547717,sma_te_fit_total_28_BP14,wet,BP,14,raw
S7_32133319,7,99.94477983,8.85396260310319,10.2656675022779,-32377.6700414626,4871.05755232882,S7_31956171,7,96.48121012,6.07588005425359,S7_32940091,7,101.9471039,4.18732942452612,sma_te_fit_total_28_BP14,wet,BP,14,raw
S9_6724364,9,34.93391023,13.9458615708635,17.3854630810561,31381.2635236528,3627.84362688781,S9_6501061,9,33.93753996,12.2823518555866,S9_7142713,9,35.91474829,11.773331296499,sma_te_fit_total_28_BP14,wet,BP,14,raw
S2_44752288,2,96.94547487,11.1071303777916,13.2401207482787,25252.655433931,3338.31577343905,S2_44257418,2,94.71205672,9.38908085021923,S2_45156658,2,100.2097111,8.98443172975782,sma_te_fit_total_29_BP14,wet,BP,14,raw
S5_43714262,5,109.7001769,9.02567976902937,10.4464902053069,-25286.550678874,3763.31633294944,S5_43575577,5,107.8767063,7.43093846167805,S5_43769059,5,111.9145952,6.69488599845563,sma_te_fit_total_29_BP14,wet,BP,14,raw
S6_31006529,6,59.39487638,3.6707506358085,3.94315167081496,14181.8328096994,3435.39717735188,S6_30703582,6,56.23729456,2.17064891021035,S6_33383362,6,78.16213009,1.86323570628578,sma_te_fit_total_29_BP14,wet,BP,14,raw
S7_19532160,7,51.17962841,5.469071821899,6.02280478903019,-17220.5240697637,3375.30719421975,S7_18223567,7,43.92895216,3.55410598518846,S7_19976887,7,53.27530926,3.61878801699779,sma_te_fit_total_29_BP14,wet,BP,14,raw
S7_32133319,7,99.94477983,8.7037410907827,10.0282918887667,-32734.1911322275,4972.26727418298,S7_31956171,7,96.48121012,6.03133873772387,S7_32940091,7,101.9471039,4.12542046509827,sma_te_fit_total_29_BP14,wet,BP,14,raw
S9_6724364,9,34.93391023,14.1407355175515,17.6044262428178,32301.6246805147,3703.22213360082,S9_6501061,9,33.93753996,12.4713553718734,S9_7142713,9,35.91474829,12.0064748393018,sma_te_fit_total_29_BP14,wet,BP,14,raw
S2_44752288,2,96.94547487,10.9333739161005,13.0076108482669,25328.1203136067,3378.96423037436,S2_44257418,2,94.71205672,9.2811054281153,S2_45156658,2,100.2097111,9.00455040196935,sma_te_fit_total_30_BP14,wet,BP,14,raw
S5_43714262,5,109.7001769,9.15481798925973,10.6207970721784,-25800.3774206557,3809.13973980356,S5_43575577,5,107.8767063,7.54608037846742,S5_43769059,5,111.9145952,6.78860186571939,sma_te_fit_total_30_BP14,wet,BP,14,raw
S6_31006529,6,59.39487638,3.68923190470611,3.96607761522698,14392.4370045635,3477.22773015048,S6_30703582,6,56.23729456,2.14297241994005,S6_33383362,6,78.16213009,1.87051588107697,sma_te_fit_total_30_BP14,wet,BP,14,raw
S7_19532160,7,51.17962841,5.56644455878573,6.14152504423659,-17596.5771075179,3416.40607115024,S7_18223567,7,43.92895216,3.57976164592701,S7_19806344,7,52.34268693,3.74225942198801,sma_te_fit_total_30_BP14,wet,BP,14,raw
S7_32133319,7,99.94477983,8.50397940117407,9.77571795771268,-32704.353997864,5032.8112747756,S7_31956171,7,96.48121012,5.93896624025127,S7_32940091,7,101.9471039,4.02754414356008,sma_te_fit_total_30_BP14,wet,BP,14,raw
S9_6724364,9,34.93391023,14.240886650939,17.7639612261521,32834.2008154822,3748.31381324875,S9_6501061,9,33.93753996,12.5887575467546,S9_7142713,9,35.91474829,12.159190736354,sma_te_fit_total_30_BP14,wet,BP,14,raw
S2_44752288,2,96.94547487,12.3536553452827,13.3061337771954,25129.8883411267,3123.21745929512,S2_44316069,2,95.42815792,10.7834358275437,S2_45156658,2,100.2097111,9.73408759265908,sma_te_fit_total_31_BP14,wet,BP,14,raw
S3_7345986,3,47.38986671,3.76225325475181,3.57271816482076,13146.0698258178,3153.07399906433,S3_6422015,3,45.16807388,1.24790360408605,S3_12575474,3,56.22627443,2.11009725642454,sma_te_fit_total_31_BP14,wet,BP,14,raw
S5_43714208,5,109.7001758,10.3208512186085,10.7853963214204,-25310.7300308364,3494.01065458786,S5_42719546,5,103.4003774,8.61038681791685,S5_43769059,5,111.9145952,7.20313646482343,sma_te_fit_total_31_BP14,wet,BP,14,raw
S6_31738921,6,62.88206621,4.99391613033475,4.82729593044336,15551.1243556072,3208.83539970352,S6_30877621,6,56.47248985,2.56798781641218,S6_33134238,6,74.06870704,3.15835524505784,sma_te_fit_total_31_BP14,wet,BP,14,raw
S7_19532160,7,51.17962841,6.64581161166849,6.5799505616587,-17950.7814129584,3172.55858677651,S7_19153030,7,49.2934369,4.35653340208489,S7_19644932,7,51.8739576,4.91921193951116,sma_te_fit_total_31_BP14,wet,BP,14,raw
S7_32133319,7,99.94477983,11.3399152068229,12.0309704685157,-35535.2370393724,4644.58049447217,S7_31956171,7,96.48121012,7.26749860952329,S7_32940091,7,101.9471039,6.58570608349553,sma_te_fit_total_31_BP14,wet,BP,14,raw
S9_6724364,9,34.93391023,13.4371234716401,14.7099935372824,30209.5474067492,3570.88270947472,S9_6184858,9,32.79210864,11.5422576379078,S9_7142713,9,35.91474829,11.7486328417519,sma_te_fit_total_31_BP14,wet,BP,14,raw
S2_44752288,2,96.94547487,12.0773221805346,12.9817844029145,24878.299513867,3133.58211023294,S2_44316069,2,95.42815792,10.5637986999294,S2_45156658,2,100.2097111,9.71419083403303,sma_te_fit_total_32_BP14,wet,BP,14,raw
S3_7345986,3,47.38986671,3.88752100297838,3.70600314498378,13419.5615685484,3163.53773135558,S3_6422015,3,45.16807388,1.29495664587851,S3_12575474,3,56.22627443,2.23469377988697,sma_te_fit_total_32_BP14,wet,BP,14,raw
S5_43714208,5,109.7001758,10.5037591552261,11.0291582922339,-25653.5033197869,3505.60581287568,S5_42719546,5,103.4003774,8.98560067239254,S5_43769059,5,111.9145952,7.32436671984708,sma_te_fit_total_32_BP14,wet,BP,14,raw
S6_31738921,6,62.88206621,5.08790113137142,4.93505015258042,15759.5748615638,3219.48418073408,S6_30877621,6,56.47248985,2.484070200867,S6_33134238,6,74.06870704,3.2157115398179,sma_te_fit_total_32_BP14,wet,BP,14,raw
S7_19532160,7,51.17962841,6.76460609513047,6.72308907846744,-18186.3420794786,3183.08698025544,S7_19153030,7,49.2934369,4.43277178989574,S7_19644932,7,51.8739576,4.96536764749719,sma_te_fit_total_32_BP14,wet,BP,14,raw
S7_32133319,7,99.94477983,11.0156871627705,11.6549052737934,-35055.1750548165,4659.99391227135,S7_31956171,7,96.48121012,7.04975460941707,S7_32940091,7,101.9471039,6.38455398761865,sma_te_fit_total_32_BP14,wet,BP,14,raw
S9_6724364,9,34.93391023,13.4074973621255,14.701465540543,30269.6342055734,3582.73297392347,S9_6184858,9,32.79210864,11.5975693433104,S9_7142713,9,35.91474829,11.816846639612,sma_te_fit_total_32_BP14,wet,BP,14,raw
S2_44586954,2,96.05450929,11.501819998772,10.3701414373026,22759.0962791994,2954.92551850801,S2_44257418,2,94.71205672,9.87977655210372,S2_44908249,2,97.68940295,9.54371837461201,sma_te_fit_total_33_BP14,wet,BP,14,raw
S3_7095091,3,46.70151328,5.1678578484211,4.17851250660497,-84908.2825356336,17366.9305907369,S3_6422015,3,45.16807388,1.70361703999636,S3_7261171,3,47.15534623,0,sma_te_fit_total_33_BP14,wet,BP,14,raw
S3_7261171,3,47.15534623,6.63706116167573,5.50200079402656,97367.8698831651,17355.5831289395,S3_7095091,3,46.70151328,0,S3_7345986,3,47.38986671,4.91573132879871,sma_te_fit_total_33_BP14,wet,BP,14,raw
S5_5738550,5,39.12975592,6.17788869170076,5.08147715323015,18360.6463664523,3405.46830598034,S5_5107998,5,37.40304223,3.58249447350713,S5_7332670,5,43.68119887,4.39472055278891,sma_te_fit_total_33_BP14,wet,BP,14,raw
S5_33184214,5,79.95790853,6.55786405721173,5.4290157319047,-18547.158303443,3328.13315865995,S5_30043124,5,71.92483855,3.90084924815694,S5_33682130,5,82.14795514,3.67175855974858,sma_te_fit_total_33_BP14,wet,BP,14,raw
S5_43706919,5,109.5147878,10.5562041257347,9.36189971181311,-25708.5397624914,3513.00916403465,S5_43575577,5,107.8767063,8.63544232613805,S5_44003086,5,115.1315049,8.02220209750337,sma_te_fit_total_33_BP14,wet,BP,14,raw
S6_31888552,6,65.16886519,8.06731046784714,6.85332051057638,19707.4635572492,3147.48794940373,S6_31753064,6,63.71185205,6.00009804795911,S6_32411928,6,68.72506699,5.50976597263464,sma_te_fit_total_33_BP14,wet,BP,14,raw
S7_17158322,7,34.01418318,5.91351964571789,4.84222587625338,-15444.2241593821,2934.45490353059,S7_12773905,7,19.91262658,3.64018241834014,S7_17322899,7,39.20278448,3.98252532603197,sma_te_fit_total_33_BP14,wet,BP,14,raw
S7_32133319,7,99.94477983,15.8635287158605,15.4490565907565,-38971.0072150013,4145.47703662799,S7_31956171,7,96.48121012,9.17712941612697,S7_32940091,7,101.9471039,9.40546127249076,sma_te_fit_total_33_BP14,wet,BP,14,raw
S9_6724364,9,34.93391023,20.064874667462,21.0807699329424,35951.3421453411,3273.82709971785,S9_6184858,9,32.79210864,15.3224733685252,S9_7142713,9,35.91474829,17.9645901807415,sma_te_fit_total_33_BP14,wet,BP,14,raw
S9_6487121,9,33.93753891,3.99190290529445,10.2495909922009,-3907.72061447768,892.141651158349,S9_5686516,9,31.99307473,2.40540767887794,S9_10073675,9,45.61491815,1.93979388439057,sma_te_fit_total_18_BP14,diff,BP,14,comp_diff
S9_6487121,9,33.93753891,4.04195627151815,10.3712017770619,0.0464385529144395,0.0105325439978073,S9_5686516,9,31.99307473,2.41933340309631,S9_10073675,9,45.61491815,1.99311807858257,sma_te_fit_total_18_BP14,diff,BP,14,comp_rel_diff
S6_1735502,6,13.28666765,11.3866653018698,25.8271733055539,-514868.832537135,66281.3543499416,S6_1682903,6,12.46584402,3.92537197708076,S6_1782067,6,13.2866687,1.33083710407433e-06,sma_te_fit_total_18_BP14,diff,BP,14,comp_ratio
S6_1782067,6,13.2866687,11.3866653018698,25.8271768136001,514868.857914188,66281.3527590573,S6_1735502,6,13.28666765,4.44089209850063e-16,S6_1887340,6,14.56460814,0.882657518653144,sma_te_fit_total_18_BP14,diff,BP,14,comp_ratio
S2_44586954,2,96.05450929,4.75108911574782,8.13937878827977,-4251.59162243756,895.799890805018,S2_42025292,2,84.60658262,2.40274427366106,S2_45043544,2,98.51301522,2.66289190898614,sma_te_fit_total_19_BP14,diff,BP,14,comp_diff
S5_43714262,5,109.7001769,4.53203052335944,7.74061261362377,4544.06237034097,981.774413686176,S5_36886697,5,89.87760443,2.6389746741046,S5_44003086,5,115.1315049,2.6777928126466,sma_te_fit_total_19_BP14,diff,BP,14,comp_diff
S7_14776325,7,25.13741186,3.50102012583336,5.89525221836438,3634.21659324383,899.735185064874,S7_13950231,7,22.25953203,1.88373957653459,S7_17697912,7,42.22766767,1.4748216963595,sma_te_fit_total_19_BP14,diff,BP,14,comp_diff
S7_32133319,7,99.94477983,4.13039167993498,7.01560249014069,5789.3350619036,1313.86665646543,S7_31178325,7,89.28412826,2.36526806726938,S7_32940091,7,101.9471039,2.20242516502393,sma_te_fit_total_19_BP14,diff,BP,14,comp_diff
S9_6724364,9,34.93391023,5.89698019774531,10.2643217330016,-5286.49035996384,991.876061629418,S9_6184858,9,32.79210864,4.36152368262574,S9_8279734,9,37.58932098,3.6930829112216,sma_te_fit_total_19_BP14,diff,BP,14,comp_diff
S2_44586954,2,96.05450929,4.78023601879696,8.24770791238011,0.0389435966175511,0.00817861695930471,S2_42025292,2,84.60658262,2.43099165376993,S2_45043544,2,98.51301522,2.66255209180093,sma_te_fit_total_19_BP14,diff,BP,14,comp_rel_diff
S5_43714262,5,109.7001769,4.61654697750065,7.94726866900113,-0.0418966283221445,0.00896356089390608,S5_38161186,5,91.85580311,2.94727342310089,S5_44003086,5,115.1315049,2.80025296391197,sma_te_fit_total_19_BP14,diff,BP,14,comp_rel_diff
S7_14776325,7,25.13741186,3.43628867030847,5.81997871293615,-0.0328574472410944,0.0082145460375552,S7_13950231,7,22.25953203,1.82939188331491,S7_17697912,7,42.22766767,1.44207184682905,sma_te_fit_total_19_BP14,diff,BP,14,comp_rel_diff
S7_32133319,7,99.94477983,3.89948064420973,6.64673396628464,-0.0512759666349626,0.0119955497082909,S7_31178325,7,89.28412826,2.25113998480591,S7_32940091,7,101.9471039,2.05554172330607,sma_te_fit_total_19_BP14,diff,BP,14,comp_rel_diff
S9_6724364,9,34.93391023,5.77344783806345,10.0995202625842,0.0477162382255676,0.00905578853317414,S9_6184858,9,32.79210864,4.23772978566592,S9_8279734,9,37.58932098,3.60317206707206,sma_te_fit_total_19_BP14,diff,BP,14,comp_rel_diff
S9_5041932,9,31.06780702,8.10076085810092,19.2136074934579,0.553426487901059,0.0864528122832435,S9_4775142,9,30.60506955,2.9708936194847,S9_5633611,9,31.52841363,-1.11022302462516e-16,sma_te_fit_total_19_BP14,diff,BP,14,comp_ratio
S9_5633611,9,31.52841363,8.80327722628475,21.0871305222415,-0.57525930453096,0.0857785202395316,S9_5497941,9,31.29811037,6.37338643219908,S9_5686516,9,31.99307473,7.20839003303238,sma_te_fit_total_19_BP14,diff,BP,14,comp_ratio
S2_44586954,2,96.05450929,6.3033819555372,10.3384808501108,-6245.09854791344,1130.1317553132,S2_43100924,2,89.4251276,4.56708735373451,S2_44908249,2,97.68940295,4.58216378869174,sma_te_fit_total_20_BP14,diff,BP,14,comp_diff
S5_43714208,5,109.7001758,5.34512675200735,8.65079766891301,6281.42224459635,1242.64780495389,S5_42719546,5,103.4003774,3.37853401634193,S5_44003086,5,115.1315049,3.10267038112199,sma_te_fit_total_20_BP14,diff,BP,14,comp_diff
S7_16511236,7,33.24039283,3.67583916662698,5.81346947312493,4645.65892772195,1121.10882140864,S7_13950231,7,22.25953203,1.9053945419003,S7_17697912,7,42.22766767,1.87213945516334,sma_te_fit_total_20_BP14,diff,BP,14,comp_diff
S7_32133319,7,99.94477983,4.59868094253387,7.36617502573588,7755.4043905499,1662.65283578582,S7_31178325,7,89.28412826,2.53579717308505,S7_32940091,7,101.9471039,2.35324396315746,sma_te_fit_total_20_BP14,diff,BP,14,comp_diff
S9_6724364,9,34.93391023,7.45361806398204,12.4229957238336,-7572.87365223531,1250.16025937442,S9_6184858,9,32.79210864,5.06957222462391,S9_8182398,9,37.12013546,5.5919873910875,sma_te_fit_total_20_BP14,diff,BP,14,comp_diff
S2_44586954,2,96.05450929,6.33127878447145,10.4238168181104,0.0450085088952998,0.00812533194825702,S2_43100924,2,89.4251276,4.57095447508118,S2_44908249,2,97.68940295,4.6004532539582,sma_te_fit_total_20_BP14,diff,BP,14,comp_rel_diff
S5_43714208,5,109.7001758,5.34538228198156,8.68084313136114,-0.0451628325878467,0.00893429094665607,S5_42719546,5,103.4003774,3.37899703012627,S5_44003086,5,115.1315049,3.16034750559174,sma_te_fit_total_20_BP14,diff,BP,14,comp_rel_diff
S7_16511236,7,33.24039283,3.65992197882917,5.80682843523419,-0.0333249440463691,0.0080604595714062,S7_13950231,7,22.25953203,1.87828519339867,S7_17697912,7,42.22766767,1.86338416029553,sma_te_fit_total_20_BP14,diff,BP,14,comp_rel_diff
S7_32133319,7,99.94477983,4.4885266295724,7.20335400073252,-0.0550454109242531,0.0119540099125226,S7_31178325,7,89.28412826,2.46689871971345,S7_32940091,7,101.9471039,2.28540899645037,sma_te_fit_total_20_BP14,diff,BP,14,comp_rel_diff
S9_6724364,9,34.93391023,7.38468822974497,12.3383127966759,0.0541683664702266,0.0089883033975283,S9_6184858,9,32.79210864,5.00526745184198,S9_8182398,9,37.12013546,5.53897727688148,sma_te_fit_total_20_BP14,diff,BP,14,comp_rel_diff
S3_19489073,3,69.19885477,3.14197722150409,7.48461279874508,-0.0466631617015644,0.0121146083160338,S3_7095091,3,46.70151328,1.15228108169291,S3_46747961,3,102.8857175,1.44614491713349,sma_te_fit_total_20_BP14,diff,BP,14,comp_ratio
S7_32133319,7,99.94477983,3.50323105526379,8.38671690952785,0.072481733242818,0.0177767540137365,S7_19236553,7,49.76776198,1.79017385608083,S7_33411071,7,104.8359143,1.74204104910147,sma_te_fit_total_20_BP14,diff,BP,14,comp_ratio
S2_44586954,2,96.05450929,7.24677526185214,11.4480307992762,-8380.91228352836,1405.1930103818,S2_43481897,2,90.13407682,5.61871095315822,S2_44908249,2,97.68940295,5.41642882617148,sma_te_fit_total_21_BP14,diff,BP,14,comp_diff
S5_43714208,5,109.7001758,5.74822730783919,8.8929630059496,8122.0960733123,1545.0941907243,S5_43240044,5,106.0943485,3.75822918002646,S5_44003086,5,115.1315049,3.3913433770605,sma_te_fit_total_21_BP14,diff,BP,14,comp_diff
S7_16511236,7,33.24039283,3.82334719417672,5.75955436667572,5897.10734502386,1393.97399667281,S7_13950231,7,22.25953203,1.87832851446137,S7_17944289,7,43.32050333,1.90645917623337,sma_te_fit_total_21_BP14,diff,BP,14,comp_diff
S7_32133319,7,99.94477983,5.22592483710094,8.02651938155775,10324.3336040403,2067.32368376838,S7_31178325,7,89.28412826,2.81784268344757,S7_32940091,7,101.9471039,2.68791622573664,sma_te_fit_total_21_BP14,diff,BP,14,comp_diff
S9_6724364,9,34.93391023,8.26427226509275,13.2429674024995,-9971.37769438208,1554.43509136966,S9_6184858,9,32.79210864,5.57625989743356,S9_7478538,9,36.4077051,6.18821726863779,sma_te_fit_total_21_BP14,diff,BP,14,comp_diff
S2_44586954,2,96.05450929,7.24840396897619,11.4315719583301,0.0477724244741554,0.00800881428457213,S2_43481897,2,90.13407682,5.61634529671864,S2_44908249,2,97.68940295,5.41460801151701,sma_te_fit_total_21_BP14,diff,BP,14,comp_rel_diff
S5_43714208,5,109.7001758,5.75011781997561,8.88113312045033,-0.0462996250487293,0.00880617277075696,S5_43240044,5,106.0943485,3.75551866850515,S5_44003086,5,115.1315049,3.40607886338635,sma_te_fit_total_21_BP14,diff,BP,14,comp_rel_diff
S7_16511236,7,33.24039283,3.86178599123672,5.81073479987825,-0.0337876918180869,0.00794487218082725,S7_13950231,7,22.25953203,1.86731089657046,S7_17697912,7,42.22766767,2.2239138922175,sma_te_fit_total_21_BP14,diff,BP,14,comp_rel_diff
S7_32133319,7,99.94477983,5.23945446622252,8.03524846804062,-0.058924575131158,0.0117825888166778,S7_31178325,7,89.28412826,2.78500205553815,S7_32940091,7,101.9471039,2.6959657487724,sma_te_fit_total_21_BP14,diff,BP,14,comp_rel_diff
S9_6724364,9,34.93391023,8.3049286235174,13.2932865244047,0.0569871711561264,0.00885941068040114,S9_6184858,9,32.79210864,5.59963486367099,S9_7478538,9,36.4077051,6.22029351384685,sma_te_fit_total_21_BP14,diff,BP,14,comp_rel_diff
S3_19489073,3,69.19885477,3.34158562184327,7.87586211449282,-0.0442094159308377,0.0111142340287051,S3_7095091,3,46.70151328,1.26227815268563,S3_20423554,3,71.83639809,1.82040058817208,sma_te_fit_total_21_BP14,diff,BP,14,comp_ratio
S7_32133319,7,99.94477983,3.8443394901744,9.12373337711693,0.0698224531846247,0.0163088231352803,S7_20047201,7,54.04030769,2.17401923223889,S7_32940091,7,101.9471039,2.30337636137901,sma_te_fit_total_21_BP14,diff,BP,14,comp_ratio
S2_44586954,2,96.05450929,7.94219865442494,12.2471318192941,-10590.3622369387,1687.88199078203,S2_44209808,2,93.99718694,5.60675128648292,S2_44908249,2,97.68940295,6.05599732879451,sma_te_fit_total_22_BP14,diff,BP,14,comp_diff
S5_43714208,5,109.7001758,5.97484872297817,8.96364312100214,9962.1912838468,1855.92771905184,S5_43240044,5,106.0943485,3.88209227481032,S5_44003086,5,115.1315049,3.53425519654836,sma_te_fit_total_22_BP14,diff,BP,14,comp_diff
S7_16511236,7,33.24039283,3.89780409213334,5.68182072385164,7155.76506920545,1674.40599776623,S7_13950231,7,22.25953203,1.81424550802288,S7_18647587,7,45.61589714,2.32721010088706,sma_te_fit_total_22_BP14,diff,BP,14,comp_diff
S7_32133319,7,99.94477983,5.77191092890086,8.6347917928269,13082.5394551156,2483.2164614893,S7_31429416,7,92.5060333,4.10169095331478,S7_32940091,7,101.9471039,2.99247489511355,sma_te_fit_total_22_BP14,diff,BP,14,comp_diff
S9_6724364,9,34.93391023,8.725006210965,13.6030798976045,-12346.6419662396,1867.14777057537,S9_6184858,9,32.79210864,5.84034244819875,S9_7478538,9,36.4077051,6.5492702121016,sma_te_fit_total_22_BP14,diff,BP,14,comp_diff
S2_44586954,2,96.05450929,7.93905208508123,12.1988567511878,0.0494768759233944,0.00788731466135698,S2_44209808,2,93.99718694,5.59340418646438,S2_44908249,2,97.68940295,6.04922172650213,sma_te_fit_total_22_BP14,diff,BP,14,comp_rel_diff
S5_43714208,5,109.7001758,5.98349491029719,8.94624541246327,-0.0465888602843081,0.00867257663085451,S5_43240044,5,106.0943485,3.88119329535431,S5_44003086,5,115.1315049,3.5399608586291,sma_te_fit_total_22_BP14,diff,BP,14,comp_rel_diff
S7_16511236,7,33.24039283,3.9597402738263,5.75679835669115,-0.0337172312228424,0.0078243426065153,S7_14559796,7,22.95825909,2.10888429818614,S7_18647587,7,45.61589714,2.36899195258396,sma_te_fit_total_22_BP14,diff,BP,14,comp_rel_diff
S7_32133319,7,99.94477983,5.82380852543536,8.68817602467539,-0.061429857597487,0.0116038382487588,S7_31429416,7,92.5060333,4.14707719056075,S7_32940091,7,101.9471039,3.0237241183401,sma_te_fit_total_22_BP14,diff,BP,14,comp_rel_diff
S9_6724364,9,34.93391023,8.80595494085901,13.696795282414,0.0579947655556322,0.00872500688211972,S9_6184858,9,32.79210864,5.89266164714654,S9_7478538,9,36.4077051,6.61268473494848,sma_te_fit_total_22_BP14,diff,BP,14,comp_rel_diff
S3_14283723,3,60.37788402,3.31218161389738,7.79465393847809,-0.0415183044310732,0.0104860367644661,S3_7095091,3,46.70151328,1.22652698411724,S3_20423554,3,71.83639809,1.61992843865929,sma_te_fit_total_22_BP14,diff,BP,14,comp_ratio
S7_32133319,7,99.94477983,3.99885004585104,9.50000194773759,0.0665548175911407,0.0152260705079416,S7_19236553,7,49.76776198,2.41621523364131,S7_32940091,7,101.9471039,2.31407152560136,sma_te_fit_total_22_BP14,diff,BP,14,comp_ratio
S2_44586954,2,96.05450929,8.5012186373319,12.9343064872436,-12839.5568396742,1970.18006652826,S2_44209808,2,93.99718694,6.06344032685416,S2_44908249,2,97.68940295,6.6395328373134,sma_te_fit_total_23_BP14,diff,BP,14,comp_diff
S5_43714208,5,109.7001758,6.16361164466947,9.07594160032167,11826.1473409587,2166.33142421234,S5_43240044,5,106.0943485,4.00478788913923,S5_44003086,5,115.1315049,3.68296327513507,sma_te_fit_total_23_BP14,diff,BP,14,comp_diff
S7_16511236,7,33.24039283,3.8934573688716,5.55565059461674,8347.6573510784,1954.45021517527,S7_14596913,7,23.66485032,2.36867003668733,S7_19644932,7,51.8739576,2.01103095219195,sma_te_fit_total_23_BP14,diff,BP,14,comp_diff
S7_32133319,7,99.94477983,6.07885611986186,8.94058539804409,15704.8552337518,2898.53413924651,S7_31429416,7,92.5060333,4.3454188678072,S7_32940091,7,101.9471039,3.15479362107332,sma_te_fit_total_23_BP14,diff,BP,14,comp_diff
S9_6724364,9,34.93391023,8.97611606973784,13.7484598091991,-14643.4057277386,2179.42802810871,S9_6184858,9,32.79210864,5.94995614396503,S9_7478538,9,36.4077051,6.77474213355402,sma_te_fit_total_23_BP14,diff,BP,14,comp_diff
S2_44586954,2,96.05450929,8.50409013326528,12.8665164224993,0.0509032444398289,0.00780942838423742,S2_44209808,2,93.99718694,6.04838722625861,S2_44908249,2,97.68940295,6.63566310545256,sma_te_fit_total_23_BP14,diff,BP,14,comp_rel_diff
S5_43714208,5,109.7001758,6.18120615089051,9.05294031110401,-0.0469492632960054,0.00858693598688213,S5_43329831,5,106.5862469,4.67391272931338,S5_44003086,5,115.1315049,3.69445180172129,sma_te_fit_total_23_BP14,diff,BP,14,comp_rel_diff
S7_16511236,7,33.24039283,3.98846024770192,5.6666602322978,-0.0335117612295044,0.00774707817081132,S7_14596913,7,23.66485032,2.35679062661828,S7_19580554,7,51.64603332,2.37241353993717,sma_te_fit_total_23_BP14,diff,BP,14,comp_rel_diff
S7_32133319,7,99.94477983,6.16319454721438,9.02429749839709,-0.062718285226085,0.0114892517512882,S7_31429416,7,92.5060333,4.4186502347176,S7_32940091,7,101.9471039,3.20503791701971,sma_te_fit_total_23_BP14,diff,BP,14,comp_rel_diff
S9_6724364,9,34.93391023,9.10463807349763,13.8921267372022,0.0585107889422209,0.00863884849576546,S9_6184858,9,32.79210864,6.03213743812146,S9_7478538,9,36.4077051,6.87550759258997,sma_te_fit_total_23_BP14,diff,BP,14,comp_rel_diff
S3_14283723,3,60.37788402,3.35262887520903,7.94231712367604,-0.0401656409674223,0.0100802208484279,S3_7095091,3,46.70151328,1.19965436703018,S3_20423554,3,71.83639809,1.48913356436114,sma_te_fit_total_23_BP14,diff,BP,14,comp_ratio
S7_32133319,7,99.94477983,3.71224598428655,8.83787013535919,0.0615221293372876,0.0146368124412732,S7_19153030,7,49.2934369,1.40656367195439,S7_32940091,7,101.9471039,2.07892974643876,sma_te_fit_total_23_BP14,diff,BP,14,comp_ratio
S2_44586954,2,96.05450929,8.9329781586356,13.4661006227111,-14909.2760327722,2225.02597852364,S2_44257418,2,94.71205672,7.34872591493724,S2_44908249,2,97.68940295,7.10412355032065,sma_te_fit_total_24_BP14,diff,BP,14,comp_diff
S5_43714208,5,109.7001758,6.21558912438375,9.01980211713113,13416.9286864458,2446.54982499054,S5_43329831,5,106.5862469,4.69178680645568,S5_44003086,5,115.1315049,3.72833057837476,sma_te_fit_total_24_BP14,diff,BP,14,comp_diff
S7_16511236,7,33.24039283,3.78967798020778,5.3177112487072,9294.30018439528,2207.26144598505,S7_14596913,7,23.66485032,2.14660815216743,S7_19644932,7,51.8739576,2.24741145699634,sma_te_fit_total_24_BP14,diff,BP,14,comp_diff
S7_32133319,7,99.94477983,6.4435088055176,9.3802872248153,18306.9584253325,3273.46412088401,S7_31429416,7,92.5060333,4.63496987607048,S7_32940091,7,101.9471039,3.41596885872427,sma_te_fit_total_24_BP14,diff,BP,14,comp_diff
S9_6724364,9,34.93391023,9.14603558002782,13.8287474952278,-16713.3559324583,2461.34049534343,S9_6184858,9,32.79210864,6.05032445302715,S9_7478538,9,36.4077051,6.93303375191896,sma_te_fit_total_24_BP14,diff,BP,14,comp_diff
S2_44586954,2,96.05450929,8.94661449567434,13.3861773320316,0.0515630493407584,0.00768854522386236,S2_44257418,2,94.71205672,7.34681245069604,S2_44908249,2,97.68940295,7.10761832909088,sma_te_fit_total_24_BP14,diff,BP,14,comp_rel_diff
S5_43714208,5,109.7001758,6.24332809612805,8.99430158816601,-0.0464743160915559,0.00845401768493217,S5_43329831,5,106.5862469,4.7010963202336,S5_44003086,5,115.1315049,3.74618848654528,sma_te_fit_total_24_BP14,diff,BP,14,comp_rel_diff
S7_16511236,7,33.24039283,3.91170267542227,5.45616339722555,-0.0326567289236356,0.00762716013752088,S7_14686597,7,24.41187922,2.29967454057303,S7_19644932,7,51.8739576,2.21975892818655,sma_te_fit_total_24_BP14,diff,BP,14,comp_rel_diff
S7_32133319,7,99.94477983,6.56096030259977,9.49382236939425,-0.063885655588405,0.0113114081251345,S7_31429416,7,92.5060333,4.73621041396424,S7_32940091,7,101.9471039,3.48636817803394,sma_te_fit_total_24_BP14,diff,BP,14,comp_rel_diff
S9_6724364,9,34.93391023,9.31878757175046,14.0164067606716,0.0583667166127564,0.00850512663332066,S9_6184858,9,32.79210864,6.16042124087086,S9_7478538,9,36.4077051,7.06851963460095,sma_te_fit_total_24_BP14,diff,BP,14,comp_rel_diff
S7_32133319,7,99.94477983,3.52584386195694,7.63842025181843,0.0558594524009577,0.0136949372901522,S7_16359609,7,32.72868696,1.82151310829361,S7_32940091,7,101.9471039,1.75989380868134,sma_te_fit_total_24_BP14,diff,BP,14,comp_ratio
S9_13387210,9,59.29751876,6.73989462502001,15.2664388280007,-0.331330076723393,0.0574588776381266,S9_13026067,9,58.47173265,1.65869149683625,S9_13868930,9,59.84738764,0,sma_te_fit_total_24_BP14,diff,BP,14,comp_ratio
S9_13868930,9,59.84738764,6.31677490927822,14.2238700236875,0.319426293909821,0.0573887708997156,S9_13387210,9,59.29751876,0,S9_13900821,9,60.08717152,2.81582061195281,sma_te_fit_total_24_BP14,diff,BP,14,comp_ratio
S2_44586954,2,96.05450929,9.18849848363674,13.8098564838631,-16557.7330682697,2432.05295185927,S2_44257418,2,94.71205672,7.54641900292727,S2_44908249,2,97.68940295,7.46986519065613,sma_te_fit_total_25_BP14,diff,BP,14,comp_diff
S5_43714208,5,109.7001758,6.1689402653624,8.88746188500567,14605.423309793,2674.18842798731,S5_43240044,5,106.0943485,4.06858511811297,S5_44003086,5,115.1315049,3.70452642736925,sma_te_fit_total_25_BP14,diff,BP,14,comp_diff
S7_16511236,7,33.24039283,3.65314513740097,5.08284997871026,9965.03048598393,2412.6355229322,S7_14686597,7,24.41187922,2.10636500386158,S7_21663918,7,60.36847472,1.71157010988158,sma_te_fit_total_25_BP14,diff,BP,14,comp_diff
S7_32133319,7,99.94477983,6.65921582393196,9.65956846206677,20373.125284947,3578.04275313849,S7_31429416,7,92.5060333,4.84799621449267,S7_32940091,7,101.9471039,3.61662535967841,sma_te_fit_total_25_BP14,diff,BP,14,comp_diff
S9_6724364,9,34.93391023,9.23800471732707,13.8939621375524,-18371.9798671379,2690.35529248189,S9_6184858,9,32.79210864,6.08850748524766,S9_7478538,9,36.4077051,7.01996844084469,sma_te_fit_total_25_BP14,diff,BP,14,comp_diff
S2_44586954,2,96.05450929,9.21449625642453,13.7269397498418,0.0514570381826505,0.00754612112928044,S2_44257418,2,94.71205672,7.55244085511793,S2_44908249,2,97.68940295,7.48351997505022,sma_te_fit_total_25_BP14,diff,BP,14,comp_rel_diff
S5_43714208,5,109.7001758,6.20558156542658,8.86276976326396,-0.0454633709224112,0.00829741383084816,S5_43575577,5,107.8767063,4.68872571975244,S5_44003086,5,115.1315049,3.72782038490398,sma_te_fit_total_25_BP14,diff,BP,14,comp_rel_diff
S7_16511236,7,33.24039283,3.79154756570697,5.23700420804943,-0.0315295719173417,0.00748587315211741,S7_14686597,7,24.41187922,2.09103310392845,S7_20312115,7,54.97788472,2.14546853165512,sma_te_fit_total_25_BP14,diff,BP,14,comp_rel_diff
S7_32133319,7,99.94477983,6.80178974187545,9.79535580195586,-0.0639499969800755,0.0111018734194441,S7_31429416,7,92.5060333,4.97090958075956,S7_32940091,7,101.9471039,3.70308063802854,sma_te_fit_total_25_BP14,diff,BP,14,comp_rel_diff
S9_6724364,9,34.93391023,9.44317224340343,14.1130795438397,0.0577172229490638,0.00834757602721955,S9_6184858,9,32.79210864,6.21869032910027,S9_7478538,9,36.4077051,7.18074495337559,sma_te_fit_total_25_BP14,diff,BP,14,comp_rel_diff
S7_32133319,7,99.94477983,3.46379105341438,7.40483936810409,0.0529909635821428,0.0131131271803326,S7_16359609,7,32.72868696,1.66082518504826,S7_32940091,7,101.9471039,1.73722751026978,sma_te_fit_total_25_BP14,diff,BP,14,comp_ratio
S9_13387210,9,59.29751876,7.34970957338434,16.5825090578463,-0.332710270961259,0.0550178182013092,S9_13026067,9,58.47173265,1.80880262360402,S9_13868930,9,59.84738764,0,sma_te_fit_total_25_BP14,diff,BP,14,comp_ratio
S9_13868930,9,59.84738764,6.93517929093085,15.5568176718873,0.321863146266819,0.0549506898488746,S9_13387210,9,59.29751876,0,S9_13900821,9,60.08717152,3.15971197385892,sma_te_fit_total_25_BP14,diff,BP,14,comp_ratio
S2_44586954,2,96.05450929,9.17311153467125,13.7335488005306,-17666.2449079519,2597.33197994248,S2_44257418,2,94.71205672,7.26898920609153,S2_44908249,2,97.68940295,7.58193512100951,sma_te_fit_total_26_BP14,diff,BP,14,comp_diff
S5_43714208,5,109.7001758,6.11573051252055,8.77222161528902,15526.5517722203,2856.24082230541,S5_42719546,5,103.4003774,4.26264520592125,S5_44003086,5,115.1315049,3.62094997802751,sma_te_fit_total_26_BP14,diff,BP,14,comp_diff
S7_19532160,7,51.17962841,3.58243125827065,4.96147967128649,10705.2881521907,2618.5891078641,S7_14686597,7,24.41187922,1.8895442025641,S7_21663918,7,60.36847472,1.78388047765601,sma_te_fit_total_26_BP14,diff,BP,14,comp_diff
S7_32133319,7,99.94477983,5.8147231952797,8.30561895140035,20448.6938630682,3865.93168668765,S7_31429416,7,92.5060333,4.052651171542,S7_32940091,7,101.9471039,2.8959315902618,sma_te_fit_total_26_BP14,diff,BP,14,comp_diff
S9_6724364,9,34.93391023,8.53141042000815,12.6578954688261,-18817.2271984241,2881.70473264884,S9_6184858,9,32.79210864,6.52042612107151,S9_7142713,9,35.91474829,7.02822810523512,sma_te_fit_total_26_BP14,diff,BP,14,comp_diff
S2_44586954,2,96.05450929,9.36821397547739,13.963029639883,0.0510939757297156,0.00742309512455668,S2_44257418,2,94.71205672,7.66549271916982,S2_44908249,2,97.68940295,7.75753195759529,sma_te_fit_total_26_BP14,diff,BP,14,comp_rel_diff
S5_43714208,5,109.7001758,6.1118951446562,8.70312209091166,-0.0443543668536638,0.00816213934271572,S5_43240044,5,106.0943485,4.07405343548957,S5_44003086,5,115.1315049,3.67672734703014,sma_te_fit_total_26_BP14,diff,BP,14,comp_rel_diff
S7_16511236,7,33.24039283,3.62032139528155,4.98044437481104,-0.0302714069123081,0.00736382938287544,S7_14686597,7,24.41187922,1.87492190969018,S7_21663918,7,60.36847472,1.75827318762305,sma_te_fit_total_26_BP14,diff,BP,14,comp_rel_diff
S7_32133319,7,99.94477983,6.96281974457242,10.0331529262735,-0.0637193126707567,0.0109208772350013,S7_31429416,7,92.5060333,5.16243462359716,S7_32940091,7,101.9471039,3.88172138238332,sma_te_fit_total_26_BP14,diff,BP,14,comp_rel_diff
S9_6724364,9,34.93391023,9.46534459605091,14.1271614864263,0.0568517625153825,0.00821148373421729,S9_6184858,9,32.79210864,6.23614671830962,S9_7478538,9,36.4077051,7.22924160517563,sma_te_fit_total_26_BP14,diff,BP,14,comp_rel_diff
S3_7095091,3,46.70151328,7.5061222100701,16.0197957927037,0.325770803461302,0.0532477343730617,S3_6422015,3,45.16807388,1.316348984067,S3_7261171,3,47.15534623,0,sma_te_fit_total_26_BP14,diff,BP,14,comp_ratio
S3_7261171,3,47.15534623,8.56479481883443,18.5528888349177,-0.3501503988936,0.0531822022074908,S3_7095091,3,46.70151328,-8.88178419700125e-16,S3_7345986,3,47.38986671,5.50634817257616,sma_te_fit_total_26_BP14,diff,BP,14,comp_ratio
S7_32133319,7,99.94477983,4.40259148383045,8.99918370028902,0.0553989023820408,0.0120813944574009,S7_31956171,7,96.48121012,2.0758251195183,S7_33411071,7,104.8359143,1.91772599008128,sma_te_fit_total_26_BP14,diff,BP,14,comp_ratio
S2_44586954,2,96.05450929,9.26775618329122,13.8101472460645,-18436.1956273792,2694.8563394252,S2_44257418,2,94.71205672,7.34243282944004,S2_45043544,2,98.51301522,7.09393644764985,sma_te_fit_total_27_BP14,diff,BP,14,comp_diff
S5_43714208,5,109.7001758,6.11313288078714,8.71539573957409,16105.8284253536,2963.48666491422,S5_42719546,5,103.4003774,4.27484654018921,S5_44003086,5,115.1315049,3.62774418610307,sma_te_fit_total_27_BP14,diff,BP,14,comp_diff
S7_19532160,7,51.17962841,3.73595711591848,5.15384041182504,11354.7487979459,2716.91162784421,S7_14686597,7,24.41187922,1.70543667689514,S7_21663918,7,60.36847472,1.84151806069836,sma_te_fit_total_27_BP14,diff,BP,14,comp_diff
S7_32133319,7,99.94477983,5.83686864263584,8.28961368707044,21260.1347052479,4011.08930013855,S7_31429416,7,92.5060333,4.14040303782196,S7_32940091,7,101.9471039,2.97197516620068,sma_te_fit_total_27_BP14,diff,BP,14,comp_diff
S9_6724364,9,34.93391023,8.60271282703561,12.6995827652073,-19615.0263795327,2989.90669159755,S9_6184858,9,32.79210864,6.5495025030295,S9_7478538,9,36.4077051,6.57600740356809,sma_te_fit_total_27_BP14,diff,BP,14,comp_diff
S2_44586954,2,96.05450929,9.27719029426351,13.7497579995268,0.0494685458081965,0.00722675969935436,S2_44257418,2,94.71205672,7.33557976945357,S2_45043544,2,98.51301522,7.08529124053205,sma_te_fit_total_27_BP14,diff,BP,14,comp_rel_diff
S5_43714208,5,109.7001758,6.12234408333855,8.68147969305624,-0.0432260799707205,0.00794714200020925,S5_42719546,5,103.4003774,4.27160566282409,S5_44003086,5,115.1315049,3.62533748152771,sma_te_fit_total_27_BP14,diff,BP,14,comp_rel_diff
S7_19532160,7,51.17962841,3.72002403620839,5.10242457412262,-0.0303815416615832,0.00728590506720657,S7_14686597,7,24.41187922,1.69367996119169,S7_21663918,7,60.36847472,1.82076462655934,sma_te_fit_total_27_BP14,diff,BP,14,comp_rel_diff
S7_32133319,7,99.94477983,5.96277931625606,8.4364656890236,-0.0576751325917069,0.0107564837801096,S7_31429416,7,92.5060333,4.25270958406622,S7_32940091,7,101.9471039,3.04275883958213,sma_te_fit_total_27_BP14,diff,BP,14,comp_rel_diff
S9_6724364,9,34.93391023,8.77427767621601,12.9125264179587,0.0531874592985419,0.0080179922274728,S9_6184858,9,32.79210864,6.67644066130087,S9_7142713,9,35.91474829,7.27152480449072,sma_te_fit_total_27_BP14,diff,BP,14,comp_rel_diff
S3_7095091,3,46.70151328,7.56378941158465,16.1547781875283,0.309647724791822,0.0503987301169482,S3_6422015,3,45.16807388,1.3417845456986,S3_7261171,3,47.15534623,0,sma_te_fit_total_27_BP14,diff,BP,14,comp_ratio
S3_7261171,3,47.15534623,8.6405929727918,18.7357367261194,-0.3330565386891,0.0503367042304861,S3_7095091,3,46.70151328,4.44089209850063e-16,S3_7345986,3,47.38986671,5.5818405910954,sma_te_fit_total_27_BP14,diff,BP,14,comp_ratio
S7_32133319,7,99.94477983,4.27554556488848,8.72356047351474,0.0516273950005035,0.011434983025362,S7_31956171,7,96.48121012,2.03152019044896,S7_33411071,7,104.8359143,1.84019417346117,sma_te_fit_total_27_BP14,diff,BP,14,comp_ratio
S2_44586954,2,96.05450929,11.7038734174436,13.9164271223059,-19028.0236235455,2455.19319842012,S2_44257418,2,94.71205672,9.92010903017634,S2_44908249,2,97.68940295,9.83701962480268,sma_te_fit_total_28_BP14,diff,BP,14,comp_diff
S5_5909140,5,40.32890934,5.36702328280867,5.83742089603779,-14864.9222120785,2961.47453004859,S5_5107998,5,37.40304223,3.40614427348759,S5_6876512,5,42.79131694,3.15171666998978,sma_te_fit_total_28_BP14,diff,BP,14,comp_diff
S5_32800961,5,79.00989287,4.2127505596027,4.50937799326422,12273.1594076626,2781.97946320273,62,5,71.02984202,2.18201125176317,87,5,88.39590531,2.23966562499606,sma_te_fit_total_28_BP14,diff,BP,14,comp_diff
S5_43714208,5,109.7001758,7.8870302352855,8.88521379909144,17768.921383042,2869.3464562834,S5_43329831,5,106.5862469,6.10833678720035,S5_44003086,5,115.1315049,5.42603569063836,sma_te_fit_total_28_BP14,diff,BP,14,comp_diff
S6_33052891,6,73.8397152,4.10575089662264,4.38836018235664,-10697.7889759597,2458.09554126751,S6_31888552,6,65.16886519,2.39226533273602,S6_33383362,6,78.16213009,2.34778865401146,sma_te_fit_total_28_BP14,diff,BP,14,comp_diff
S7_19532160,7,51.17962841,4.71527128041941,5.082450366322,11650.8265607756,2487.5741167849,S7_17849585,7,42.46452593,3.00926726004276,S7_20791180,7,57.68635809,3.13463637834147,sma_te_fit_total_28_BP14,diff,BP,14,comp_diff
S7_32133319,7,99.94477983,8.79101729403112,10.0302351794011,24197.5794088952,3677.66554421367,S7_31429416,7,92.5060333,6.93800926757349,S7_32940091,7,101.9471039,4.79554631109887,sma_te_fit_total_28_BP14,diff,BP,14,comp_diff
S9_6724364,9,34.93391023,8.82726469652851,10.0767346737276,-18053.2627287604,2737.48441869015,S9_6184858,9,32.79210864,6.8094589425775,S9_8182398,9,37.12013546,6.96308446715231,sma_te_fit_total_28_BP14,diff,BP,14,comp_diff
S2_44586954,2,96.05450929,11.7765333204587,13.8804951819143,0.0484727015236881,0.00623189714061885,S2_44257418,2,94.71205672,9.97053631451045,S2_44908249,2,97.68940295,9.88692865401366,sma_te_fit_total_28_BP14,diff,BP,14,comp_rel_diff
S5_5909140,5,40.32890934,5.476917238346,5.90779332635663,0.0381443063356318,0.00751696635022502,S5_5107998,5,37.40304223,3.47441087917247,S5_6876512,5,42.79131694,3.22431728889166,sma_te_fit_total_28_BP14,diff,BP,14,comp_rel_diff
S5_32800961,5,79.00989287,4.26408906520204,4.52297580893406,-0.0313527128469834,0.0070613627771328,62,5,71.02984202,2.20128372346206,87,5,88.39590531,2.25745597986757,sma_te_fit_total_28_BP14,diff,BP,14,comp_rel_diff
S5_43714208,5,109.7001758,7.96486751290276,8.89501129498976,-0.0453487493654849,0.00728312215424181,S5_43329831,5,106.5862469,6.14939092486066,S5_44003086,5,115.1315049,5.46975159080653,sma_te_fit_total_28_BP14,diff,BP,14,comp_rel_diff
S6_33052891,6,73.8397152,4.22128410922122,4.47492709797204,0.0275550252942853,0.00623926401590322,S6_31888552,6,65.16886519,2.47102999572553,S6_33383362,6,78.16213009,2.41696502426105,sma_te_fit_total_28_BP14,diff,BP,14,comp_rel_diff
S7_19532160,7,51.17962841,4.73267470035119,5.052624286668,-0.0296308155266234,0.00631408804628686,S7_17849585,7,42.46452593,3.11890382281663,S7_20791180,7,57.68635809,3.13657854090673,sma_te_fit_total_28_BP14,diff,BP,14,comp_rel_diff
S7_32133319,7,99.94477983,8.97562265083495,10.1672926653466,-0.0621418196319352,0.00933483906842263,S7_31429416,7,92.5060333,7.11144509013615,S7_32940091,7,101.9471039,4.90012416049818,sma_te_fit_total_28_BP14,diff,BP,14,comp_rel_diff
S9_6724364,9,34.93391023,9.00486480574576,10.2046220353185,0.0463403372903203,0.00694842317594456,S9_6184858,9,32.79210864,6.94537093408432,S9_8182398,9,37.12013546,7.10393927723376,sma_te_fit_total_28_BP14,diff,BP,14,comp_rel_diff
S3_7095091,3,46.70151328,7.46682980838193,16.0465910277217,0.290211473367623,0.0475732379467506,S3_6422015,3,45.16807388,1.33641730648804,S3_7261171,3,47.15534623,0,sma_te_fit_total_28_BP14,diff,BP,14,comp_ratio
S3_7261171,3,47.15534623,8.5381648996365,18.6268987439037,-0.312290408690922,0.0475146894029942,S3_7095091,3,46.70151328,0,S3_7345986,3,47.38986671,5.56217780274273,sma_te_fit_total_28_BP14,diff,BP,14,comp_ratio
S7_32133319,7,99.94477983,4.01917198236529,8.23336114267639,0.0471658536616312,0.0107939062575639,S7_31956171,7,96.48121012,1.91213753356888,S7_33411071,7,104.8359143,1.7151499395243,sma_te_fit_total_28_BP14,diff,BP,14,comp_ratio
S2_44586954,2,96.05450929,11.6027629164134,13.8191645318739,-19143.5662929497,2482.62966269091,S2_44257418,2,94.71205672,9.83651899034119,S2_44908249,2,97.68940295,9.88938311189773,sma_te_fit_total_29_BP14,diff,BP,14,comp_diff
S5_5909140,5,40.32890934,5.35399563505204,5.84030191899505,-15011.4253800343,2994.56862227107,S5_5107998,5,37.40304223,3.45274568896556,S5_6876512,5,42.79131694,3.06891237567356,sma_te_fit_total_29_BP14,diff,BP,14,comp_diff
S5_32800961,5,79.00989287,4.25673795156633,4.57340593694434,12478.7210254256,2813.06772142752,62,5,71.02984202,2.16479705997825,87,5,88.39590531,2.31664211731177,sma_te_fit_total_29_BP14,diff,BP,14,comp_diff
S5_43714208,5,109.7001758,7.84103625788974,8.85515018867618,17909.2432829863,2901.41102927871,S5_43329831,5,106.5862469,6.22901399253425,S5_44003086,5,115.1315049,5.36421560217328,sma_te_fit_total_29_BP14,diff,BP,14,comp_diff
S6_33052891,6,73.8397152,4.21565454086101,4.52669842537002,-10969.4744413439,2485.56443884167,S6_31888552,6,65.16886519,2.36045062620645,S6_33383362,6,78.16213009,2.35713638226962,sma_te_fit_total_29_BP14,diff,BP,14,comp_diff
S7_19532160,7,51.17962841,4.86526166679632,5.27135521164439,11979.3554352909,2515.37243360169,S7_17849585,7,42.46452593,2.97467286650244,S7_20312115,7,54.97788472,3.35528719358365,sma_te_fit_total_29_BP14,diff,BP,14,comp_diff
S7_32133319,7,99.94477983,8.57677830571494,9.78666713132419,24131.5889979557,3718.76297775522,S7_31429416,7,92.5060333,6.88012152860131,S7_32940091,7,101.9471039,4.72016252195065,sma_te_fit_total_29_BP14,diff,BP,14,comp_diff
S9_6724364,9,34.93391023,8.69421091918981,9.93707327532813,-18099.941971457,2768.07545058677,S9_6184858,9,32.79210864,6.73554350647628,S9_8182398,9,37.12013546,6.9242579602537,sma_te_fit_total_29_BP14,diff,BP,14,comp_diff
S2_44586954,2,96.05450929,11.6532540495377,13.8010544901694,0.0469383941491745,0.00607180948320438,S2_44257418,2,94.71205672,9.87246619793414,S2_44908249,2,97.68940295,9.92597848863381,sma_te_fit_total_29_BP14,diff,BP,14,comp_rel_diff
S5_5909140,5,40.32890934,5.42394170855528,5.88472086622625,0.036970672926046,0.00732386728155981,S5_5107998,5,37.40304223,3.49684958462492,S5_6876512,5,42.79131694,3.11383115311398,sma_te_fit_total_29_BP14,diff,BP,14,comp_rel_diff
S5_32800961,5,79.00989287,4.29106285473166,4.5831664643073,-0.0306494831490052,0.00687996744925152,62,5,71.02984202,2.17774091200955,87,5,88.39590531,2.32949898983887,sma_te_fit_total_29_BP14,diff,BP,14,comp_rel_diff
S5_43714208,5,109.7001758,7.89289127381216,8.86352672356832,-0.0439615188775702,0.00709603017598425,S5_43329831,5,106.5862469,6.2587092153285,S5_44003086,5,115.1315049,5.39360077749155,sma_te_fit_total_29_BP14,diff,BP,14,comp_rel_diff
S6_33052891,6,73.8397152,4.28973583670075,4.58166516654518,0.0270767697901821,0.00607898711502402,S6_31888552,6,65.16886519,2.40901760744222,S6_33383362,6,78.16213009,2.40054260295749,sma_te_fit_total_29_BP14,diff,BP,14,comp_rel_diff
S7_19532160,7,51.17962841,4.8799783208887,5.25478023660554,-0.0293453793563307,0.0061518890334934,S7_17849585,7,42.46452593,3.04207796086289,S7_20312115,7,54.97788472,3.36152324069823,sma_te_fit_total_29_BP14,diff,BP,14,comp_rel_diff
S7_32133319,7,99.94477983,8.69199857243867,9.87112282705134,-0.0594623308132568,0.00909504170253471,S7_31429416,7,92.5060333,6.98914197891072,S7_32940091,7,101.9471039,4.78581126251531,sma_te_fit_total_29_BP14,diff,BP,14,comp_rel_diff
S9_6724364,9,34.93391023,8.8060488949146,10.0167160326353,0.044586230490424,0.00676992908917424,S9_6184858,9,32.79210864,6.82145563216836,S9_8182398,9,37.12013546,7.01369655055934,sma_te_fit_total_29_BP14,diff,BP,14,comp_rel_diff
S3_7095091,3,46.70151328,7.30654622340691,15.8794232377729,0.271056099202951,0.0449683041272726,S3_6422015,3,45.16807388,1.31513900359454,S3_7261171,3,47.15534623,0,sma_te_fit_total_29_BP14,diff,BP,14,comp_ratio
S3_7261171,3,47.15534623,8.35110165133367,18.4173788133178,-0.291555283181676,0.0449129614843188,S3_7095091,3,46.70151328,-8.88178419700125e-16,S3_7345986,3,47.38986671,5.49973414390972,sma_te_fit_total_29_BP14,diff,BP,14,comp_ratio
S7_32133319,7,99.94477983,3.61700775453778,7.46850875652489,0.0421769042471026,0.0102028720402572,S7_21382321,7,58.88080626,2.00828344150854,S7_33411071,7,104.8359143,1.53719686515053,sma_te_fit_total_29_BP14,diff,BP,14,comp_ratio
S2_44586954,2,96.05450929,8.97670894513386,13.5094731679749,-18788.1051234958,2796.19375286814,S2_44257418,2,94.71205672,7.07583621610007,S2_45043544,2,98.51301522,7.39575379278539,sma_te_fit_total_30_BP14,diff,BP,14,comp_diff
S5_43329831,5,106.5862469,6.06531486180826,8.76329954355641,17040.788463102,3148.90343792549,S5_42719546,5,103.4003774,4.43272838266664,S5_43769059,5,111.9145952,3.97660185658519,sma_te_fit_total_30_BP14,diff,BP,14,comp_diff
S7_19532160,7,51.17962841,4.65128103097565,6.58973403514609,13332.1566592226,2840.99160904164,S7_18223567,7,43.92895216,2.76224299564331,S7_19806344,7,52.34268693,2.91002661724188,sma_te_fit_total_30_BP14,diff,BP,14,comp_diff
S7_32133319,7,99.94477983,4.85773537680792,6.90191582703411,20096.3321558453,4184.42181046226,S7_30982237,7,88.83862293,2.96184507064714,S7_32940091,7,101.9471039,2.83570510393873,sma_te_fit_total_30_BP14,diff,BP,14,comp_diff
S9_6724364,9,34.93391023,8.03410224006182,11.9316675368847,-19614.2528753028,3106.16616292766,S9_6184858,9,32.79210864,6.16511470260708,S9_7478538,9,36.4077051,6.28558254492238,sma_te_fit_total_30_BP14,diff,BP,14,comp_diff
S2_44586954,2,96.05450929,8.98032281522846,13.5053227945819,0.0447866513910553,0.00666399112893533,S2_44257418,2,94.71205672,7.07709386967476,S2_45043544,2,98.51301522,7.39741346022645,sma_te_fit_total_30_BP14,diff,BP,14,comp_rel_diff
S5_43329831,5,106.5862469,6.06768315052655,8.76034369419504,-0.0406208271391504,0.00750458173890318,S5_42719546,5,103.4003774,4.43401788206108,S5_43769059,5,111.9145952,3.97801721408327,sma_te_fit_total_30_BP14,diff,BP,14,comp_rel_diff
S7_19532160,7,51.17962841,4.65121714713738,6.58462687839576,-0.0317734506907232,0.00677075501674865,S7_17322899,7,39.20278448,2.34009285855293,S7_19806344,7,52.34268693,2.90845086121696,sma_te_fit_total_30_BP14,diff,BP,14,comp_rel_diff
S7_32133319,7,99.94477983,4.8717928463049,6.91797133102663,-0.047968228819996,0.00997246696372225,S7_30982237,7,88.83862293,2.95813007541179,S7_32940091,7,101.9471039,2.84425559189193,sma_te_fit_total_30_BP14,diff,BP,14,comp_rel_diff
S9_6724364,9,34.93391023,8.05480803913013,11.9567964470519,0.0468124045080314,0.00740272870344445,S9_6184858,9,32.79210864,6.18058163603074,S9_7478538,9,36.4077051,6.30163912108623,sma_te_fit_total_30_BP14,diff,BP,14,comp_rel_diff
S3_7095091,3,46.70151328,6.3798885230508,15.166616063264,0.248994997082479,0.044360139170332,S3_6422015,3,45.16807388,0.977840240548881,S3_7261171,3,47.15534623,-2.22044604925031e-16,sma_te_fit_total_30_BP14,diff,BP,14,comp_ratio
S3_7261171,3,47.15534623,7.233327758108,17.4015593349846,-0.2663129776083,0.0442939970472846,S3_7095091,3,46.70151328,-3.33066907387547e-16,S3_7345986,3,47.38986671,4.99717370287553,sma_te_fit_total_30_BP14,diff,BP,14,comp_ratio
S2_44586954,2,96.05450929,10.6229813964512,14.8800897739833,-19275.8812232538,2607.64466534812,S2_44257418,2,94.71205672,8.17350137245589,S2_44908249,2,97.68940295,8.91467549265918,sma_te_fit_total_31_BP14,diff,BP,14,comp_diff
S3_7345986,3,47.38986671,3.73984836642246,4.73456671292001,-10974.4033787631,2631.95066590244,S3_6422015,3,45.16807388,1.09584621077921,S3_12927099,3,57.64133659,1.68625266178332,sma_te_fit_total_31_BP14,diff,BP,14,comp_diff
S5_43329831,5,106.5862469,7.30317005772264,9.73887119606939,17367.5779986891,2904.16904760882,S5_42366438,5,102.9057427,5.39943299239106,S5_43769059,5,111.9145952,3.63994436165378,sma_te_fit_total_31_BP14,diff,BP,14,comp_diff
S7_19532160,7,51.17962841,5.25894598994092,6.80615668807831,13245.6854372327,2649.47856935722,S7_19153030,7,49.2934369,3.32710815685894,S7_22295410,7,62.6273757,3.4050030292617,sma_te_fit_total_31_BP14,diff,BP,14,comp_diff
S7_32133319,7,99.94477983,6.10534296102449,7.99978954996278,21055.0792801473,3884.67370048941,S7_30920014,7,88.13270507,3.62657334087422,S7_32940091,7,101.9471039,4.42027410780617,sma_te_fit_total_31_BP14,diff,BP,14,comp_diff
S9_6724364,9,34.93391023,6.44901868311085,8.49271688158601,-16793.380833178,3007.12692403916,S9_5686516,9,31.99307473,4.93163827883404,S9_8182398,9,37.12013546,4.75812339115045,sma_te_fit_total_31_BP14,diff,BP,14,comp_diff
S2_44586954,2,96.05450929,10.6229813964512,14.8800897739833,0.0451559830765586,0.00610870948074152,S2_44257418,2,94.71205672,8.17350137245592,S2_44908249,2,97.68940295,8.9146754926592,sma_te_fit_total_31_BP14,diff,BP,14,comp_rel_diff
S3_7345986,3,47.38986671,3.73984836642247,4.73456671292006,0.0257088102747245,0.00616564910062078,S3_6422015,3,45.16807388,1.09584621077919,S3_12927099,3,57.64133659,1.68625266178341,sma_te_fit_total_31_BP14,diff,BP,14,comp_rel_diff
S5_43329831,5,106.5862469,7.3031700577226,9.73887119606938,-0.0406855618742619,0.00680335217085097,S5_42366438,5,102.9057427,5.39943299239103,S5_43769059,5,111.9145952,3.63994436165377,sma_te_fit_total_31_BP14,diff,BP,14,comp_rel_diff
S7_19532160,7,51.17962841,5.25894598994098,6.8061566880784,-0.0310295514126504,0.00620671024343468,S7_19153030,7,49.2934369,3.32710815685899,S7_22295410,7,62.6273757,3.4050030292617,sma_te_fit_total_31_BP14,diff,BP,14,comp_rel_diff
S7_32133319,7,99.94477983,6.10534296102447,7.99978954996279,-0.0493239604788062,0.00910029782013989,S7_30920014,7,88.13270507,3.62657334087417,S7_32940091,7,101.9471039,4.42027410780612,sma_te_fit_total_31_BP14,diff,BP,14,comp_rel_diff
S9_6724364,9,34.93391023,6.44901868311084,8.49271688158603,0.0393404385469224,0.00704454291444604,S9_5686516,9,31.99307473,4.93163827883395,S9_8182398,9,37.12013546,4.75812339115041,sma_te_fit_total_31_BP14,diff,BP,14,comp_rel_diff
S2_44586954,2,96.05450929,4.33727217342039,8.47388946538996,-0.0264504579110706,0.00582754355353081,S2_43100924,2,89.4251276,2.78488509543958,S2_45322381,2,101.3191103,2.46211853554248,sma_te_fit_total_31_BP14,diff,BP,14,comp_ratio
S5_43329831,5,106.5862469,3.21130281720978,6.17266472216874,0.0248166653347444,0.00640620467957875,S5_34757068,5,84.36015726,1.21565349931702,S5_43769059,5,111.9145952,0.48817884551762,sma_te_fit_total_31_BP14,diff,BP,14,comp_ratio
S7_19036596,7,49.05801824,6.91582140034462,14.0297837404732,-0.214054881552204,0.0366516371549826,S7_18926544,7,48.34846759,2.85469622458535,S7_19236553,7,49.76776198,0,sma_te_fit_total_31_BP14,diff,BP,14,comp_ratio
S7_19236553,7,49.76776198,8.16427904142873,16.8696731378852,0.234714210315066,0.0366504895807424,S7_19153030,7,49.2934369,0.180306536877429,S7_19338119,7,50.48837552,5.41153762998717,sma_te_fit_total_31_BP14,diff,BP,14,comp_ratio
S2_44586954,2,96.05450929,10.0084582847496,14.0484938443087,-18510.4581269101,2590.83728461947,S2_44257418,2,94.71205672,7.60640463195147,S2_44908249,2,97.68940295,8.32182874840783,sma_te_fit_total_32_BP14,diff,BP,14,comp_diff
S3_7345986,3,47.38986671,4.08689968138577,5.25583765880698,-11431.8298748239,2615.96925311296,S3_7095091,3,46.70151328,2.44770591053134,S3_12927099,3,57.64133659,1.89517108681124,sma_te_fit_total_32_BP14,diff,BP,14,comp_diff
S5_43329831,5,106.5862469,7.81552680098884,10.6174957580499,17970.0756186719,2893.18836658348,S5_42366438,5,102.9057427,5.76696277849124,S5_43575577,5,107.8767063,6.17276743797373,sma_te_fit_total_32_BP14,diff,BP,14,comp_diff
S7_19532160,7,51.17962841,5.17266894523364,6.75857847295192,13036.748853911,2630.74935376626,S7_19153030,7,49.2934369,3.2374340589162,S7_21796842,7,61.15089144,3.65811958457792,sma_te_fit_total_32_BP14,diff,BP,14,comp_diff
S7_32133319,7,99.94477983,5.68516609076222,7.48426915202261,20071.2150979452,3848.90170547524,S7_30920014,7,88.13270507,3.72197957573435,S7_33411071,7,104.8359143,3.5395562499113,sma_te_fit_total_32_BP14,diff,BP,14,comp_diff
S9_6724364,9,34.93391023,6.14844018201863,8.14947810661021,-16212.2277469031,2979.30970226034,S9_5497941,9,31.29811037,4.54264311575255,S9_8279734,9,37.58932098,4.22848598761313,sma_te_fit_total_32_BP14,diff,BP,14,comp_diff
S2_44586954,2,96.05450929,10.0084582847496,14.0484938443087,0.0426598675657867,0.00597093679089933,S2_44257418,2,94.71205672,7.60640463195151,S2_44908249,2,97.68940295,8.32182874840791,sma_te_fit_total_32_BP14,diff,BP,14,comp_rel_diff
S3_7345986,3,47.38986671,4.08689968138576,5.25583765880697,0.0263462062986768,0.0060288568294121,S3_7095091,3,46.70151328,2.44770591053131,S3_12927099,3,57.64133659,1.89517108681127,sma_te_fit_total_32_BP14,diff,BP,14,comp_rel_diff
S5_43329831,5,106.5862469,7.81552680098882,10.6174957580499,-0.0414144826013382,0.00666774596906903,S5_42366438,5,102.9057427,5.76696277849124,S5_43575577,5,107.8767063,6.17276743797369,sma_te_fit_total_32_BP14,diff,BP,14,comp_rel_diff
S7_19532160,7,51.17962841,5.17266894523357,6.7585784729518,-0.0300449603020765,0.00606291958097427,S7_19153030,7,49.2934369,3.23743405891617,S7_21796842,7,61.15089144,3.65811958457781,sma_te_fit_total_32_BP14,diff,BP,14,comp_rel_diff
S7_32133319,7,99.94477983,5.68516609076219,7.48426915202258,-0.0462568442170529,0.00887031730406516,S7_30920014,7,88.13270507,3.72197957573433,S7_33411071,7,104.8359143,3.53955624991124,sma_te_fit_total_32_BP14,diff,BP,14,comp_rel_diff
S9_6724364,9,34.93391023,6.1484401820186,8.14947810661016,0.0373632831714633,0.00686622429680003,S9_5497941,9,31.29811037,4.5426431157525,S9_8279734,9,37.58932098,4.22848598761314,sma_te_fit_total_32_BP14,diff,BP,14,comp_rel_diff
S7_19036596,7,49.05801824,6.93554967294848,17.1634270177776,-0.227522146617435,0.0386411328961692,S7_19017756,7,48.58182999,4.6360871850849,S7_19236553,7,49.76776198,2.22044604925031e-16,sma_te_fit_total_32_BP14,diff,BP,14,comp_ratio
S7_19236553,7,49.76776198,7.82619610509108,19.6245776211458,0.243670687577035,0.0387018127799594,S7_19153030,7,49.2934369,0.0105140927975195,S7_19338119,7,50.48837552,5.09803471022034,sma_te_fit_total_32_BP14,diff,BP,14,comp_ratio
S2_44586954,2,96.05450929,7.43804409827258,11.0634378225878,-16142.6140187583,2667.36795525911,S2_42025292,2,84.60658262,4.04404189274165,S2_44908249,2,97.68940295,5.79098787965087,sma_te_fit_total_33_BP14,diff,BP,14,comp_diff
S3_7095091,3,46.70151328,4.38418333570664,6.18676468674425,49216.5514466911,10875.1059669254,S3_1949745,3,12.84858208,2.82923098948306,S3_7261171,3,47.15534623,0.920508380537427,sma_te_fit_total_33_BP14,diff,BP,14,comp_diff
S3_7345986,3,47.38986671,6.15605294945695,8.95556561304661,-59212.7947694893,10874.8472676656,S3_7095091,3,46.70151328,0,S3_7475161,3,47.62432066,2.20514149439274,sma_te_fit_total_33_BP14,diff,BP,14,comp_diff
S5_43329831,5,106.5862469,7.31850450239799,10.8630544110714,17784.1730834928,2965.59482767751,S5_42719546,5,103.4003774,5.58963553809737,S5_43706919,5,109.5147878,5.65828681587803,sma_te_fit_total_33_BP14,diff,BP,14,comp_diff
S7_17158322,7,34.01418318,3.40695550325788,4.72831724599934,10463.1257801377,2644.61379350522,S7_9691609,7,9.989300124,1.79355417309982,S7_23514171,7,64.2937392,1.85552438213042,sma_te_fit_total_33_BP14,diff,BP,14,comp_diff
S7_32133319,7,99.94477983,7.17496651333355,10.6234964498287,22061.6081336969,3720.12509712232,S7_31956171,7,96.48121012,4.25432586575022,S7_32940091,7,101.9471039,5.38494227801174,sma_te_fit_total_33_BP14,diff,BP,14,comp_diff
S9_6724364,9,34.93391023,6.84370891262976,10.0750037508169,-17188.8744653766,2976.3153769577,S9_5686516,9,31.99307473,5.10778815890272,S9_7478538,9,36.4077051,4.85590575446709,sma_te_fit_total_33_BP14,diff,BP,14,comp_diff
S2_44586954,2,96.05450929,7.43804409827251,11.0634378225877,0.0370337034775085,0.00611936293624347,S2_42025292,2,84.60658262,4.04404189274162,S2_44908249,2,97.68940295,5.79098787965088,sma_te_fit_total_33_BP14,diff,BP,14,comp_rel_diff
S3_7095091,3,46.70151328,4.38418333570666,6.18676468674428,-0.112910534213621,0.0249492089197941,S3_1949745,3,12.84858208,2.8292309894831,S3_7261171,3,47.15534623,0.920508380537516,sma_te_fit_total_33_BP14,diff,BP,14,comp_rel_diff
S3_7345986,3,47.38986671,6.15605294945689,8.95556561304652,0.135843493564279,0.0249486154228756,S3_7095091,3,46.70151328,0,S3_7475161,3,47.62432066,2.20514149439271,sma_te_fit_total_33_BP14,diff,BP,14,comp_rel_diff
S5_43329831,5,106.5862469,7.31850450239801,10.8630544110715,-0.0407996989707756,0.00680354243464031,S5_42719546,5,103.4003774,5.58963553809737,S5_43706919,5,109.5147878,5.65828681587803,sma_te_fit_total_33_BP14,diff,BP,14,comp_rel_diff
S7_17158322,7,34.01418318,3.40695550325783,4.72831724599927,-0.0240040613706812,0.00606716129911743,S7_9691609,7,9.989300124,1.79355417309985,S7_23514171,7,64.2937392,1.85552438213045,sma_te_fit_total_33_BP14,diff,BP,14,comp_rel_diff
S7_32133319,7,99.94477983,7.17496651333346,10.6234964498285,-0.050612809852909,0.00853455391958027,S7_31956171,7,96.48121012,4.2543258657502,S7_32940091,7,101.9471039,5.38494227801174,sma_te_fit_total_33_BP14,diff,BP,14,comp_rel_diff
S9_6724364,9,34.93391023,6.84370891262973,10.0750037508169,0.0394339900169302,0.00682813706613537,S9_5686516,9,31.99307473,5.10778815890266,S9_7478538,9,36.4077051,4.85590575446709,sma_te_fit_total_33_BP14,diff,BP,14,comp_rel_diff
S3_7095091,3,46.70151328,6.86088751410386,19.9464303203175,0.216015597177332,0.0366532436639052,S3_6422015,3,45.16807388,1.34732165335533,S3_7261171,3,47.15534623,2.22044604925031e-16,sma_te_fit_total_33_BP14,diff,BP,14,comp_ratio
S3_7261171,3,47.15534623,7.43243060575502,21.8233707529469,-0.225487623916086,0.0365781461498223,S3_7095091,3,46.70151328,3.05311331771918e-16,S3_7345986,3,47.38986671,5.12684900493913,sma_te_fit_total_33_BP14,diff,BP,14,comp_ratio
