S5_38228097,5,92.3513435,4.21699962610827,9.88679748438199,-222.449652891957,49.5054679046264,S5_36886697,5,89.87760443,1.86465232017607,S5_41101118,5,96.20937263,2.5536386522133,ma_te_residual_day_18_BP14,dry,BP,14,raw
S7_32133319,7,99.94477983,3.30651195465874,7.6577762333186,284.994758357668,72.0667260992236,S7_9428033,7,8.555063982,1.53827217254395,S7_32940091,7,101.9471039,1.51572851352115,ma_te_residual_day_18_BP14,dry,BP,14,raw
S5_38228097,5,92.3513435,3.48550690656202,8.04580400754568,-227.113458402733,55.8689885063759,S5_36886697,5,89.87760443,1.60437750213259,S5_41999990,5,100.4130166,1.88462321708802,ma_te_residual_day_19_BP14,dry,BP,14,raw
S7_32133319,7,99.94477983,4.29171268010437,10.0149081170974,368.861437191265,81.3303108231686,S7_31178325,7,89.28412826,0.593352398968822,S7_32940091,7,101.9471039,1.73226149510991,ma_te_residual_day_19_BP14,dry,BP,14,raw
S7_32133319,7,99.94477983,4.68604033423639,11.6640533670558,455.604280965792,95.6021275808264,S7_31178325,7,89.28412826,1.18777185297849,S7_32940091,7,101.9471039,2.52530289754029,ma_te_residual_day_20_BP14,dry,BP,14,raw
S7_32133319,7,99.94477983,5.55633848711025,13.6755061965102,621.738191185153,119.107370453372,S7_31178325,7,89.28412826,1.69210227090781,S7_32940091,7,101.9471039,3.18957185139303,ma_te_residual_day_21_BP14,dry,BP,14,raw
S7_32133319,7,99.94477983,6.82160315725635,16.5183991946621,812.570560989633,139.286256411083,S7_31956171,7,96.48121012,4.37465539066783,S7_32940091,7,101.9471039,3.8561043268035,ma_te_residual_day_22_BP14,dry,BP,14,raw
S7_32133319,7,99.94477983,4.51272124091975,11.257912417876,794.217103086321,170.024262337735,S7_31178325,7,89.28412826,1.1593454721172,S7_32940091,7,101.9471039,2.75816997164754,ma_te_residual_day_23_BP14,dry,BP,14,raw
S7_32133319,7,99.94477983,5.09270591667027,12.6097160668131,911.146362708041,182.89542570426,S7_31956171,7,96.48121012,2.45242084668561,S7_32940091,7,101.9471039,2.72913415329699,ma_te_residual_day_24_BP14,dry,BP,14,raw
S7_32133319,7,99.94477983,4.93070741769265,10.9420549293303,1011.00237608287,207.075408205766,S7_31956171,7,96.48121012,2.8464979114457,S7_32940091,7,101.9471039,2.18254543548289,ma_te_residual_day_25_BP14,dry,BP,14,raw
S9_8378425,9,38.05852079,4.32318805110693,9.51548768008964,-680.7316541136,149.515499255735,S9_6184858,9,32.79210864,2.69996589455204,S9_9022705,9,39.59727801,2.78822069025979,ma_te_residual_day_25_BP14,dry,BP,14,raw
S7_32133319,7,99.94477983,3.70970498993759,7.95844895131212,1029.13833326682,245.025063377434,S7_31582647,7,94.06477091,2.18443079498621,S7_32940091,7,101.9471039,1.27340036669997,ma_te_residual_day_26_BP14,dry,BP,14,raw
S9_6368482,9,33.93753786,6.29702662708074,13.9901486828456,-1021.1939075179,183.378333931064,S9_6184858,9,32.79210864,4.30329453953018,S9_8458511,9,38.57941159,4.059141417985,ma_te_residual_day_26_BP14,dry,BP,14,raw
S7_32133319,7,99.94477983,3.60202401929128,6.33776789737419,1181.41959798692,286.500459349109,S7_31494503,7,93.27304403,1.55392506362998,S7_32940091,7,101.9471039,1.44566718461225,ma_te_residual_day_27_BP14,dry,BP,14,raw
S9_1875625,9,16.73880778,3.7385736295078,6.59011715718958,1559.37021400577,370.844620576132,S9_823427,9,7.668729814,1.31729596674735,S9_2049093,9,17.26757336,1.85928196531321,ma_te_residual_day_27_BP14,dry,BP,14,raw
S9_6724364,9,34.93391023,13.1051101451935,26.2697631752736,-1839.43352560773,219.101492430196,S9_6184858,9,32.79210864,9.71813991471893,S9_7478538,9,36.4077051,10.7034265136577,ma_te_residual_day_27_BP14,dry,BP,14,raw
S5_44003086,5,115.1315049,3.39518674377178,5.07864508754042,1025.72476115734,257.322700131883,S5_11863225,5,53.89546898,1.75992817560505,S5_44201295,5,117.5333042,1.80376210467371,ma_te_residual_day_28_BP14,dry,BP,14,raw
S7_31711920,7,95.32348365,4.31099962533975,6.5285226588177,1365.2739905512,302.088053675738,S7_31178325,7,89.28412826,1.64210036020456,S7_32940091,7,101.9471039,1.41276741119908,ma_te_residual_day_28_BP14,dry,BP,14,raw
S9_1875625,9,16.73880778,3.64224389502959,5.46632092345565,1939.45833150997,468.979741667487,S9_1353482,9,14.34171004,1.3460151411385,S9_2174659,9,17.49741196,1.14485133192335,ma_te_residual_day_28_BP14,dry,BP,14,raw
S9_6724364,9,34.93391023,18.4452738665827,33.9955437169291,-2846.34605527935,275.992891478819,S9_6184858,9,32.79210864,14.0733454952344,S9_6930910,9,35.42306752,16.6841488867074,ma_te_residual_day_28_BP14,dry,BP,14,raw
S5_44003086,5,115.1315049,4.33286222485399,6.35612246557078,1733.42483504803,382.521879147075,S5_42719546,5,103.4003774,2.78515713169825,S5_44201295,5,117.5333042,2.44148009998685,ma_te_residual_day_29_BP14,dry,BP,14,raw
S7_31711920,7,95.32348365,4.17037254196873,6.10437029692576,1994.27374971182,449.067610050342,S7_31178325,7,89.28412826,1.53206746036736,S7_32940091,7,101.9471039,1.33208919573162,ma_te_residual_day_29_BP14,dry,BP,14,raw
S9_1875625,9,16.73880778,3.56661033350481,5.17836409749212,2851.5511159161,697.15968304628,S9_999361,9,9.72015668,1.70635785825306,S9_2174659,9,17.49741196,1.3197328202095,ma_te_residual_day_29_BP14,dry,BP,14,raw
S9_6724364,9,34.93391023,19.371422502401,35.0360871104004,-4365.02244921691,410.275966425053,S9_6184858,9,32.79210864,14.7061463907465,S9_6930910,9,35.42306752,17.6886528132567,ma_te_residual_day_29_BP14,dry,BP,14,raw
S5_44003086,5,115.1315049,4.98263656385988,8.3818623081876,3484.65989553583,711.840788087712,S5_43866387,5,112.9382883,3.3855784014172,S5_44201295,5,117.5333042,3.2165576649669,ma_te_residual_day_30_BP14,dry,BP,14,raw
S7_31834678,7,96.02018118,3.84280683903656,6.36578022800054,3623.27939987023,849.314888867572,S7_31178325,7,89.28412826,1.47703543417139,S7_32940091,7,101.9471039,1.3141356538704,ma_te_residual_day_30_BP14,dry,BP,14,raw
S9_6724364,9,34.93391023,14.904360220089,28.7550086865266,-6715.13319869109,740.611775988276,S9_6184858,9,32.79210864,11.0508567782809,S9_7478538,9,36.4077051,11.7051192351961,ma_te_residual_day_30_BP14,dry,BP,14,raw
S5_44003086,5,115.1315049,3.8067532582448,8.14037370715091,7577.51088735446,1778.16921017116,S5_43706919,5,109.5147878,2.29067545908822,S5_44418942,5,120.9842738,1.94806889352654,ma_te_residual_day_31_BP14,dry,BP,14,raw
S9_6724364,9,34.93391023,8.87244677791589,20.4051135435554,-12868.650026014,1907.35780361944,S9_6184858,9,32.79210864,6.48953998819921,S9_7478538,9,36.4077051,6.94586717288647,ma_te_residual_day_31_BP14,dry,BP,14,raw
S9_7218054,9,35.91475039,4.67315279590213,12.2978314977625,-36862.788867929,7734.310058183,S9_6184858,9,32.79210864,2.58879123363252,S9_8182398,9,37.12013546,3.03364770171052,ma_te_residual_day_32_BP14,dry,BP,14,raw
S9_7218054,9,35.91475039,4.71096022410233,14.0764040068436,-13123.6941399167,2730.59257244976,S9_5633611,9,31.52841363,2.98923139744485,S9_7783026,9,36.65100204,3.17482963494629,ma_te_residual_day_33_BP14,dry,BP,14,raw
S9_8182398,9,37.12013546,3.87165515895959,9.95675957001247,-540.729602159738,125.456177958045,S9_6501061,9,33.93753996,2.35297256083365,S9_10819709,9,49.70506418,2.29499625021606,ma_te_residual_day_18_BP14,wet,BP,14,raw
S2_46701398,2,113.0877388,4.35347883716739,10.1953558427631,580.841703315693,127.043597199704,S2_45664611,2,102.3964743,2.10101088201056,S2_47747001,2,119.7658657,2.4994003488381,ma_te_residual_day_19_BP14,wet,BP,14,raw
S9_8182398,9,37.12013546,3.44152939733545,7.95900261746103,-562.537629730658,139.257450902499,S9_5497941,9,31.29811037,1.80897381559326,S9_11228379,9,51.20988489,1.50830339222647,ma_te_residual_day_19_BP14,wet,BP,14,raw
S2_46701398,2,113.0877388,3.95972811980166,10.1713312997675,662.563031550956,151.911670987326,S2_45322381,2,101.3191103,1.98426036756064,S2_47373217,2,118.8246133,2.23749240156914,ma_te_residual_day_20_BP14,wet,BP,14,raw
S2_46701398,2,113.0877388,3.41658375380418,8.83987814964278,783.847507166271,194.203141004397,S2_45322381,2,101.3191103,1.61133395646467,S2_47747001,2,119.7658657,1.58175211336127,ma_te_residual_day_21_BP14,wet,BP,14,raw
S7_18357032,7,44.64341996,3.12159716883843,8.10850283689754,924.50233241998,240.115777479335,S7_14559796,7,22.95825909,1.53458297765721,S7_32940091,7,101.9471039,1.26120925833506,ma_te_residual_day_23_BP14,wet,BP,14,raw
S7_32133319,7,99.94477983,4.94102101162873,12.5277412878339,1871.05662872034,381.444250780811,S7_31956171,7,96.48121012,1.89599480015111,S7_32940091,7,101.9471039,2.39139756196479,ma_te_residual_day_24_BP14,wet,BP,14,raw
S7_32133319,7,99.94477983,6.06009781987519,15.1396670226315,2478.13052622859,452.651267301153,S7_31956171,7,96.48121012,2.22233731809469,S7_32940091,7,101.9471039,3.22782763518187,ma_te_residual_day_25_BP14,wet,BP,14,raw
S3_3346389,3,23.38668286,4.15642394939961,6.75534681224585,-1295.00977950684,292.922920629178,S3_2892855,3,19.60647358,2.32628651172854,S3_3871642,3,28.74711701,2.2189840184354,ma_te_residual_day_26_BP14,wet,BP,14,raw
S5_43866387,5,112.9382883,4.33886667603631,7.06964955462924,1395.91727457656,308.648997914708,S5_42251884,5,101.3829046,2.40515497106975,S5_44163859,5,116.340362,1.75619275163634,ma_te_residual_day_26_BP14,wet,BP,14,raw
S7_32133319,7,99.94477983,6.68976285076817,11.2617338211005,2435.0974100292,426.597044505173,S7_31711920,7,95.32348365,4.70342236288126,S7_32940091,7,101.9471039,3.24203299331318,ma_te_residual_day_26_BP14,wet,BP,14,raw
S9_1198094,9,11.13856621,4.43465951284165,7.23529939069797,1717.5576226157,375.393886463431,S9_999361,9,9.72015668,2.43382014046331,S9_1875625,9,16.73880778,2.07362375980599,ma_te_residual_day_26_BP14,wet,BP,14,raw
S9_6501061,9,33.93753996,6.68226132281482,11.2479281483463,-1874.28137169237,328.550895128322,S9_5686516,9,31.99307473,4.66847045993012,S9_8458511,9,38.57941159,4.68920744666774,ma_te_residual_day_26_BP14,wet,BP,14,raw
S3_7345986,3,47.38986671,5.64637827673241,8.59660975746204,-1902.64804727263,364.346405216879,S3_6422015,3,45.16807388,3.15560044726348,S3_10923979,3,54.12476288,3.86099264952288,ma_te_residual_day_27_BP14,wet,BP,14,raw
S5_42739726,5,104.1345531,6.47344807277876,9.96990627483726,2272.40031367648,404.072168375715,S5_42251884,5,101.3829046,4.42900055964331,S5_44003086,5,115.1315049,4.27130640323476,ma_te_residual_day_27_BP14,wet,BP,14,raw
S7_32133319,7,99.94477983,8.81242495870581,14.0243889878021,3549.87944392378,532.220091521917,S7_31956171,7,96.48121012,6.28083926653047,S7_32940091,7,101.9471039,5.37066443292322,ma_te_residual_day_27_BP14,wet,BP,14,raw
S9_6501061,9,33.93753996,6.93128714227456,10.7434537901367,-2398.06359699211,410.779131006158,S9_5686516,9,31.99307473,4.60460543234075,S9_7478538,9,36.4077051,4.57729912106488,ma_te_residual_day_27_BP14,wet,BP,14,raw
S2_45043544,2,98.51301522,5.41581801727527,6.56193103065075,-2452.84284033218,481.829959167685,S2_42487620,2,85.66812681,3.5897739940347,S2_45322381,2,101.3191103,3.67903764842128,ma_te_residual_day_28_BP14,wet,BP,14,raw
S3_7345986,3,47.38986671,7.36784602868375,9.17322095849994,-2894.49344005165,480.896426918053,S3_7095091,3,46.70151328,5.49492694797238,S3_7641393,3,48.57267569,5.80767840838726,ma_te_residual_day_28_BP14,wet,BP,14,raw
S5_42739726,5,104.1345531,7.77404203490961,9.73417618235602,3300.48270208854,532.313852037052,S5_42719546,5,103.4003774,5.98446228835519,S5_43769059,5,111.9145952,4.9357101684361,ma_te_residual_day_28_BP14,wet,BP,14,raw
S7_32133319,7,99.94477983,10.1626794584176,13.1607220343663,5054.75924520473,701.133188133639,S7_31814279,7,95.55378553,8.21091073640307,S7_32940091,7,101.9471039,6.28969911782985,ma_te_residual_day_28_BP14,wet,BP,14,raw
S9_6501061,9,33.93753996,10.9999134447253,14.4151982311091,-4083.56536264952,541.214109115422,S9_6184858,9,32.79210864,9.41872999917904,S9_7478538,9,36.4077051,8.41011912209044,ma_te_residual_day_28_BP14,wet,BP,14,raw
S2_45043544,2,98.51301522,7.46948879679141,9.27858550852091,-6048.50735173404,997.339611724491,S2_44784129,2,96.94547802,5.8670729615501,S2_45156658,2,100.2097111,5.92094738316055,ma_te_residual_day_29_BP14,wet,BP,14,raw
S3_7345986,3,47.38986671,6.07430794074993,7.39997025034774,-5397.62719657791,996.606330017651,S3_7095091,3,46.70151328,4.23145357698886,S3_8119264,3,49.77537052,3.88083686125607,ma_te_residual_day_29_BP14,wet,BP,14,raw
S5_42739726,5,104.1345531,7.99263138439196,10.0015042021013,6926.51041784024,1100.06304050308,S5_42719546,5,103.4003774,5.91009242098713,S5_43240044,5,106.0943485,6.22331258005886,ma_te_residual_day_29_BP14,wet,BP,14,raw
S7_32133319,7,99.94477983,8.86076658154234,11.2239992367966,9660.38574191524,1448.29288388644,S7_31429416,7,92.5060333,6.71895214379633,S7_32940091,7,101.9471039,6.55637872654087,ma_te_residual_day_29_BP14,wet,BP,14,raw
S9_6930910,9,35.42306752,12.1797491631413,16.1720150257357,-8793.85586155134,1098.33043355104,S9_6184858,9,32.79210864,9.96276094222686,S9_7478538,9,36.4077051,9.41886719700399,ma_te_residual_day_29_BP14,wet,BP,14,raw
S2_45043544,2,98.51301522,5.80144149173631,8.3572323135643,-21101.2367266648,3994.23087274721,S2_44257418,2,94.71205672,4.18799678411545,S2_46329239,2,110.0512946,3.30824213757501,ma_te_residual_day_30_BP14,wet,BP,14,raw
S5_42739726,5,104.1345531,7.62029860543774,11.2595671819684,26867.3170771134,4381.47102795649,S5_42366438,5,102.9057427,5.60877002801134,S5_43240044,5,106.0943485,5.76122695650216,ma_te_residual_day_30_BP14,wet,BP,14,raw
S7_19532160,7,51.17962841,3.1556118088177,4.38259978256028,15335.9030599908,4008.66662332214,S7_18346958,7,44.40401093,1.64111465050165,S7_21382321,7,58.88080626,1.56882745140827,ma_te_residual_day_30_BP14,wet,BP,14,raw
S7_31834678,7,96.02018118,3.78193003735952,5.29789865041028,21151.3105852047,5028.54048915423,S7_30920014,7,88.13270507,2.17151600225618,S7_32940091,7,101.9471039,2.25475323740788,ma_te_residual_day_30_BP14,wet,BP,14,raw
S9_6930910,9,35.42306752,12.2796335482262,19.3808417266877,-35156.1151366601,4369.89550994954,S9_6501061,9,33.93753996,10.5965673502747,S9_7478538,9,36.4077051,10.4363171695203,ma_te_residual_day_30_BP14,wet,BP,14,raw
S2_45043544,2,98.51301522,4.22915132435608,7.81992832756624,91100.1501173308,20343.8377722326,S2_44073549,2,93.52620611,2.66447546668925,S2_46329239,2,110.0512946,1.80920091601795,ma_te_residual_day_31_BP14,wet,BP,14,raw
S5_42739726,5,104.1345531,5.29275220815146,9.93808040276967,-111277.050539372,22042.9406123097,S5_35318061,5,85.14836478,3.47000722289315,S5_43769059,5,111.9145952,2.04351265538245,ma_te_residual_day_31_BP14,wet,BP,14,raw
S7_19446572,7,50.71621801,3.25477196379575,5.93453940324128,-78695.7249675394,20173.1078042263,S7_18926544,7,48.34846759,1.60187507264606,S7_32133319,7,99.94477983,1.68868058514724,ma_te_residual_day_31_BP14,wet,BP,14,raw
S9_6930910,9,35.42306752,7.37286665629357,14.2691826037843,137064.614106221,22659.0124236177,S9_6501061,9,33.93753996,5.30800363646749,S9_8279734,9,37.58932098,5.74654162510566,ma_te_residual_day_31_BP14,wet,BP,14,raw
S9_6930910,9,35.42306752,4.19139725322085,11.1675146705054,85564.9566845762,19019.1295823985,S9_6501061,9,33.93753996,2.52128555003491,S9_8378425,9,38.05852079,2.61567054486274,ma_te_residual_day_32_BP14,wet,BP,14,raw
S9_6295446,9,33.93753681,4.07664713980804,12.549522792637,124298.036042848,27931.3681767244,S9_4775142,9,30.60506955,2.10731681014272,S9_8378425,9,38.05852079,2.19920547951761,ma_te_residual_day_33_BP14,wet,BP,14,raw
S2_40984529,2,80.38207006,28.7733718269006,9.46783241269768,-61.0401229579752,3.80937142775996,138,2,79.1888918,6.31198524189123,140,2,80.60908334,0,ma_te_residual_day_17_BP14,diff,BP,14,comp_ratio
S2_41009271,2,80.60908334,27.9670243400198,9.00461558620471,59.6721894177968,3.81858608277119,S2_40984529,2,80.38207006,0,S2_41096419,2,80.95578959,7.54965996881853,ma_te_residual_day_17_BP14,diff,BP,14,comp_ratio
S9_52852723,9,147.5917196,73.6533037996263,93.6864932510926,-183.148863417038,3.63353156624251,S9_52828582,9,146.8702453,14.0666445546035,S9_52976033,9,147.9499547,-3.99680288865056e-15,ma_te_residual_day_17_BP14,diff,BP,14,comp_ratio
S9_52976033,9,147.9499547,73.0551953164146,91.119006561262,182.058958046912,3.66244208697665,S9_52852723,9,147.5917196,3.99680288865056e-15,S9_53039198,9,148.4745554,13.5991528101024,ma_te_residual_day_17_BP14,diff,BP,14,comp_ratio
S1_39542200,1,101.5029984,10.9666159001342,2.26390762133182,-7.13776547270946,0.856152087532985,S1_39413837,1,100.7981164,3.60687208004033,S1_39652681,1,101.6755228,0,ma_te_residual_day_18_BP14,diff,BP,14,comp_ratio
S1_39652681,1,101.6755228,11.6513504678797,2.42882105507883,8.21328919585745,0.856075287828117,S1_39542200,1,101.5029984,0,S1_39679833,1,102.3050119,3.61907343197272,ma_te_residual_day_18_BP14,diff,BP,14,comp_ratio
S2_6619966,2,30.58221742,73.6913220792631,41.6324898015745,-105188890.724845,3338380.54653839,S2_6267501,2,29.11119823,0.0101787091339069,S2_6876951,2,30.58221847,0,ma_te_residual_day_18_BP14,diff,BP,14,comp_ratio
S2_6876951,2,30.58221847,73.6913220792631,41.6324891682397,105188892.466205,3338380.56851543,1,2,30.58221742,4.8528390550473e-07,3,2,34.43671397,0.504905045857353,ma_te_residual_day_18_BP14,diff,BP,14,comp_ratio
S2_44687927,2,96.29854627,38.7018360369825,12.1277668294399,0.28395455496888,0.923843743829209,119,2,96.05450929,8.25543507127661,121,2,96.94547487,0,ma_te_residual_day_18_BP14,diff,BP,14,comp_ratio
S2_44752288,2,96.94547487,28.6509974312111,7.67718532583159,275112.996633512,620915.072137834,1,2,96.29854627,0,3,2,96.94547592,2.76212730542906,ma_te_residual_day_18_BP14,diff,BP,14,comp_ratio
S2_44769389,2,96.94547697,28.6509974312111,7.67713044680012,-275118.030144665,620914.249819962,S2_44752288,2,96.94547487,0.000142447886275932,S2_44784129,2,96.94547802,1.87701474074957,ma_te_residual_day_18_BP14,diff,BP,14,comp_ratio
S2_44908249,2,97.68940295,97.6389347397496,85.6227787124435,4.91584913636315,0.740084419297973,2,2,96.94547802,0.00232601713035896,4,2,98.51301522,7.92178682181722,ma_te_residual_day_18_BP14,diff,BP,14,comp_ratio
S3_44521983,3,89.54394958,28.131361135302,7.47839389892069,-0.177656386441677,1.24040808843171,S3_44515880,3,89.3051683,7.52640132361957,S3_44851677,3,89.78152529,0,ma_te_residual_day_18_BP14,diff,BP,14,comp_ratio
S3_44851677,3,89.78152529,27.5804867491774,7.27068549255796,-0.825018983241474,1.24929472413025,S3_44521983,3,89.54394958,0,S3_44915679,3,90.26149011,2.25975592556716,ma_te_residual_day_18_BP14,diff,BP,14,comp_ratio
S4_1253686,4,11.18267253,73.4889312474053,41.3690761268677,-3.17398440771424,1.09061414068874,S4_1209419,4,10.94153026,13.6895043798463,S4_1356811,4,11.67880221,0,ma_te_residual_day_18_BP14,diff,BP,14,comp_ratio
S4_1356811,4,11.67880221,72.4917950395124,40.0921712314893,1.96150301777123,1.10056333299384,S4_1253686,4,11.18267253,-3.5527136788005e-15,S4_1511148,4,12.48966851,4.49788749205879,ma_te_residual_day_18_BP14,diff,BP,14,comp_ratio
S9_46250912,9,124.0052113,59.5375286179798,26.2895132464322,-1.40963820973584,1.34094558979497,S9_45986297,9,123.6574313,7.73443099601442,S9_46501439,9,124.3534948,0.0374170865019749,ma_te_residual_day_18_BP14,diff,BP,14,comp_ratio
S9_46528686,9,124.3534958,60.136533207493,26.8266448345897,1.59551649396254,1.32609045418161,S9_46250912,9,124.0052113,0,S9_46776010,9,125.7813951,3.81247838637106,ma_te_residual_day_18_BP14,diff,BP,14,comp_ratio
S1_1004313,1,5.904596741,3.67952486931484,8.66815301747167,-512.051969524249,122.391014938872,S1_319516,1,1.775291812,2.12008189739423,S1_3604028,1,20.46859514,1.76030471550597,ma_te_residual_day_19_BP14,diff,BP,14,comp_diff
S2_45980428,2,106.3362737,4.32671118296731,10.284152385378,-560.954287838948,123.095450017998,S2_45322381,2,101.3191103,2.59833349058058,S2_47321091,2,118.5659378,2.4892466580356,ma_te_residual_day_19_BP14,diff,BP,14,comp_diff
S5_45822116,5,135.1528616,7.49253438411131,17.6942896414651,0.234302964130354,0.0382205846181006,199,5,134.4265067,4.66057401710013,201,5,136.1281095,4.44089209850063e-16,ma_te_residual_day_19_BP14,diff,BP,14,comp_rel_diff
S5_45945721,5,136.1281095,8.77144325049692,21.0898951224198,-0.253718458688109,0.0379097537428545,S5_45822116,5,135.1528616,1.11022302462516e-16,S5_46005455,5,136.1281106,8.77144319991161,ma_te_residual_day_19_BP14,diff,BP,14,comp_rel_diff
S1_39679833,1,102.3050119,22.727596073138,44.7362820334899,-39.7020655613946,3.33054288987191,S1_39652681,1,101.6755228,5.50802695981283,S1_39715637,1,102.6138996,4.44089209850063e-16,ma_te_residual_day_19_BP14,diff,BP,14,comp_ratio
S1_39715637,1,102.6138996,23.1034369436062,45.7320936125664,40.0370409583815,3.32187512721477,S1_39679833,1,102.3050119,-8.88178419700125e-16,S1_39978880,1,102.8468161,1.50718884303185,ma_te_residual_day_19_BP14,diff,BP,14,comp_ratio
S2_4610984,2,23.30178822,29.0124085709624,4.53516238947725,-6.64706910711992,0.479331799270038,36,2,22.42410783,7.78630526678253,38,2,23.54942181,0,ma_te_residual_day_20_BP14,diff,BP,14,comp_ratio
S2_4941182,2,23.54942181,29.2136571873153,4.58071017702912,6.70784534536103,0.481303591365882,2,2,23.30178822,0,5,2,24.55470231,6.18878932403067,ma_te_residual_day_20_BP14,diff,BP,14,comp_ratio
S2_33998916,2,58.66933821,77.505740190534,27.1960451808564,16.6858035311884,0.491356513175621,S2_33713678,2,58.15369068,19.0444540982736,S2_34165928,2,58.93359384,0,ma_te_residual_day_20_BP14,diff,BP,14,comp_ratio
S2_34165928,2,58.93359384,78.2562455310287,27.8326000104125,-16.7481502148573,0.48751998877972,S2_33998916,2,58.66933821,0,S2_34314494,2,59.64786994,12.3313759144599,ma_te_residual_day_20_BP14,diff,BP,14,comp_ratio
S5_32800961,5,79.00989287,91.0708489442891,40.9592195422104,-20.405118746946,0.489627451114833,S5_32689421,5,78.6508058,19.7096251808485,S5_32842706,5,79.24736643,3.5527136788005e-15,ma_te_residual_day_20_BP14,diff,BP,14,comp_ratio
S5_32842706,5,79.24736643,91.3082161117317,41.2479329822447,20.537553399091,0.491077548565099,S5_32800961,5,79.00989287,0,S5_32958541,5,79.48545407,21.5618014654646,ma_te_residual_day_20_BP14,diff,BP,14,comp_ratio
S8_35170351,8,77.13397284,68.7477737579775,20.6502307152325,14.219601997562,0.480537688820211,S8_35117383,8,76.78710147,22.6512418645435,S8_35299587,8,77.37534879,0,ma_te_residual_day_20_BP14,diff,BP,14,comp_ratio
S8_35299587,8,77.37534879,68.4178521229253,20.4327120947146,-14.1583937214903,0.481009269732647,S8_35170351,8,77.13397284,0,S8_35370373,8,77.86149089,13.0909152975212,ma_te_residual_day_20_BP14,diff,BP,14,comp_ratio
S4_36676278,4,75.65720179,7.63869252707569,18.5918506060311,-0.287241285311164,0.0463582156859767,S4_36400489,4,74.4470793,1.59103413798397,S4_36694896,4,75.88732048,3.83461890768266,ma_te_residual_day_21_BP14,diff,BP,14,comp_rel_diff
S4_36731228,4,76.16516713,6.55024684843185,15.7019533921623,0.269852463012289,0.0473904361008152,S4_36694896,4,75.88732048,2.82590895912028,S4_37130968,4,77.81850264,0.290820910273373,ma_te_residual_day_21_BP14,diff,BP,14,comp_rel_diff
S2_22570656,2,39.34998496,10.2424490375446,0.759451319001471,-17092668.8356861,2385107.6092647,S2_20051130,2,39.34998391,0.907127875792185,S2_23181379,2,39.34998601,2.90149016564101e-05,ma_te_residual_day_21_BP14,diff,BP,14,comp_ratio
S2_23181379,2,39.34998601,10.2424490375446,0.759453782634324,17092704.720317,2385108.16333372,1,2,39.34998496,0,3,2,39.89699003,0,ma_te_residual_day_21_BP14,diff,BP,14,comp_ratio
S2_23953041,2,39.89699003,49.9045506922561,6.80351613656315,-35.6941652977011,1.66904017044159,1,2,39.34998601,0,3,2,41.01387206,5.75726333087057,ma_te_residual_day_21_BP14,diff,BP,14,comp_ratio
S5_38161186,5,91.85580311,137.673370711239,96.5590347014166,-125.652274881727,1.55797378220163,S5_37997803,5,91.36022511,14.7419911578477,S5_38223058,5,92.35134245,0.00300751889264994,ma_te_residual_day_21_BP14,diff,BP,14,comp_ratio
S5_38502687,5,92.83337609,136.948653501055,94.6356999563465,126.145870694197,1.58025084636472,S5_38161186,5,91.85580311,-3.5527136788005e-15,S5_38761953,5,93.06952405,24.1260571370491,ma_te_residual_day_21_BP14,diff,BP,14,comp_ratio
S5_42494172,5,103.1441873,113.011676097334,48.3483869236506,-126.850745596282,2.22378662865512,S5_42366438,5,102.9057427,13.454125239362,S5_42719546,5,103.4003774,7.105427357601e-15,ma_te_residual_day_21_BP14,diff,BP,14,comp_ratio
S5_42719546,5,103.4003774,113.562994860549,49.111615543156,126.049201458595,2.19172585107176,S5_42494172,5,103.1441873,7.105427357601e-15,S5_42739726,5,104.1345531,5.56986562446924,ma_te_residual_day_21_BP14,diff,BP,14,comp_ratio
S7_31709039,7,95.3234826,7.49476359447866,0.534621089377794,4063474.4514451,655715.730193886,S7_31652984,7,94.85882286,0.0269708029785534,S7_31711920,7,95.32348365,0,ma_te_residual_day_21_BP14,diff,BP,14,comp_ratio
S7_31711920,7,95.32348365,7.49476359447866,0.534620867023804,-4063474.00369905,655715.781300055,S7_31709039,7,95.3234826,2.82108118199176e-06,S7_31814279,7,95.55378553,0.00923198739343434,ma_te_residual_day_21_BP14,diff,BP,14,comp_ratio
S4_36676278,4,75.65720179,8.94569573374089,21.4011918581291,-0.285190210940364,0.0421433442194446,S4_36400489,4,74.4470793,2.65207701131939,S4_36694896,4,75.88732048,5.04086630572179,ma_te_residual_day_22_BP14,diff,BP,14,comp_rel_diff
S4_36731228,4,76.16516713,7.72539414991886,18.1675483455995,0.268613471727543,0.0430817155439052,S4_36694896,4,75.88732048,2.83290673914985,S4_37130968,4,77.81850264,0.527828037866442,ma_te_residual_day_22_BP14,diff,BP,14,comp_rel_diff
S1_39679833,1,102.3050119,69.1403774816402,25.0574031087116,-146.939065255099,4.93453101756638,S1_39652681,1,101.6755228,21.6133118723749,S1_39715637,1,102.6138996,0,ma_te_residual_day_22_BP14,diff,BP,14,comp_ratio
S1_39715637,1,102.6138996,69.336286674264,25.2149463791594,146.949074986999,4.91942645678798,S1_39679833,1,102.3050119,7.105427357601e-15,S1_39978880,1,102.8468161,3.0541015337424,ma_te_residual_day_22_BP14,diff,BP,14,comp_ratio
S2_47519230,2,119.0593575,47.4015866561587,11.8806146326419,-33.4180243842118,1.62981367463791,S2_47388702,2,118.8246144,12.9489720539172,S2_47612492,2,119.2929225,0,ma_te_residual_day_22_BP14,diff,BP,14,comp_ratio
S2_47612492,2,119.2929225,47.1166340287225,11.7542751200562,33.2404982516421,1.62984475583119,S2_47519230,2,119.0593575,0,S2_47747001,2,119.7658657,9.43150012413565,ma_te_residual_day_22_BP14,diff,BP,14,comp_ratio
S5_3784105,5,31.79416992,10.8380687078072,1.55252946490106,-8.63177145675611,1.16454599916736,S5_3305368,5,29.69245615,1.72934374724325,S5_4002971,5,32.24837916,0,ma_te_residual_day_22_BP14,diff,BP,14,comp_ratio
S5_4002971,5,32.24837916,10.1419759255764,1.43854084074989,8.43084354956397,1.18164377771431,S5_3784105,5,31.79416992,0,S5_4501200,5,34.50398153,2.11009421765569,ma_te_residual_day_22_BP14,diff,BP,14,comp_ratio
S5_36742284,5,89.1281049,94.647444475076,54.5355096589692,-71.3917846308685,1.62511908532319,S5_36726739,5,88.88556146,22.2833305677205,S5_36886697,5,89.87760443,-3.5527136788005e-15,ma_te_residual_day_22_BP14,diff,BP,14,comp_ratio
S5_36886697,5,89.87760443,94.8291419250465,54.8270464341511,71.7305378797401,1.62848327407424,S5_36742284,5,89.1281049,-7.105427357601e-15,S5_37515682,5,90.62442906,9.40700784959746,ma_te_residual_day_22_BP14,diff,BP,14,comp_ratio
S1_38734262,1,95.18338807,114.264542402264,29.4160418199427,-1724367060.37747,29966256.7774678,S1_38641778,1,94.72030455,0.01897964094195,S1_38798777,1,95.18338912,1.12385905026713e-08,ma_te_residual_day_23_BP14,diff,BP,14,comp_ratio
S1_38798777,1,95.18338912,114.264542402264,29.4160418293228,1724366963.61385,29966255.4024646,S1_38734262,1,95.18338807,0,S1_38866853,1,96.12210597,0,ma_te_residual_day_23_BP14,diff,BP,14,comp_ratio
S1_38866853,1,96.12210597,124.239053829005,38.9743546870559,96.8277348129541,1.47316125792002,2,1,95.89193139,0.00773655223535741,4,1,96.35467795,14.0506086730004,ma_te_residual_day_23_BP14,diff,BP,14,comp_ratio
S2_44073549,2,93.52620611,66.9241486295669,7.15133858221408,30.3623569373256,0.881039433662903,S2_43829684,2,92.81876812,11.8393171655597,S2_44209808,2,93.99718694,0,ma_te_residual_day_23_BP14,diff,BP,14,comp_ratio
S2_44209808,2,93.99718694,66.4475984376152,7.04172122653259,-27.0307245164471,0.880421629455212,1,2,93.52620611,0,3,2,94.71205672,11.1842373861618,ma_te_residual_day_23_BP14,diff,BP,14,comp_ratio
S2_47388702,2,118.8246144,18.6617185254714,0.9173781265456,-12.4085883637728,1.22013186537107,S2_47321091,2,118.5659378,4.56754382253564,S2_47519230,2,119.0593575,0,ma_te_residual_day_23_BP14,diff,BP,14,comp_ratio
S2_47519230,2,119.0593575,16.155507057954,0.765632942507253,-13.4123173009471,1.51095442709458,2,2,118.8246144,5.10753985188433,4,2,119.2929225,0,ma_te_residual_day_23_BP14,diff,BP,14,comp_ratio
S2_47612492,2,119.2929225,70.7517313649149,8.08498454991995,28.344889426838,0.880680545230874,S2_47519230,2,119.0593575,0,S2_47747001,2,119.7658657,13.1063389988734,ma_te_residual_day_23_BP14,diff,BP,14,comp_ratio
S3_40647237,3,79.79867924,41.0705008815988,2.84774792694401,-400312995.853516,6970612.41615197,S3_40485139,3,79.79867819,8.70907736957855,S3_40652921,3,79.79868029,1.08667465781309e-06,ma_te_residual_day_23_BP14,diff,BP,14,comp_ratio
S3_40652921,3,79.79868029,41.0705008815988,2.84774805182307,400312991.773452,6970612.36861409,1,3,79.79867924,0,3,3,80.29317735,0.035492567571481,ma_te_residual_day_23_BP14,diff,BP,14,comp_ratio
S9_1875625,9,16.73880778,148.778274503003,77.0826126544759,-58.3266017992515,0.696755528608588,S9_1683886,9,15.37902836,6.35911443071672,S9_2049093,9,17.26757336,3.5527136788005e-15,ma_te_residual_day_23_BP14,diff,BP,14,comp_ratio
S9_2049093,9,17.26757336,146.560797984329,72.5073091259207,35.3723587897417,0.766234730894677,S9_1875625,9,16.73880778,-3.5527136788005e-15,S9_2174659,9,17.49741196,21.9120455927377,ma_te_residual_day_23_BP14,diff,BP,14,comp_ratio
S1_37676509,1,89.02383153,55.7613857002037,18.8235151775518,-19.3944686900521,0.825107305118717,S1_37516006,1,88.49549672,22.016011787967,S1_38030120,1,89.54913533,0,ma_te_residual_day_24_BP14,diff,BP,14,comp_ratio
S1_38030120,1,89.54913533,56.8374425408281,19.5380518530742,19.8209438943873,0.825357524069384,1,1,89.02383153,0,3,1,89.8081223,20.2607975381783,ma_te_residual_day_24_BP14,diff,BP,14,comp_ratio
S3_19489073,3,69.19885477,58.3757000327376,20.596361403911,28.6897173008037,1.16537806674501,S3_19093951,3,68.2763588,4.80210820184406,S3_19578655,3,69.43681561,0,ma_te_residual_day_24_BP14,diff,BP,14,comp_ratio
S3_19578655,3,69.43681561,46.5463947743818,13.4869687302049,-28.6261627168203,1.43549041811018,S3_19489073,3,69.19885477,0,S3_19671244,3,69.67819711,0.191006487914599,ma_te_residual_day_24_BP14,diff,BP,14,comp_ratio
S3_19671843,3,69.67819816,67.1858087428729,27.5857062909368,-33.1962853027519,1.16287390039249,1,3,69.43681561,0,4,3,70.16338184,0,ma_te_residual_day_24_BP14,diff,BP,14,comp_ratio
S3_19988515,3,70.16338184,88.9443387486923,54.0182351303602,32.984742225309,0.826540581763683,1,3,69.67819816,-7.105427357601e-15,4,3,71.83639809,5.114622291055,ma_te_residual_day_24_BP14,diff,BP,14,comp_ratio
S4_1567589,4,14.74937476,34.1620582284504,8.12294162455046,-12875318.8529501,832658.73472017,S4_1511148,4,12.48966851,0.213952223142826,S4_1578911,4,14.74937581,0,ma_te_residual_day_24_BP14,diff,BP,14,comp_ratio
S4_1578911,4,14.74937581,34.1620582284504,8.12294148616374,12875318.870737,832658.745430647,S4_1567589,4,14.74937476,3.79629526037206e-07,S4_1598450,4,15.74837544,4.55707911465467,ma_te_residual_day_24_BP14,diff,BP,14,comp_ratio
S9_952544,9,9.265633862,51.1122958833044,15.9649274993125,-15.6609114910449,0.730675234029283,S9_823427,9,7.668729814,4.52604596484026,S9_999361,9,9.72015668,0,ma_te_residual_day_24_BP14,diff,BP,14,comp_ratio
S9_999361,9,9.72015668,49.6770659711291,15.1527418336873,15.8166501887401,0.763044324818495,S9_952544,9,9.265633862,0,S9_1198094,9,11.13856621,5.27250625847384,ma_te_residual_day_24_BP14,diff,BP,14,comp_ratio
S9_1353482,9,14.34171004,6.80689955343469,1.08002276751481,-3.00214509303289,0.527594958561902,S9_1198094,9,11.13856621,0.0516145599248858,S9_1683886,9,15.37902836,0,ma_te_residual_day_24_BP14,diff,BP,14,comp_ratio
S9_1683886,9,15.37902836,6.5328490054187,1.03258451674949,2.90625933754143,0.516709661073183,S9_1353482,9,14.34171004,0,S9_1875625,9,16.73880778,4.13107756253559,ma_te_residual_day_24_BP14,diff,BP,14,comp_ratio
S9_7478538,9,36.4077051,4.66849743304971,11.8795916939305,0.068759579903523,0.0144482772621566,S9_4775142,9,30.60506955,2.98363251458899,S9_9022705,9,39.59727801,2.78236751979912,ma_te_residual_day_25_BP14,diff,BP,14,comp_rel_diff
S9_7783026,9,36.65100204,4.37739249871553,11.1819437189293,0.0608459484395417,0.0132302790877571,S9_4505809,9,29.42213919,2.51372111371009,S9_9022705,9,39.59727801,2.6283290805196,ma_te_residual_day_26_BP14,diff,BP,14,comp_rel_diff
S3_12246613,3,55.99471535,4.22164994397745,9.70267087115115,1616.7747333457,359.432091990455,S3_7095091,3,46.70151328,2.45301515834467,S3_18206380,3,67.97502173,2.54767871366909,ma_te_residual_day_27_BP14,diff,BP,14,comp_diff
S7_32133319,7,99.94477983,4.36139484003967,10.0432075695794,-2342.1458509546,511.788713077484,S7_31956171,7,96.48121012,2.20233589512009,S7_32940091,7,101.9471039,2.83237705502052,ma_te_residual_day_27_BP14,diff,BP,14,comp_diff
S1_39016951,1,96.35467795,15.7559560405698,14.2845054013,-5.08756773519177,0.541625304519107,S1_38866853,1,96.12210597,7.22827147023182,S1_39056092,1,96.57988916,0,ma_te_residual_day_27_BP14,diff,BP,14,comp_ratio
S1_39056092,1,96.57988916,16.6078409026162,15.2443758763518,5.27742305460002,0.542389098645984,S1_39016951,1,96.35467795,0,S1_39146091,1,98.27090646,0.69496384707119,ma_te_residual_day_27_BP14,diff,BP,14,comp_ratio
S5_44201295,5,117.5333042,41.6741002492081,56.1405680541926,8002874.8364779,430715.676824656,S5_44179618,5,116.8150866,16.8199459336369,S5_44218595,5,117.5333052,2.0167684215977e-06,ma_te_residual_day_27_BP14,diff,BP,14,comp_ratio
S5_44218595,5,117.5333052,41.6741002492081,56.1405725871994,-8002874.935372,430715.666470859,S5_44201295,5,117.5333042,1.77635683940025e-15,S5_44336611,5,119.8635321,0.00369585772073577,ma_te_residual_day_27_BP14,diff,BP,14,comp_ratio
S2_45043544,2,98.51301522,3.88396361495184,6.3893599991497,1840.62240048805,431.50243395194,S2_41190718,2,81.30809492,2.34973882681256,S2_45383324,2,101.8130854,2.33298900988172,ma_te_residual_day_28_BP14,diff,BP,14,comp_diff
S3_7345986,3,47.38986671,5.8994724758423,9.97959883563527,2295.8859796566,430.666409893609,S3_7095091,3,46.70151328,3.93381144035164,S3_8119264,3,49.77537052,4.13273239420506,ma_te_residual_day_28_BP14,diff,BP,14,comp_diff
S5_42739726,5,104.1345531,5.14758769208449,8.61728686550887,-2361.53978650288,476.713243769848,S5_42251884,5,101.3829046,3.32417526907209,S5_43769059,5,111.9145952,3.18776350481284,ma_te_residual_day_28_BP14,diff,BP,14,comp_diff
S7_32133319,7,99.94477983,5.81152711980668,9.8188172490725,-3320.26186405707,627.899264974636,S7_30982237,7,88.83862293,4.03727104950454,S7_33411071,7,104.8359143,3.05689816319433,ma_te_residual_day_28_BP14,diff,BP,14,comp_diff
S9_6501061,9,33.93753996,3.0390071562482,4.94158113940419,1818.21107622265,484.683861866632,S9_5497941,9,31.29811037,1.48745269535822,S9_9022705,9,39.59727801,1.53787371330661,ma_te_residual_day_28_BP14,diff,BP,14,comp_diff
S2_44073549,2,93.52620611,12.8801683268007,10.4553896185445,39.5361113567983,4.8683603128599,S2_43829684,2,92.81876812,4.58340775291619,S2_44209808,2,93.99718694,0,ma_te_residual_day_28_BP14,diff,BP,14,comp_ratio
S2_44209808,2,93.99718694,13.4326699280603,10.9906575634489,-40.2342211731279,4.83027673405011,S2_44073549,2,93.52620611,0,S2_44257418,2,94.71205672,5.06848260749645,ma_te_residual_day_28_BP14,diff,BP,14,comp_ratio
S5_32958541,5,79.48545407,12.0180601146153,9.63601207004736,62.5696789265981,8.03545398434483,S5_32842706,5,79.24736643,3.78829421022069,S5_33076702,5,79.72354181,0,ma_te_residual_day_28_BP14,diff,BP,14,comp_ratio
S5_33076702,5,79.72354181,11.9400292369845,9.56278886147309,-62.5375121424981,8.06261365319556,S5_32958541,5,79.48545407,0,S5_33184214,5,79.95790853,3.54271755857837,ma_te_residual_day_28_BP14,diff,BP,14,comp_ratio
S6_33858792,6,80.45671817,12.8367402793072,10.4136466250173,-76640510.5290207,9395602.88321513,S6_33787476,6,80.20659528,8.81231914462433e-06,S6_33880986,6,80.45671922,8.53049123605842e-06,ma_te_residual_day_28_BP14,diff,BP,14,comp_ratio
S6_33880986,6,80.45671922,12.8367402793072,10.4136548180881,76640572.8835294,9395606.72506899,S6_33858792,6,80.45671817,0,S6_34082781,6,81.7006444,0,ma_te_residual_day_28_BP14,diff,BP,14,comp_ratio
S6_34082781,6,81.7006444,22.0449308300044,20.458383170305,-63.207267400912,5.5308365553445,1,6,80.45671922,0,4,6,84.66790651,2.62591662915399,ma_te_residual_day_28_BP14,diff,BP,14,comp_ratio
S7_31494503,7,93.27304403,16.9227391027286,14.5634619418583,51.9834291892454,5.32450965588634,S7_31429416,7,92.5060333,6.97699394481331,S7_31582647,7,94.06477091,0,ma_te_residual_day_28_BP14,diff,BP,14,comp_ratio
S7_31582647,7,94.06477091,16.3477713972599,13.9513808433367,-52.8878341958148,5.53104545091407,S7_31494503,7,93.27304403,0,S7_31652984,7,94.85882286,1.45765272631567,ma_te_residual_day_28_BP14,diff,BP,14,comp_ratio
S2_45043544,2,98.51301522,7.45739975036517,9.92479159752669,4928.42238285525,815.867024305654,S2_44477541,2,95.90686042,5.94930178882943,S2_45322381,2,101.3191103,5.30600518398082,ma_te_residual_day_29_BP14,diff,BP,14,comp_diff
S3_7095091,3,46.70151328,3.54356083675898,4.46662795597104,-14892.8292245322,3675.01805070935,S3_6422015,3,45.16807388,1.74773333683591,S3_7261171,3,47.15534623,1.17482733335172,ma_te_residual_day_29_BP14,diff,BP,14,comp_diff
S3_7345986,3,47.38986671,5.64853794731642,7.33018649155184,19078.1494024345,3674.94539542156,S3_7261171,3,47.15534623,3.64448856240535,S3_7475161,3,47.62432066,2.1801539717788,ma_te_residual_day_29_BP14,diff,BP,14,comp_diff
S5_42739726,5,104.1345531,7.17332773681413,9.5088605830128,-5321.149894336,899.93969843153,S5_42719546,5,103.4003774,5.15144168229591,S5_43575577,5,107.8767063,4.47704646582905,ma_te_residual_day_29_BP14,diff,BP,14,comp_diff
S7_32133319,7,99.94477983,7.3267943169653,9.73316490667671,-7087.31560619118,1184.75046815625,S7_31429416,7,92.5060333,5.78439212279764,S7_33411071,7,104.8359143,4.54723497582741,ma_te_residual_day_29_BP14,diff,BP,14,comp_diff
S9_6930910,9,35.42306752,7.65986728483777,10.2231990878646,5509.16102405797,898.595447591757,S9_5686516,9,31.99307473,5.23206088280475,S9_7478538,9,36.4077051,5.77375653045169,ma_te_residual_day_29_BP14,diff,BP,14,comp_diff
S9_43599764,9,118.1074639,9.84042447388883,23.2363127758803,3.98104620944448,0.557376571526373,S9_43260789,9,116.4170284,1.3576467858958,S9_44029865,9,118.3500267,4.9448777324026,ma_te_residual_day_29_BP14,diff,BP,14,comp_ratio
S9_44102245,9,118.5926436,10.0961926466155,23.9267195089909,-4.03669478025942,0.556954134145367,S9_43599764,9,118.1074639,4.44089209850063e-16,S9_44263216,9,118.8340034,5.02521817545646,ma_te_residual_day_29_BP14,diff,BP,14,comp_ratio
S2_45043544,2,98.51301522,5.48530445069966,8.10249097943061,18412.9909117261,3592.28412817,S2_44073549,2,93.52620611,3.69140355176802,S2_46205850,2,108.8915883,3.59098661038302,ma_te_residual_day_30_BP14,diff,BP,14,comp_diff
S3_7345986,3,47.38986671,4.20932933994802,6.10886846880204,15960.5521241167,3586.10616426503,S3_6422015,3,45.16807388,2.15516802406092,S3_10923979,3,54.12476288,2.35771509721604,ma_te_residual_day_30_BP14,diff,BP,14,comp_diff
S5_42739726,5,104.1345531,7.81529097690585,11.9255952417715,-24601.9613884002,3956.26449665146,S5_42719546,5,103.4003774,5.73826507096751,S5_43054075,5,105.0885057,6.22878021661523,ma_te_residual_day_30_BP14,diff,BP,14,comp_diff
S7_31178325,7,89.28412826,5.10424927849651,7.49988542548957,-19118.2941354841,3876.83612199781,S7_19236553,7,49.76776198,3.24374898831925,S7_33411071,7,104.8359143,3.34533772135426,ma_te_residual_day_30_BP14,diff,BP,14,comp_diff
S9_6930910,9,35.42306752,10.5846026067606,16.7948240131013,29342.6095011627,3976.18537903056,S9_6501061,9,33.93753996,8.97961807084083,S9_7478538,9,36.4077051,8.25746509559283,ma_te_residual_day_30_BP14,diff,BP,14,comp_diff
S1_319516,1,1.775291812,15.03089009464,4.00636091058395,-1.46282880875254,0.164160152140297,S1_60976,1,2.1e-06,0.0431017489240588,S1_397135,1,2.247702566,0,ma_te_residual_day_30_BP14,diff,BP,14,comp_ratio
S1_397135,1,2.247702566,13.7506419124231,3.59806835243998,1.38948444515143,0.164538775455665,S1_319516,1,1.775291812,0,S1_734560,1,3.237426544,1.54192589812456,ma_te_residual_day_30_BP14,diff,BP,14,comp_ratio
S3_207051,3,1.05e-06,7.53508542098415,1.80517081435909,-0.692989037140396,0.115855455434131,S3_152240,3,0,7.53508541451859,S3_337154,3,0.477251804,0.0801698621750546,ma_te_residual_day_30_BP14,diff,BP,14,comp_ratio
S3_399756,3,0.477252854,7.1068424759121,1.69240588757521,0.677326855819736,0.116948675622019,1,3,1.05e-06,0,6,3,1.188248078,2.66755732794702,ma_te_residual_day_30_BP14,diff,BP,14,comp_ratio
S4_643470,4,3.103422719,38.4153490597243,14.5966217463854,-1.96547816320655,0.115555686581531,S4_556271,4,1.65846087,4.35275546603933,S4_739759,4,3.988208706,0,ma_te_residual_day_30_BP14,diff,BP,14,comp_ratio
S4_739759,4,3.988208706,37.8458888317342,14.2511475437477,1.95321958521525,0.116218543491444,S4_643470,4,3.103422719,0,S4_782197,4,4.278481711,21.4155649508929,ma_te_residual_day_30_BP14,diff,BP,14,comp_ratio
S4_35964582,4,71.9228824,4.48234887090504,1.02918056949555,-0.25359315508996,0.0561488691678608,S4_35926512,4,71.23521902,2.56870485405967,S4_36187525,4,73.73135259,0.317062126970953,ma_te_residual_day_30_BP14,diff,BP,14,comp_ratio
S4_36190163,4,73.73135364,69.5781162030548,44.5236698273267,-4.43867113143177,0.149419324270126,S4_35964582,4,71.9228824,3.5527136788005e-15,S4_36268538,4,73.979289,48.5687899485684,ma_te_residual_day_30_BP14,diff,BP,14,comp_ratio
S4_36400489,4,74.4470793,76.9349680477584,56.1008969044961,4.71136492623551,0.141289900218264,S4_36190163,4,73.73135364,3.5527136788005e-15,S4_36676278,4,75.65720179,6.38774531926495,ma_te_residual_day_30_BP14,diff,BP,14,comp_ratio
S5_2051731,5,20.8274321,9.54815913870294,2.35313927997163,-1.47817267341801,0.216446530534735,S5_1722371,5,17.26194078,0.0868606442016926,S5_2059585,5,21.04656774,0,ma_te_residual_day_30_BP14,diff,BP,14,comp_ratio
S5_2059585,5,21.04656774,9.10754883266755,2.23063561264283,1.44939243440683,0.217982159361976,S5_2051731,5,20.8274321,0,S5_2090758,5,21.52370638,2.69977730642573,ma_te_residual_day_30_BP14,diff,BP,14,comp_ratio
S2_45980428,2,106.3362737,4.71313477094461,8.76858525610537,-101081.334602736,21305.5021626053,S2_44908249,2,97.68940295,2.79845107075364,S2_46329239,2,110.0512946,2.62492620759987,ma_te_residual_day_31_BP14,diff,BP,14,comp_diff
S5_36330301,5,87.89272986,4.16135210505553,7.68026990661159,95136.9402373088,21426.266888694,S5_31260652,5,76.16548797,2.52506357046784,S5_43769059,5,111.9145952,1.69396724304436,ma_te_residual_day_31_BP14,diff,BP,14,comp_diff
S7_19446572,7,50.71621801,3.3555533345315,6.12129827633416,84663.4685386196,21357.9643728912,S7_18926544,7,48.34846759,1.71831208029118,S7_32133319,7,99.94477983,1.73179358744822,ma_te_residual_day_31_BP14,diff,BP,14,comp_diff
S9_6930910,9,35.42306752,8.30160939999041,16.2785441245721,-155659.238210756,24079.7898307993,S9_6501061,9,33.93753996,5.59303526041337,S9_8378425,9,38.05852079,5.86167623710428,ma_te_residual_day_31_BP14,diff,BP,14,comp_diff
S2_530233,2,0.733500223,48.5227012514319,73.5966785036725,-1.42770868812021,0.0665158263342689,S2_169785,2,0,7.45116128017316,S2_697842,2,1.200339294,-2.44249065417534e-15,ma_te_residual_day_31_BP14,diff,BP,14,comp_ratio
S2_697842,2,1.200339294,47.4920098607875,70.7566745549954,1.41309178127314,0.0671430645338356,1,2,0.733500223,8.88178419700125e-16,3,2,3.196301789,4.93356607266063,ma_te_residual_day_31_BP14,diff,BP,14,comp_ratio
S7_22058493,7,61.66578514,23.9772268176286,24.1920352040961,1.41987373334656,0.115379331380193,S7_21796842,7,61.15089144,4.97728997486267,S7_22295410,7,62.6273757,0,ma_te_residual_day_31_BP14,diff,BP,14,comp_ratio
S7_22295410,7,62.6273757,24.6120873867481,25.0835111830175,-1.43376837801119,0.114419311196728,S7_22058493,7,61.66578514,0,S7_22646279,7,63.09991329,3.24023671473308,ma_te_residual_day_31_BP14,diff,BP,14,comp_ratio
S9_4505809,9,29.42213919,32.8363841719504,38.2115230106416,-1.46326289615586,0.0946105750393802,S9_4412130,9,29.20598698,8.87714315515922,S9_4775142,9,30.60506955,-3.5527136788005e-15,ma_te_residual_day_31_BP14,diff,BP,14,comp_ratio
S9_4775142,9,30.60506955,32.900580707949,38.326546555533,1.45202562563351,0.0937430182355589,S9_4505809,9,29.42213919,3.5527136788005e-15,S9_5041932,9,31.06780702,5.51137327290472,ma_te_residual_day_31_BP14,diff,BP,14,comp_ratio
S5_42739726,5,104.1345531,3.32803360806753,7.87063427673273,94957.041928756,23904.3746294311,S5_31260652,5,76.16548797,1.39185991017012,S5_44445575,5,121.4629871,1.72439002686474,ma_te_residual_day_32_BP14,diff,BP,14,comp_diff
S9_6930910,9,35.42306752,5.08969633909782,12.350240055663,-120717.914801772,24259.905293232,S9_6501061,9,33.93753996,3.1078600047923,S9_8378425,9,38.05852079,3.06973070444444,ma_te_residual_day_32_BP14,diff,BP,14,comp_diff
S1_28740292,1,60.51616083,6.85122960111289,4.65476892079516,-13.0227592760765,2.27019196514968,S1_28344884,1,59.93540225,2.09814384249971,S1_28949440,1,61.07287307,0,ma_te_residual_day_32_BP14,diff,BP,14,comp_ratio
S1_28949440,1,61.07287307,6.15511908477004,4.13912392834492,12.317009751638,2.2769825528121,2,1,60.51616083,0,4,1,62.81511606,0.815225244335103,ma_te_residual_day_32_BP14,diff,BP,14,comp_ratio
S2_9319457,2,35.52257844,12.4919959543765,9.2344369924913,-16.3318645471523,2.02133916366646,54,2,34.43671397,2.37609657314916,56,2,36.25071652,0,ma_te_residual_day_32_BP14,diff,BP,14,comp_ratio
S2_10670060,2,36.25071652,11.4442273587358,8.32696237529883,16.2134034056488,2.11319473417553,S2_9319457,2,35.52257844,0,S2_12735126,2,37.20641651,1.55418641307315,ma_te_residual_day_32_BP14,diff,BP,14,comp_ratio
S3_10844641,3,53.40431196,11.1531184542052,8.07962281123896,-8.49652586664451,1.12422819521912,S3_10157778,3,52.17926891,4.81944359848944,S3_10923979,3,54.12476288,4.68503738576082,ma_te_residual_day_32_BP14,diff,BP,14,comp_ratio
S3_11383115,3,55.06652941,12.2347305123847,9.00909338365882,8.93927840625003,1.12013547422081,S3_11019896,3,54.12476393,9.06319569508734,S3_11606737,3,55.52944181,9.80880133833814,ma_te_residual_day_32_BP14,diff,BP,14,comp_ratio
S4_38778837,4,90.31057729,20.3520988457188,16.983046517877,21.6796415294565,1.97857687917953,S4_38594880,4,88.81787672,2.67589804714995,S4_38961504,4,91.51425392,0,ma_te_residual_day_32_BP14,diff,BP,14,comp_ratio
S4_38961504,4,91.51425392,21.488741081034,18.2548047908524,-21.7141505464883,1.91144972815511,S4_38915398,4,90.54365473,8.32186028954851,S4_39004961,4,92.23318265,5.43593422081272,ma_te_residual_day_32_BP14,diff,BP,14,comp_ratio
S9_6295446,9,33.93753681,4.31545649701376,13.4121109042298,-138833.779376417,30248.6293457519,S9_4775142,9,30.60506955,2.40360872000197,S9_8378425,9,38.05852079,2.29121169416431,ma_te_residual_day_33_BP14,diff,BP,14,comp_diff
S2_43481897,2,90.13407682,7.28799024209005,0.5629234267317,-0.687108268921528,0.116933136713671,S2_43374008,2,89.65964759,3.50888657726109,S2_43563669,2,90.6458407,0,ma_te_residual_day_33_BP14,diff,BP,14,comp_ratio
S2_43563669,2,90.6458407,7.400334958183,0.572717147004269,0.670410946840948,0.117798577234202,S2_43481897,2,90.13407682,0,S2_43829684,2,92.81876812,1.53695580664763,ma_te_residual_day_33_BP14,diff,BP,14,comp_ratio
S4_1567589,4,14.74937476,93.6381755549599,44.4785631406824,-9459082.31130874,181390.862380331,S4_1511148,4,12.48966851,0.0186390946567059,S4_1578911,4,14.74937581,-3.5527136788005e-15,ma_te_residual_day_33_BP14,diff,BP,14,comp_ratio
S4_1578911,4,14.74937581,93.6381755549599,44.478561864174,9459082.28576947,181390.86509753,S4_1567589,4,14.74937476,8.22220862062295e-07,S4_1598450,4,15.74837544,7.0718260293403,ma_te_residual_day_33_BP14,diff,BP,14,comp_ratio
S7_15316582,7,28.00770319,15.6358693101431,1.40055804593513,-1.51686393168168,0.163659963280508,S7_14776325,7,25.13741186,1.47927806986353,S7_15803149,7,28.50092437,13.733914240578,ma_te_residual_day_33_BP14,diff,BP,14,comp_ratio
S7_15872523,7,28.73253185,15.8653686533827,1.42704381199287,1.56548080511128,0.164139661960012,S7_15649242,7,28.00770529,12.5793512521074,S7_16149616,7,31.32096778,3.00350029993906,ma_te_residual_day_33_BP14,diff,BP,14,comp_ratio
S9_952544,9,9.265633862,113.371674795995,87.8351103843228,-11.0067458132234,0.150982426178237,S9_823427,9,7.668729814,4.44121015745816,S9_999361,9,9.72015668,7.105427357601e-15,ma_te_residual_day_33_BP14,diff,BP,14,comp_ratio
S9_999361,9,9.72015668,112.413952389206,85.0079786843749,11.0363408540504,0.154379495253465,1,9,9.265633862,-1.77635683940025e-15,3,9,11.13856621,5.19592855374079,ma_te_residual_day_33_BP14,diff,BP,14,comp_ratio
S9_41287259,9,106.2268131,18.2035679506799,1.70877065392277,-1.68317428713236,0.163903842928061,S9_41178277,9,105.7748227,9.11357856985494,S9_41943766,9,106.9765845,0,ma_te_residual_day_33_BP14,diff,BP,14,comp_ratio
S9_41943766,9,106.9765845,17.3627661317746,1.60492337428452,1.71396726128402,0.166710351573018,S9_41860152,9,106.4582302,0.0887899645923227,S9_42035887,9,108.5576832,3.22921151470119,ma_te_residual_day_33_BP14,diff,BP,14,comp_ratio
S9_46250912,9,124.0052113,20.119026939429,1.95651680767241,-1.62599049860686,0.150563772198441,31,9,123.6574313,6.00095825243741,33,9,124.3534948,0,ma_te_residual_day_33_BP14,diff,BP,14,comp_ratio
S9_46501439,9,124.3534948,20.165702750033,1.96275373187656,1.577192869775,0.148390915811466,S9_46250912,9,124.0052113,0,S9_46776010,9,125.7813951,5.46130173983572,ma_te_residual_day_33_BP14,diff,BP,14,comp_ratio
