S2_42024286,2,84.3810523,3.24149627587286,9.33610616210908,706.621448405873,178.930507664222,S2_30828180,2,51.61811729,1.71055477113777,S2_45322381,2,101.3191103,1.58797100363982,te_residual_total_17_BP14,dry,BP,14,raw
S5_38223058,5,92.35134245,8.34905843620314,27.088461012897,-1214.61540370802,180.562303996702,S5_36726739,5,88.88556146,5.67930515487365,S5_41265928,5,97.18561608,6.69777668244325,te_residual_total_17_BP14,dry,BP,14,raw
S2_45043544,2,98.51301522,5.78364226300465,11.0104954930154,944.642428081345,177.618763144816,S2_41724219,2,83.18720932,3.25481649599018,S2_45205644,2,100.5702577,3.92779111394486,te_residual_total_18_BP14,dry,BP,14,raw
S5_38502687,5,92.83337609,11.0967712895602,22.7233889758125,-1363.8388590241,178.505390100364,S5_37997803,5,91.36022511,9.44229063825805,S5_38859599,5,93.79879919,8.74176433199788,te_residual_total_18_BP14,dry,BP,14,raw
S2_45043544,2,98.51301522,5.08017295179578,9.92323495202763,1063.17062861256,214.316549520154,S2_41724219,2,83.18720932,2.76404896765999,S2_45205644,2,100.5702577,3.47773531282353,te_residual_total_19_BP14,dry,BP,14,raw
S5_38502687,5,92.83337609,10.2123414520442,21.3987986853201,-1569.0382196661,215.386362339814,S5_37997803,5,91.36022511,8.64510693182692,S5_38859599,5,93.79879919,7.86023666170728,te_residual_total_19_BP14,dry,BP,14,raw
S2_44908249,2,97.68940295,4.7444768934033,9.50807806959154,1225.89064595154,256.29202414688,S2_41724219,2,83.18720932,2.3632609725753,S2_45322381,2,101.3191103,3.02750526749218,te_residual_total_20_BP14,dry,BP,14,raw
S5_38502687,5,92.83337609,9.5278335802757,20.3823334556743,-1823.37967672185,260.36337231937,S5_37793477,5,91.11566475,7.91344884002275,S5_41101118,5,96.20937263,7.58474073496367,te_residual_total_20_BP14,dry,BP,14,raw
S2_44908249,2,97.68940295,4.59746635687971,9.37047079561156,1452.16985706328,308.721454412294,S2_42765994,2,86.67570213,3.01373697418589,S2_45322381,2,101.3191103,2.94797120997543,te_residual_total_21_BP14,dry,BP,14,raw
S5_38502687,5,92.83337609,8.8562254633099,19.1290313339969,-2107.7931961805,313.625674640817,S5_37547988,5,90.62443011,6.86553317886175,S5_41101118,5,96.20937263,7.12994664088275,te_residual_total_21_BP14,dry,BP,14,raw
S2_44908249,2,97.68940295,4.55169556326123,9.44338278619756,1726.30373530192,368.955050092315,S2_42765994,2,86.67570213,2.85009767364828,S2_45322381,2,101.3191103,2.88538842041013,te_residual_total_22_BP14,dry,BP,14,raw
S5_38502687,5,92.83337609,8.11884061328107,17.6816117710697,-2399.7120677229,374.816116092806,S5_37547988,5,90.62443011,6.41191133407647,S5_41999990,5,100.4130166,6.11031131686226,te_residual_total_22_BP14,dry,BP,14,raw
S2_44908249,2,97.68940295,4.61996474342386,9.7492619388872,2096.98476042505,444.650364667475,S2_42812846,2,87.01798226,3.03727877907391,S2_46820675,2,113.8524469,2.61854210287041,te_residual_total_23_BP14,dry,BP,14,raw
S5_38502687,5,92.83337609,7.37477021907554,16.1559477765239,-2742.33446689969,451.713894855791,S5_36886697,5,89.87760443,5.35489016423636,S5_41999990,5,100.4130166,5.84058092954875,te_residual_total_23_BP14,dry,BP,14,raw
S2_44908249,2,97.68940295,4.60548105117083,9.92827015934669,2461.63874881462,522.843839563768,S2_42812846,2,87.01798226,3.0360771092477,S2_46820675,2,113.8524469,2.58693775552389,te_residual_total_24_BP14,dry,BP,14,raw
S5_38502687,5,92.83337609,6.46906134840435,14.3024880263488,-3001.49842502423,531.149518672556,S5_36886697,5,89.87760443,4.8404607150094,S5_41999990,5,100.4130166,4.88538799728728,te_residual_total_24_BP14,dry,BP,14,raw
S2_44908249,2,97.68940295,4.51299651219535,10.0411983619417,2831.48529158713,607.908324191049,S2_42812846,2,87.01798226,2.94009816339864,S2_46820675,2,113.8524469,2.29542311248142,te_residual_total_25_BP14,dry,BP,14,raw
S5_38502687,5,92.83337609,5.14846943101261,11.5539007279186,-3085.53622517813,617.565302214362,S5_36742284,5,89.1281049,3.55779282674227,S5_41999990,5,100.4130166,3.49664290342913,te_residual_total_25_BP14,dry,BP,14,raw
S2_44908249,2,97.68940295,4.3636221035305,10.0209825135849,3214.73452092763,702.611841601138,S2_33448706,2,57.13183029,2.59258159071794,S2_45156658,2,100.2097111,2.34850841176982,te_residual_total_26_BP14,dry,BP,14,raw
S5_39769571,5,94.51587447,3.84517917168534,8.7689231030574,-3054.9298328802,713.762311015986,S5_34757068,5,84.36015726,1.92147723159566,S5_41999990,5,100.4130166,2.27935045249827,te_residual_total_26_BP14,dry,BP,14,raw
S2_44908249,2,97.68940295,3.7886111586909,8.05825563825834,3257.14459695241,769.212915390535,S2_32717606,2,56.80425854,1.81245452035429,S2_46820675,2,113.8524469,2.20129885022538,te_residual_total_27_BP14,dry,BP,14,raw
S5_39769571,5,94.51587447,3.95365573176637,8.42800108631031,-3389.90602849627,782.808291131922,S5_35318061,5,85.14836478,2.26594245608893,S5_41999990,5,100.4130166,2.18052269034019,te_residual_total_27_BP14,dry,BP,14,raw
S9_46501439,9,124.3534948,3.58085063359777,7.59510500142163,3158.58803862764,768.344778486989,S9_45322472,9,122.0030918,1.88740194439946,S9_55365370,9,168.493715,2.10225249348598,te_residual_total_27_BP14,dry,BP,14,raw
S2_46701398,2,113.0877388,3.59811237424383,8.33746787740566,3659.32180752756,885.310307580309,S2_1368736,2,4.372320354,1.81724345671615,S2_47052010,2,115.3816967,1.8798182985003,te_residual_total_28_BP14,dry,BP,14,raw
S9_46501439,9,124.3534948,4.05069385415322,9.44351743127527,3929.6562847527,893.304817628551,S9_45818943,9,122.8442473,2.44418959685225,S9_47635177,9,127.545358,2.31887749758207,te_residual_total_28_BP14,dry,BP,14,raw
S9_46501439,9,124.3534948,3.34608841056573,8.47511040495545,4209.42297933088,1054.76392757489,S9_45322472,9,122.0030918,1.72308067415424,S9_55365370,9,168.493715,1.89691501622589,te_residual_total_29_BP14,dry,BP,14,raw
S9_46501439,9,124.3534948,3.29614787437355,8.35405731018414,4769.99567478836,1204.65214444169,S9_45322472,9,122.0030918,1.70793009705323,S9_50393843,9,136.5093366,0.684911580172487,te_residual_total_30_BP14,dry,BP,14,raw
S2_1558172,2,5.312472497,3.12718385716335,8.65143716400575,-8346.07312515545,2167.00878317318,S2_900784,2,3.423931565,1.39402171657594,S2_4217718,2,20.91597796,1.52428853846121,te_residual_total_33_BP14,dry,BP,14,raw
S9_34338749,9,87.94089861,3.94476252476846,11.0606722467547,7889.58773640894,1811.69949554981,S9_32642555,9,84.24856053,2.30301570148644,S9_47635177,9,127.545358,2.13330891578297,te_residual_total_33_BP14,dry,BP,14,raw
S2_46820675,2,113.8524469,3.52526665338916,7.7151106312282,1513.53841236952,369.989931871953,S2_43481897,2,90.13407682,2.00664231036992,S2_47811870,2,119.7658678,2.29344977838133,te_residual_total_17_BP14,wet,BP,14,raw
S5_32958541,5,79.48545407,5.92093697395747,13.3947070254871,-2037.02150342232,377.917098736161,S5_29574617,5,69.55526516,3.84513451645685,S5_36228372,5,87.89272881,3.30184626035473,te_residual_total_17_BP14,wet,BP,14,raw
S2_46820675,2,113.8524469,3.68003402738724,7.95519312855954,1826.33340520905,436.499740464246,S2_44209808,2,93.99718694,2.02684497781835,S2_47811870,2,119.7658678,2.46775511694963,te_residual_total_18_BP14,wet,BP,14,raw
S5_33587455,5,80.92708184,6.06360756865144,13.5475045940033,-2447.99903732536,448.343502217053,S5_29574617,5,69.55526516,4.09915706690036,S5_36228372,5,87.89272881,3.40762132996035,te_residual_total_18_BP14,wet,BP,14,raw
S2_46701398,2,113.0877388,4.476081101847,9.59816040661655,2382.6644213299,513.52233384997,S2_45664611,2,102.3964743,2.3019277424776,S2_47747001,2,119.7658657,2.97104666989474,te_residual_total_19_BP14,wet,BP,14,raw
S5_33587455,5,80.92708184,5.89637260748327,12.8951142016497,-2838.42984581768,527.783764950473,S5_27496297,5,66.43972035,4.29813683309528,S5_36228372,5,87.89272881,3.47452710847558,te_residual_total_19_BP14,wet,BP,14,raw
S2_46701398,2,113.0877388,5.24169147458065,11.1984010657842,3041.99103124137,602.651792772603,S2_45664611,2,102.3964743,2.76021161001226,S2_47747001,2,119.7658657,3.39161434307268,te_residual_total_20_BP14,wet,BP,14,raw
S5_33587455,5,80.92708184,5.67638696956384,12.2004707837323,-3263.35939585798,619.388507913667,S5_26573386,5,64.67695116,3.63968515622997,S5_36228372,5,87.89272881,3.53302252704037,te_residual_total_20_BP14,wet,BP,14,raw
S2_46701398,2,113.0877388,6.61121185509906,12.9765578491873,3928.48510037694,688.489440148159,S2_46330162,2,110.0512956,4.76982850160963,S2_47373217,2,118.8246133,4.79351686012174,te_residual_total_21_BP14,wet,BP,14,raw
S5_33587455,5,80.92708184,6.42834848849813,12.5855016671153,-3979.43730749179,708.171309871407,S5_29574617,5,69.55526516,4.0760635426119,S5_36228372,5,87.89272881,4.00144946013024,te_residual_total_21_BP14,wet,BP,14,raw
S6_27690603,6,47.52661946,3.08838350474655,5.7734251560166,2888.83954154899,759.029362625003,S6_3916880,6,26.57162159,0.509531809291701,S6_30703582,6,56.23729456,0.592935570529143,te_residual_total_21_BP14,wet,BP,14,raw
S2_46701398,2,113.0877388,7.33496971380083,14.4284031065774,4875.37033672936,807.096533127371,S2_46330162,2,110.0512956,5.28321020946788,S2_47321091,2,118.5659378,5.60769330864648,te_residual_total_22_BP14,wet,BP,14,raw
S5_33587455,5,80.92708184,6.01541124641958,11.6168760134252,-4499.70661915835,830.169027624425,S5_27496297,5,66.43972035,4.42613403467442,S5_36228372,5,87.89272881,3.93956763146002,te_residual_total_22_BP14,wet,BP,14,raw
S6_27690603,6,47.52661946,3.10101199643169,5.75216375806109,3393.71517809247,889.78847225992,S6_4132666,6,30.05764073,1.58803611659633,S6_30703582,6,56.23729456,0.591406963147936,te_residual_total_22_BP14,wet,BP,14,raw
S2_46701398,2,113.0877388,7.11241785464473,15.1503616108429,5802.23034311886,974.036148917353,S2_46330162,2,110.0512956,4.86382569257317,S2_47321091,2,118.5659378,5.1798093300524,te_residual_total_23_BP14,wet,BP,14,raw
S5_33587455,5,80.92708184,4.91056460297976,10.1445716262621,-4879.74371441077,1001.08687000876,S5_26573386,5,64.67695116,3.17641994881781,S5_37515682,5,90.62442906,3.16547284729086,te_residual_total_23_BP14,wet,BP,14,raw
S2_46701398,2,113.0877388,7.41177040528963,15.9533456692778,6784.99061851544,1113.44229865826,S2_46330162,2,110.0512956,5.12312932965584,S2_47321091,2,118.5659378,5.08909899852926,te_residual_total_24_BP14,wet,BP,14,raw
S5_33587455,5,80.92708184,4.3633709613438,9.00209834717682,-5238.3188617214,1144.36457716492,S5_25833523,5,63.72759469,2.43558774542743,S5_37776258,5,91.1156637,2.60235741207496,te_residual_total_24_BP14,wet,BP,14,raw
S2_46701398,2,113.0877388,6.99590667452346,15.4301797164188,7437.44191509956,1259.92273086244,S2_46330162,2,110.0512956,4.82674036655717,S2_47321091,2,118.5659378,4.44645606320494,te_residual_total_25_BP14,wet,BP,14,raw
S5_33587455,5,80.92708184,3.62465594001265,7.62935123436144,-5375.00149956268,1294.91303222565,S5_25229840,5,61.8054753,2.10502769372416,S5_37776258,5,91.1156637,2.04736631200689,te_residual_total_25_BP14,wet,BP,14,raw
S2_46701398,2,113.0877388,6.89573903456583,17.0390611124442,8611.06360534694,1465.93986477591,S2_46330162,2,110.0512956,4.35922363735167,S2_47052010,2,115.3816967,4.35600253461881,te_residual_total_26_BP14,wet,BP,14,raw
S2_46701398,2,113.0877388,6.21012644493493,15.4838531812483,8993.0101920415,1620.9916094258,S2_46330162,2,110.0512956,3.93794345786155,S2_47052010,2,115.3816967,3.76763239832547,te_residual_total_27_BP14,wet,BP,14,raw
S2_2504271,2,11.41378601,3.24363916496784,7.24988760416154,-7442.5959626769,1900.38499108576,S2_169785,2,0,1.5314027650457,S2_2994509,2,15.12737113,1.6672709929535,te_residual_total_28_BP14,wet,BP,14,raw
S2_46701398,2,113.0877388,5.54727780749734,12.7996565559783,8962.74711797411,1722.36332908733,S2_44687927,2,96.29854627,3.50169517037532,S2_47052010,2,115.3816967,3.42469969742759,te_residual_total_28_BP14,wet,BP,14,raw
S2_46536006,2,112.8190907,4.69117854719322,11.9337174824686,9584.70574158336,2008.82035030006,S2_45482103,2,102.0498921,3.00136770936191,S2_47052010,2,115.3816967,2.50669990556598,te_residual_total_29_BP14,wet,BP,14,raw
S2_46536006,2,112.8190907,4.58172489387763,10.9286678781216,10270.4565311989,2186.2690447668,S2_46205850,2,108.8915883,2.96527793035136,S2_47052010,2,115.3816967,2.46966882073606,te_residual_total_30_BP14,wet,BP,14,raw
S3_40647237,3,79.79867924,3.16620983478521,7.40637582340102,-8627.10900631419,2230.79613554667,S3_882154,3,3.183724647,1.27954943878837,S3_43513107,3,86.55880689,1.60671794001217,te_residual_total_30_BP14,wet,BP,14,raw
S9_50631597,9,136.5093387,3.67896040920549,9.48550914793077,-0.0673892456602659,0.0160607080258368,S9_49455204,9,133.0181637,1.99856944530794,S9_52142241,9,142.2289847,2.10204271476711,te_residual_total_18_BP14,diff,BP,14,comp_rel_diff
S9_50491261,9,136.5093376,3.774584364777,9.71967265186896,-0.0606731111971848,0.0142663333519412,S9_46250912,9,124.0052113,2.00779926676388,S9_51065937,9,138.5729052,2.13605219382579,te_residual_total_19_BP14,diff,BP,14,comp_rel_diff
S2_36728541,2,68.95799846,7.51183304336804,3.43047893401067,-3.18812602439301,0.522461164009945,S2_36623538,2,68.22133019,4.68075581834317,S2_37024986,2,69.19851662,0,te_residual_total_19_BP14,diff,BP,14,comp_ratio
S2_37024986,2,69.19851662,7.64222848544721,3.49640796698387,3.23359094670432,0.524891985077384,S2_36728541,2,68.95799846,0,S2_37368783,2,69.44160995,3.66555277329363,te_residual_total_19_BP14,diff,BP,14,comp_ratio
S6_1887340,6,14.56460814,67.8492322961546,80.3205707867798,15.5680566945249,0.527250406315062,S6_1782067,6,13.2866687,5.95013965967711,S6_1957610,6,14.80015816,6.21724893790088e-15,te_residual_total_19_BP14,diff,BP,14,comp_ratio
S6_1957610,6,14.80015816,67.7251659601288,80.0000743895893,-15.6229320199631,0.530167692714871,S6_1887340,6,14.56460814,-5.77315972805081e-15,S6_2119668,6,16.60128933,5.12176161500846,te_residual_total_19_BP14,diff,BP,14,comp_ratio
S9_50491261,9,136.5093376,3.64164390005125,9.39396398262409,-0.0559403045969597,0.0134036878681652,S9_46250912,9,124.0052113,2.07431021975824,S9_51065937,9,138.5729052,2.00718782644275,te_residual_total_20_BP14,diff,BP,14,comp_rel_diff
S1_1004313,1,5.904596741,3.278622665357,7.76039964137647,-2826.59624197068,717.706811439775,S1_56764,1,0,1.85245966863568,S1_3604028,1,20.46859514,1.25333301904512,te_residual_total_21_BP14,diff,BP,14,comp_diff
S2_46820675,2,113.8524469,3.96806366393799,9.48185151947165,-3116.02274052491,715.779700338387,S2_45664611,2,102.3964743,2.15688936287392,S2_47747001,2,119.7658657,2.4497473570742,te_residual_total_21_BP14,diff,BP,14,comp_diff
S5_45822116,5,135.1528616,4.96428418784973,11.0013035837569,0.181835360732399,0.0371991625580018,199,5,134.4265067,2.72516583664889,201,5,136.1281095,0,te_residual_total_21_BP14,diff,BP,14,comp_rel_diff
S5_45945721,5,136.1281095,6.24556086084618,14.0892064128163,-0.203981779327799,0.036874403621965,S5_45822116,5,135.1528616,0,S5_46005455,5,136.1281106,6.24556085736269,te_residual_total_21_BP14,diff,BP,14,comp_rel_diff
S9_50491261,9,136.5093376,4.16780249126557,9.13509139195534,-0.0517018371039055,0.0116071720491191,S9_46869047,9,126.0276157,2.62488386810164,S9_50756637,9,138.0504115,2.62244456404216,te_residual_total_21_BP14,diff,BP,14,comp_rel_diff
S7_30590328,7,87.44246686,119.593014764996,49.2673979351033,-24655833.4262051,386416.774502224,S7_30436117,7,85.84098672,0.000800118311037323,S7_30592907,7,87.44246791,8.06326030193816e-05,te_residual_total_21_BP14,diff,BP,14,comp_ratio
S7_30592907,7,87.44246791,119.593014764996,49.2675099366118,24655889.4173387,386417.21279074,S7_30590328,7,87.44246686,3.5527136788005e-15,S7_30776418,7,87.9047648,3.5527136788005e-15,te_residual_total_21_BP14,diff,BP,14,comp_ratio
S7_30776418,7,87.9047648,143.678740039826,96.4553881859439,-55.8902496058414,0.626020980785204,1,7,87.44246791,7.105427357601e-15,3,7,88.13270507,24.3480709706113,te_residual_total_21_BP14,diff,BP,14,comp_ratio
S1_1004313,1,5.904596741,3.29083115215065,7.70963073682576,-3270.20173917074,828.732393080482,S1_56764,1,0,2.03477475073615,S1_3604028,1,20.46859514,1.32097535234585,te_residual_total_22_BP14,diff,BP,14,comp_diff
S2_46820675,2,113.8524469,4.38822217831532,10.43719284395,-3794.73908071814,826.507167724767,S2_45664611,2,102.3964743,2.57557940650275,S2_47747001,2,119.7658657,2.72697581524139,te_residual_total_22_BP14,diff,BP,14,comp_diff
S3_7475161,3,47.62432066,10.3325530132257,10.8713106080409,-3.70135843039498,0.516475927220148,58,3,47.38986671,4.17857951086774,60,3,48.09912212,0,te_residual_total_22_BP14,diff,BP,14,comp_ratio
S3_7521131,3,48.09912212,11.0339764350998,11.7254918611297,3.86256407580492,0.519038601545313,S3_7475161,3,47.62432066,0,S3_7641393,3,48.57267569,2.84581804713343,te_residual_total_22_BP14,diff,BP,14,comp_ratio
S4_35926512,4,71.23521902,16.1821264087991,18.517146084988,-3.45725247584616,0.369666718103646,119,4,70.46479416,6.8268789903368,121,4,71.9228824,0,te_residual_total_22_BP14,diff,BP,14,comp_ratio
S4_35964582,4,71.9228824,16.499798931176,18.9680721944238,3.56659566104838,0.376763249480306,S4_35926512,4,71.23521902,0,S4_36187525,4,73.73135259,3.75561869790865,te_residual_total_22_BP14,diff,BP,14,comp_ratio
S7_19976887,7,53.27530926,13.5494118499566,14.9257361220339,4.01767905708553,0.478545965853906,S7_19876481,7,52.570595,7.1030149512472,S7_20027592,7,53.74010584,0,te_residual_total_22_BP14,diff,BP,14,comp_ratio
S7_20027592,7,53.74010584,13.5014739442918,14.8626869015336,-4.05268471495956,0.483672067695043,S7_19976887,7,53.27530926,0,S7_20152815,7,54.7299274,1.5871161681365,te_residual_total_22_BP14,diff,BP,14,comp_ratio
S8_12980737,8,48.79264126,16.6582574841701,19.1944424084604,-807330.175858344,84782.3358956555,S8_12389386,8,48.31805081,6.13886757261507,S8_15946512,8,48.79264281,7.97307445665751e-06,te_residual_total_22_BP14,diff,BP,14,comp_ratio
S8_15946512,8,48.79264281,16.6582574841701,19.1944538236477,807330.360209283,84782.3298680936,S8_12980737,8,48.79264126,0,S8_21187583,8,49.27255907,0.0609854129369687,te_residual_total_22_BP14,diff,BP,14,comp_ratio
S9_2174659,9,17.49741196,12.941748930416,14.132548793456,4.77626632692341,0.584519798368976,S9_2049093,9,17.26757336,6.82110430606408,S9_2316603,9,17.74434082,0,te_residual_total_22_BP14,diff,BP,14,comp_ratio
S9_2316603,9,17.74434082,14.1771938804028,15.7590134503427,-4.81533944498891,0.558099780177913,S9_2174659,9,17.49741196,0,S9_2705209,9,19.90209146,1.20727748110473,te_residual_total_22_BP14,diff,BP,14,comp_ratio
S1_397135,1,2.247702566,4.27324224818388,7.76035263710354,-3796.66287853424,846.278653096284,S1_56764,1,0,2.84775910020372,S1_3604028,1,20.46859514,1.96253746275485,te_residual_total_23_BP14,diff,BP,14,comp_diff
S2_45980428,2,106.3362737,5.39431745511085,9.94944559121647,-4295.35490896848,845.574137728939,S2_45322381,2,101.3191103,3.81471062496409,S2_46901860,2,114.5694173,3.409882301014,te_residual_total_23_BP14,diff,BP,14,comp_diff
S7_28698902,7,76.12319903,4.18505740120866,7.59096038564259,-3774.6817644748,850.714938179144,S7_21663918,7,60.36847472,2.52761374216663,S7_31429416,7,92.5060333,0.795377412497684,te_residual_total_23_BP14,diff,BP,14,comp_diff
S9_7783026,9,36.65100204,5.322356683445,9.80692424761451,-27683.1158651554,5489.09362545076,S9_7478538,9,36.4077051,3.59376910167106,S9_8182398,9,37.12013546,0,te_residual_total_23_BP14,diff,BP,14,comp_diff
S9_8182398,9,37.12013546,6.29734552198319,11.7617507765989,30139.8266677506,5457.03629559806,S9_7908609,9,36.65100309,2.23931482710019,S9_8279734,9,37.58932098,1.37933587872541,te_residual_total_23_BP14,diff,BP,14,comp_diff
S5_45822116,5,135.1528616,7.05310996235855,16.9624688632428,0.20478553687162,0.0345364507629126,199,5,134.4265067,4.6705471490691,201,5,136.1281095,0,te_residual_total_23_BP14,diff,BP,14,comp_rel_diff
S5_45945721,5,136.1281095,7.95711722064346,19.3803634725684,-0.21711475847797,0.0342555812962157,S5_45822116,5,135.1528616,2.22044604925031e-16,S5_46005455,5,136.1281106,7.9571171259454,te_residual_total_23_BP14,diff,BP,14,comp_rel_diff
S1_38288357,1,91.710651,6.84394211201771,6.13000380309499,-8.24110712155184,1.43021084663529,135,1,89.80812335,4.95849301806463,140,1,93.77988005,3.75627926540245,te_residual_total_23_BP14,diff,BP,14,comp_ratio
S1_38734262,1,95.18338807,6.41823332939315,5.71466554160017,7.97623721001371,1.43366450285575,3,1,93.77988005,3.03493699647967,7,1,95.89193139,4.56445840227493,te_residual_total_23_BP14,diff,BP,14,comp_ratio
S3_207051,3,1.05e-06,12.2348168807842,11.8257051006794,-29.7433619942023,3.71639112619446,S3_152240,3,0,12.2348168801593,S3_337154,3,0.477251804,0.00147937150506294,te_residual_total_23_BP14,diff,BP,14,comp_ratio
S3_503853,3,0.714249338,11.5035681656567,11.0034929260712,28.9800261609433,3.75386256992879,1,3,1.05e-06,0,6,3,1.188248078,4.0041657438604,te_residual_total_23_BP14,diff,BP,14,comp_ratio
S7_34410954,7,127.7621401,17.2320158111525,17.9023887715457,34.7894311215497,3.53294368764742,160,7,126.7519686,4.20396998089,162,7,128.3076132,0,te_residual_total_23_BP14,diff,BP,14,comp_ratio
S7_34497735,7,128.3076132,16.5204731075359,16.9861136970104,-33.918696442209,3.53620162871248,S7_34410954,7,127.7621401,0,S7_34504503,7,128.5793066,9.50663638633777,te_residual_total_23_BP14,diff,BP,14,comp_ratio
S1_397135,1,2.247702566,4.38108172638954,7.84535125232037,-4297.92195993237,945.441332953422,S1_56764,1,0,2.95995419748015,S1_1482761,1,8.184488012,2.73122587305966,te_residual_total_24_BP14,diff,BP,14,comp_diff
S2_45980428,2,106.3362737,5.72443200696118,10.443491282977,-4954.65579153933,944.654266017228,S2_45205644,2,100.5702577,3.42020525291786,S2_46901860,2,114.5694173,3.70299136392745,te_residual_total_24_BP14,diff,BP,14,comp_diff
S7_28679931,7,76.12319798,4.30223823127273,7.69577955361083,-4279.0692141542,950.397439621507,S7_21663918,7,60.36847472,2.50847899253881,S7_31429416,7,92.5060333,0.945205138091207,te_residual_total_24_BP14,diff,BP,14,comp_diff
S9_7783026,9,36.65100204,6.04066848570684,11.068987791133,-33112.6192726349,6132.27803274978,S9_7478538,9,36.4077051,4.14831470455828,S9_8182398,9,37.12013546,0,te_residual_total_24_BP14,diff,BP,14,comp_diff
S9_8182398,9,37.12013546,6.95856799547697,12.9151826850355,35558.7153160841,6096.46438607931,S9_7908609,9,36.65100309,2.55384866851622,S9_8279734,9,37.58932098,1.53946452567894,te_residual_total_24_BP14,diff,BP,14,comp_diff
S2_3294639,2,16.33102768,104.478058063249,87.1513536629854,-33.995720224255,0.670871755437984,S2_3150319,2,16.09458892,25.287662259269,S2_3411412,2,16.8086218,-3.10862446895044e-15,te_residual_total_24_BP14,diff,BP,14,comp_ratio
S2_3411412,2,16.8086218,104.291674545984,86.6849171778258,34.1141422478138,0.675017476014435,S2_3294639,2,16.33102768,-3.5527136788005e-15,S2_3481636,2,17.53106475,22.2504765106367,te_residual_total_24_BP14,diff,BP,14,comp_ratio
S7_30590328,7,87.44246686,7.87229504513294,1.29884973494573,2.43575706005119,0.393737559419692,S7_30436117,7,85.84098672,1.94829743590932,S7_30776418,7,87.9047648,3.85204431488059,te_residual_total_24_BP14,diff,BP,14,comp_ratio
S7_30920014,7,88.13270507,8.21268996465487,1.36150094537473,-2.51975520181277,0.397833826348406,S7_30590328,7,87.44246686,0,S7_30982237,7,88.83862293,4.26356961366865,te_residual_total_24_BP14,diff,BP,14,comp_ratio
S9_2049093,9,17.26757336,82.0021649352351,44.9161824369924,34.1684062308127,0.939237952743718,S9_1875625,9,16.73880778,7.5621734824799,S9_2174659,9,17.49741196,0,te_residual_total_24_BP14,diff,BP,14,comp_ratio
S9_2174659,9,17.49741196,80.0639287880739,42.3391858949495,-34.0073364295373,0.962839051333867,S9_2049093,9,17.26757336,0,S9_2316603,9,17.74434082,15.6452803234749,te_residual_total_24_BP14,diff,BP,14,comp_ratio
S9_17968439,9,67.73356084,23.3909079516655,4.83291570574923,-7.97409471717978,0.668234832168642,S9_17690224,9,67.57670814,10.4703293029652,S9_18332797,9,67.97205775,21.2340919456316,te_residual_total_24_BP14,diff,BP,14,comp_ratio
S9_18539859,9,68.20134413,23.6567693720486,4.90734340625255,8.06146826837169,0.670414276116448,S9_17968439,9,67.73356084,0,S9_18817707,9,70.18302524,2.79328016163164,te_residual_total_24_BP14,diff,BP,14,comp_ratio
S2_46820675,2,113.8524469,3.99904861282072,10.2669624554971,-5336.09671123301,1217.09435728013,S2_45664611,2,102.3964743,2.43930632771761,S2_47321091,2,118.5659378,2.3756209871831,te_residual_total_25_BP14,diff,BP,14,comp_diff
S2_46820675,2,113.8524469,3.67658666734028,9.47968862065811,-5686.13120229867,1355.62078497311,S2_45482103,2,102.0498921,2.10704364630957,S2_47321091,2,118.5659378,1.98569218169442,te_residual_total_26_BP14,diff,BP,14,comp_diff
S1_39146091,1,98.27090646,11.7809797489211,0.479781603456729,5.42562934073143,0.697392750566572,S1_39056092,1,96.57988916,1.49641258236949,S1_39159141,1,98.4949203,0,te_residual_total_26_BP14,diff,BP,14,comp_ratio
S1_39159141,1,98.4949203,11.1443478884131,0.449757540273708,-5.2563581308091,0.69782226810544,S1_39146091,1,98.27090646,0,S1_39171158,1,98.96225761,2.00042032046593,te_residual_total_26_BP14,diff,BP,14,comp_ratio
S2_900784,2,3.423931565,159.616838238193,95.0554873797935,-76.4831848721686,0.698435766324993,S2_776895,2,3.196301789,26.7502163852478,S2_1113885,2,3.659839226,8.88178419700125e-15,te_residual_total_26_BP14,diff,BP,14,comp_ratio
S2_1113885,2,3.659839226,158.951856981813,93.3357203327594,76.3826849027756,0.703914775873697,S2_900784,2,3.423931565,-9.76996261670138e-15,S2_1257372,2,4.01607979,56.52238410547,te_residual_total_26_BP14,diff,BP,14,comp_ratio
S7_30776418,7,87.9047648,15.8893012699958,0.686498384509633,6.52624378349506,0.701281909843062,S7_30592907,7,87.44246791,5.05401235380231,S7_30920014,7,88.13270507,0,te_residual_total_26_BP14,diff,BP,14,comp_ratio
S7_30920014,7,88.13270507,16.3561442023367,0.711477302318471,-6.67066633204339,0.704105596323719,2,7,87.9047648,0,4,7,88.83862293,4.12147832409892,te_residual_total_26_BP14,diff,BP,14,comp_ratio
S8_34680061,8,75.71617516,16.7368495361409,0.732082481750297,-6.67683802296782,0.694768206874322,S8_34402341,8,75.47769685,6.16409171370361,S8_35052832,8,76.31598304,0,te_residual_total_26_BP14,diff,BP,14,comp_ratio
S8_35052832,8,76.31598304,16.6717887276005,0.728546078675194,6.65312799736355,0.693979225000145,1,8,75.71617516,0,3,8,76.78710147,7.83665308364507,te_residual_total_26_BP14,diff,BP,14,comp_ratio
S2_46820675,2,113.8524469,3.33388171960714,8.63542000038435,-5946.01922699327,1492.17193280749,S2_45205644,2,100.5702577,1.49041578995816,S2_47321091,2,118.5659378,1.54373498953835,te_residual_total_27_BP14,diff,BP,14,comp_diff
S4_30351975,4,56.40459876,12.9758424612007,4.11346316245316,11.4887638715729,1.40387219243632,93,4,53.15750488,0.86765497922228,95,4,57.16528154,0,te_residual_total_27_BP14,diff,BP,14,comp_ratio
S4_30500340,4,57.16528154,12.4157721947376,3.90447621731772,-11.1632926009938,1.4001320328559,S4_30351975,4,56.40459876,0,S4_30807117,4,57.64451174,4.43411060790766,te_residual_total_27_BP14,diff,BP,14,comp_ratio
S4_35707726,4,70.46479416,8.33755781585556,2.47466291964255,-5.29797202117435,0.83466020838271,S4_35166031,4,68.61299499,1.9555690081496,S4_35964582,4,71.9228824,0,te_residual_total_27_BP14,diff,BP,14,comp_ratio
S4_35964582,4,71.9228824,6.95432993662314,2.02448783233825,4.82955276872632,0.841215767955408,S4_35926512,4,71.23521902,1.34414162918024,S4_36187525,4,73.73135259,2.03747262784196,te_residual_total_27_BP14,diff,BP,14,comp_ratio
S7_34497735,7,128.3076132,59.4916490832771,39.1685630786167,-68.7036850296813,2.72062877082141,S7_34410954,7,127.7621401,6.56339306394225,S7_34504503,7,128.5793066,0,te_residual_total_27_BP14,diff,BP,14,comp_ratio
S7_34504503,7,128.5793066,60.1712685591031,40.0778092918249,68.6085977046837,2.68586778434718,S7_34497850,7,128.3076143,0.287516169623402,S7_34660510,7,129.4165529,10.4349431374868,te_residual_total_27_BP14,diff,BP,14,comp_ratio
S8_34451704,8,75.71617411,61.4169695878922,41.7884917239411,69.9538873932226,2.681893821924,S8_34402341,8,75.47769685,12.1248602197701,S8_35052832,8,76.31598304,-3.5527136788005e-15,te_residual_total_27_BP14,diff,BP,14,comp_ratio
S8_35052832,8,76.31598304,60.4767216929062,40.4919519060353,-69.5814773275693,2.70998797351083,S8_34680061,8,75.71617516,2.46522592124396,S8_35117383,8,76.78710147,8.59970862454806,te_residual_total_27_BP14,diff,BP,14,comp_ratio
S9_52013831,9,141.4757725,82.0233180972791,80.327583140736,-69.2582357605376,1.91512510194793,S9_51941651,9,140.7152893,10.3041113760799,S9_52142241,9,142.2289847,2.66453525910038e-15,te_residual_total_27_BP14,diff,BP,14,comp_ratio
S9_52142241,9,142.2289847,82.1760202983198,80.7010345511429,69.687273470921,1.92252500159321,S9_52013831,9,141.4757725,0,S9_52254840,9,144.4352927,3.27442214975214,te_residual_total_27_BP14,diff,BP,14,comp_ratio
S8_26724123,8,54.27690452,9.13844272560834,18.4303894186256,-3.67992023735879,0.540542680681639,S8_25757996,8,53.92996295,7.39306853658998,S8_27314126,8,55.35942001,0,te_residual_total_28_BP14,diff,BP,14,comp_ratio
S8_27314126,8,55.35942001,9.51630774141048,19.2951000480487,3.77294285786746,0.541646014416956,S8_26724123,8,54.27690452,8.88178419700125e-16,S8_27544291,8,55.87079219,7.72479409033592,te_residual_total_28_BP14,diff,BP,14,comp_ratio
S9_325416,9,1.295506313,7.25658555682184,14.2533034269752,-6.46538314006666,1.07992934526242,S9_275711,9,0.370690221,2.24522469239657,S9_364265,9,1.528074606,0,te_residual_total_28_BP14,diff,BP,14,comp_ratio
S9_364265,9,1.528074606,6.39071061684515,12.4017266322873,6.08230633427177,1.0891458824587,S9_325416,9,1.295506313,0,S9_469107,9,3.867514034,1.87855914793662,te_residual_total_28_BP14,diff,BP,14,comp_ratio
S2_42765994,2,86.67570213,125.762609247498,95.6565880304375,-106.284079799626,1.53208782291661,S2_42487620,2,85.66812681,13.929944625084,S2_42812846,2,87.01798226,3.5527136788005e-15,te_residual_total_29_BP14,diff,BP,14,comp_ratio
S2_42812846,2,87.01798226,125.490598424025,94.9302510516391,106.029010588045,1.53419189522284,S2_42765994,2,86.67570213,-5.32907051820075e-15,S2_43092506,2,89.42512655,4.03801201131859,te_residual_total_29_BP14,diff,BP,14,comp_ratio
S3_1704807,3,10.44121627,13.2399693103288,1.41476843042032,-15635415.8943772,1853198.13466676,S3_1475874,3,9.449682849,0.195782739278556,S3_1723150,3,10.44121732,3.87628460885026e-07,te_residual_total_29_BP14,diff,BP,14,comp_ratio
S3_1723150,3,10.44121732,13.2399693103288,1.4147684797117,15635416.2376158,1853198.14403459,1,3,10.44121627,0,3,3,11.07765808,1.57140148493255,te_residual_total_29_BP14,diff,BP,14,comp_ratio
S2_10670060,2,36.25071652,3.72952590767335,5.32898451478849,-3.38138091374708,0.812294591513112,S2_6876951,2,30.58221847,1.70136315683571,S2_12735126,2,37.20641651,0.780524505343966,te_residual_total_30_BP14,diff,BP,14,comp_ratio
S2_46014879,2,106.7975269,4.75903053748665,6.89733389999814,-4.73716945532841,1.00027632249509,S2_45664611,2,102.3964743,0.153024331536649,S2_46205850,2,108.8915883,0.68375513398388,te_residual_total_30_BP14,diff,BP,14,comp_ratio
S2_46330162,2,110.0512956,8.88668476044296,13.643642380711,11.0358632540131,1.65684865872314,S2_46205850,2,108.8915883,5.1720190258057,S2_46462460,2,111.1160166,0,te_residual_total_30_BP14,diff,BP,14,comp_ratio
S2_46462460,2,111.1160166,5.05519033516781,7.35666487743565,-7.18258691782317,1.46852754698101,1,2,110.0512956,0,5,2,112.8190907,2.87754938797127,te_residual_total_30_BP14,diff,BP,14,comp_ratio
S4_38961504,4,91.51425392,7.75053804343096,11.710849442679,11.3355461803471,1.83691874308075,S4_38915398,4,90.54365473,4.28977229320073,S4_39004961,4,92.23318265,0,te_residual_total_30_BP14,diff,BP,14,comp_ratio
S4_39004961,4,92.23318265,8.52704881203503,13.025389290685,-11.4627447291496,1.76130658474971,S4_38961504,4,91.51425392,0,S4_39084412,4,93.68136405,2.69920688354193,te_residual_total_30_BP14,diff,BP,14,comp_ratio
S1_1105411,1,6.92790792,8.49245557911505,8.5836291760685,-3.32230289492575,0.510684945953655,S1_1004313,1,5.904596741,3.27139284818634,S1_1327456,1,7.43171635,0,te_residual_total_31_BP14,diff,BP,14,comp_ratio
S1_1327456,1,7.43171635,9.59840166383054,9.86178786549498,3.56561530428574,0.511335519722653,S1_1130602,1,6.92790897,0.000884268890178674,S1_1402842,1,7.807458501,5.96186224324507,te_residual_total_31_BP14,diff,BP,14,comp_ratio
S1_8565051,1,46.26049282,17.972999769675,20.9623217639032,-7.34590350414288,0.722561525041819,S1_8514893,1,46.02691409,7.29917991806983,S1_8954833,1,46.49399916,0,te_residual_total_31_BP14,diff,BP,14,comp_ratio
S1_8954833,1,46.49399916,9.01905755738939,9.18722090388611,6.85390801410066,1.01834631658645,S1_8565051,1,46.26049282,0,S1_9045463,1,46.72735214,0,te_residual_total_31_BP14,diff,BP,14,comp_ratio
S1_9045463,1,46.72735214,15.574212742014,17.5083533021867,-9.45008613330446,1.01709711151342,1,1,46.49399916,0,3,1,46.98188393,0,te_residual_total_31_BP14,diff,BP,14,comp_ratio
S1_9533519,1,46.98188393,28.4675301921668,39.1762337127186,10.01180399739,0.720361183129364,S1_9045463,1,46.72735214,-1.77635683940025e-15,S1_10192209,1,48.8600334,1.16862636186063,te_residual_total_31_BP14,diff,BP,14,comp_ratio
S2_4123763,2,20.67387859,11.9098529975587,0.197025690557766,9.04757537454763,1.17131664619448,S2_3774204,2,18.96841137,2.25214107916779,S2_4217718,2,20.91597796,0,te_residual_total_32_BP14,diff,BP,14,comp_ratio
S2_4217718,2,20.91597796,12.6070201106585,0.210771395441071,-9.23741659930825,1.15624063867902,S2_4123763,2,20.67387859,0,S2_4467479,2,21.67085011,5.82354397023479,te_residual_total_32_BP14,diff,BP,14,comp_ratio
S2_27222376,2,44.63513809,146.377604508401,31.4652255356409,197.307527620026,2.02130460192651,S2_27211567,2,44.38998644,9.88182821637008,S2_27349551,2,44.88155084,0,te_residual_total_32_BP14,diff,BP,14,comp_ratio
S2_27349551,2,44.88155084,146.896414446677,31.9429024377182,-197.484914763699,2.00793788538023,S2_27222376,2,44.63513809,1.4210854715202e-14,S2_27635604,2,45.12641895,11.9419840274228,te_residual_total_32_BP14,diff,BP,14,comp_ratio
S6_28180465,6,49.08388502,160.914072861336,47.9381627311188,197.065387263305,1.63558527907678,S6_27920797,6,48.34207023,4.86269217849066,S6_28941564,6,49.82321505,0.0152221652110995,te_residual_total_32_BP14,diff,BP,14,comp_ratio
S6_29065113,6,49.8232161,160.242669769548,47.0170843274336,-196.971647672497,1.65074277675314,S6_28180465,6,49.08388502,-1.4210854715202e-14,S6_30703582,6,56.23729456,1.14664705645076,te_residual_total_32_BP14,diff,BP,14,comp_ratio
S8_31151987,8,65.6157112,10.1981919424589,0.16441782242255,-5.87330081162498,0.832360252334647,S8_30949043,8,63.95037936,3.09139568817619,S8_31419582,8,66.1491984,0,te_residual_total_32_BP14,diff,BP,14,comp_ratio
S8_31419582,8,66.1491984,13.4001112846,0.226745319631817,8.37392302325099,1.010562860506,1,8,65.6157112,0,4,8,66.85008228,1.8457363449505,te_residual_total_32_BP14,diff,BP,14,comp_ratio
S8_31662547,8,67.16146163,4.25406517173846,0.0628114780358686,-2.52879861218361,0.579826783600626,3,8,66.85008333,2.48427806491728,5,8,67.79334939,2.26348025766092,te_residual_total_32_BP14,diff,BP,14,comp_ratio
S9_2705209,9,19.90209146,182.801161424629,90.0766308563135,197.110972585168,1.1934611013138,S9_2316603,9,17.74434082,2.88188160087208,S9_2789821,9,20.35988815,2.22044604925031e-15,te_residual_total_32_BP14,diff,BP,14,comp_ratio
S9_2789821,9,20.35988815,185.191529541443,96.4852207271032,-197.106792242485,1.15312059144348,S9_2705209,9,19.90209146,-1.19904086659517e-14,S9_3241026,9,22.7407872,6.0184385362748,te_residual_total_32_BP14,diff,BP,14,comp_ratio
S9_7478538,9,36.4077051,146.414962544412,31.4993853610544,-197.529052921442,2.02247646375923,S9_7218054,9,35.91475039,28.2531522274896,S9_7783026,9,36.65100204,27.9828169563375,te_residual_total_32_BP14,diff,BP,14,comp_ratio
S9_7908609,9,36.65100309,147.516155908569,32.5228783493768,197.652273296019,1.99164009624033,S9_7478538,9,36.4077051,7.105427357601e-15,S9_8182398,9,37.12013546,9.8018641018803,te_residual_total_32_BP14,diff,BP,14,comp_ratio
