S2_44257418,2,94.71205672,6.44091243686947,16.0895463905121,25.4516768174865,4.42796820424242,S2_43563669,2,90.6458407,3.78247303242223,S2_45156658,2,100.2097111,3.80507380513298,wue_total_17_BP14,dry,BP,14,raw
S5_38228097,5,92.3513435,6.02866859451097,14.9152225972281,-27.3895317424073,4.94913991537999,S5_37997803,5,91.36022511,4.52387647990387,S5_38859599,5,93.79879919,3.8722675521349,wue_total_17_BP14,dry,BP,14,raw
S5_43714262,5,109.7001769,3.72354801078898,8.73319130611115,-21.4164892236613,5.05733574023819,40,5,107.8767063,1.73926528231489,48,5,116.340362,2.09145944885326,wue_total_17_BP14,dry,BP,14,raw
S2_45043544,2,98.51301522,10.4094677544233,18.4211213298269,27.2607879267213,3.71238400266288,S2_44209808,2,93.99718694,8.13661482638549,S2_45156658,2,100.2097111,8.73035079487806,wue_total_18_BP14,dry,BP,14,raw
S5_38761953,5,93.06952405,10.4060486050837,18.4141992297841,-27.4830663298078,3.74335734263929,S5_37793477,5,91.11566475,8.64542606992137,S5_38859599,5,93.79879919,8.58487835272344,wue_total_18_BP14,dry,BP,14,raw
S9_6184858,9,32.79210864,4.17133575845698,6.7789006935045,18.1264177929779,4.06916096477909,S9_5497941,9,31.29811037,2.23807837820236,S9_10073675,9,45.61491815,0.857259998239666,wue_total_18_BP14,dry,BP,14,raw
S2_45043544,2,98.51301522,10.3761503986608,18.3384847007934,23.368412181952,3.18815882619218,S2_44209808,2,93.99718694,7.69224881278856,S2_45156658,2,100.2097111,8.75184382835239,wue_total_19_BP14,dry,BP,14,raw
S5_38761953,5,93.06952405,9.34388068514187,16.2803656258755,-22.2017880430116,3.21475842557404,S5_37793477,5,91.11566475,7.732253065417,S5_38859599,5,93.79879919,7.52860326037278,wue_total_19_BP14,dry,BP,14,raw
S9_6184858,9,32.79210864,5.62703566177411,9.31859687150074,18.2589046178948,3.49455536812775,S9_5633611,9,31.52841363,3.77774609391549,S9_9448732,9,40.40441084,4.07437566115442,wue_total_19_BP14,dry,BP,14,raw
S2_45043544,2,98.51301522,10.267040229329,18.1751756187285,21.1483062418342,2.90274993880468,S2_44687927,2,96.29854627,8.25469014704614,S2_45156658,2,100.2097111,8.6435660900287,wue_total_20_BP14,dry,BP,14,raw
S5_38761953,5,93.06952405,8.56125425678031,14.8033737241051,-19.2453152231542,2.92696830109065,S5_37547988,5,90.62443011,6.31345318833648,S5_39769571,5,94.51587447,6.76233023602115,wue_total_20_BP14,dry,BP,14,raw
S9_6184858,9,32.79210864,6.48822082497014,10.9053537996462,17.9559397606643,3.18171739050335,S9_5633611,9,31.52841363,4.30594436214553,S9_9448732,9,40.40441084,4.67289397607364,wue_total_20_BP14,dry,BP,14,raw
S2_45043544,2,98.51301522,9.97056285653269,17.6960916431766,19.6153135805951,2.73767576163347,S2_44687927,2,96.29854627,7.84048693125504,S2_45156658,2,100.2097111,8.36193032919161,wue_total_21_BP14,dry,BP,14,raw
S5_38761953,5,93.06952405,8.16511445290002,14.1360862470572,-17.6778548487884,2.76051686913998,S5_37547988,5,90.62443011,6.11523029216849,S5_39769571,5,94.51587447,6.50015204967941,wue_total_21_BP14,dry,BP,14,raw
S9_6184858,9,32.79210864,6.8824769952095,11.7083505193629,17.4886550205347,3.00077883523635,S9_5633611,9,31.52841363,4.52923222041687,S9_9448732,9,40.40441084,4.92344993055857,wue_total_21_BP14,dry,BP,14,raw
S2_45043544,2,98.51301522,9.62240038802303,17.194347097659,18.5610558674499,2.64332894196565,S2_44784129,2,96.94547802,8.0745153857577,S2_45156658,2,100.2097111,8.05136861568957,wue_total_22_BP14,dry,BP,14,raw
S5_38761953,5,93.06952405,7.73217990302119,13.4624914725204,-16.5607861178368,2.66538289056856,S5_37547988,5,90.62443011,5.8278140903788,S5_40217512,5,94.99303793,6.20496193420908,wue_total_22_BP14,dry,BP,14,raw
S9_6184858,9,32.79210864,7.07698969242864,12.2119124931031,17.1456380796221,2.8973648577308,S9_5686516,9,31.99307473,5.54749239600196,S9_7142713,9,35.91474829,5.25678277826585,wue_total_22_BP14,dry,BP,14,raw
S2_44908249,2,97.68940295,9.21450059168919,16.7939639393345,17.849483525249,2.60495826934121,S2_44784129,2,96.94547802,7.6738420431402,S2_45156658,2,100.2097111,7.54590837496825,wue_total_23_BP14,dry,BP,14,raw
S5_38761953,5,93.06952405,7.55266649437314,13.4548248774283,-16.2917132937132,2.65631428700136,S5_37547988,5,90.62443011,5.77907427664217,S5_41101118,5,96.20937263,5.75183555028927,wue_total_23_BP14,dry,BP,14,raw
S9_6184858,9,32.79210864,6.54681998492794,11.5039704000715,16.3649126374827,2.88563593523323,S9_5633611,9,31.52841363,4.30454173755617,S9_9448732,9,40.40441084,4.69812012627716,wue_total_23_BP14,dry,BP,14,raw
S2_44908249,2,97.68940295,8.23455846967058,14.1225292115477,16.1275295581359,2.51399270031115,S2_44687927,2,96.29854627,5.81218240745585,S2_45980428,2,106.3362737,4.78208463893846,wue_total_24_BP14,dry,BP,14,raw
S5_38761953,5,93.06952405,7.81965790450611,13.3349399723602,-15.9175573372977,2.55348491797572,S5_37793477,5,91.11566475,6.24372962610514,S5_41999990,5,100.4130166,6.19368932315565,wue_total_24_BP14,dry,BP,14,raw
S9_6184858,9,32.79210864,6.43272077624767,10.7640746102052,15.5023505396965,2.76797147292034,S9_5633611,9,31.52841363,4.45023640826441,S9_9448732,9,40.40441084,4.42843134680008,wue_total_24_BP14,dry,BP,14,raw
S9_46250912,9,124.0052113,3.29347981222554,5.28212272564623,9.81228610710582,2.50102691715695,S9_44824838,9,120.6362359,1.39771594193792,S9_52013831,9,141.4757725,1.38551763425394,wue_total_24_BP14,dry,BP,14,raw
S2_44908249,2,97.68940295,7.63778250040015,13.5631022603001,15.2929966879873,2.48542199696199,S2_44687927,2,96.29854627,5.40735810979875,S2_45980428,2,106.3362737,4.3624257037953,wue_total_25_BP14,dry,BP,14,raw
S5_38761953,5,93.06952405,6.71274544185433,11.7708400831369,-14.4988730296195,2.52940037268007,S5_36742284,5,89.1281049,4.82883211446948,S5_41999990,5,100.4130166,5.09878225301052,wue_total_25_BP14,dry,BP,14,raw
S9_6184858,9,32.79210864,5.31713394778981,9.1485319194088,13.8408371112253,2.73888447990473,S9_5633611,9,31.52841363,3.60233351519317,S9_9448732,9,40.40441084,3.37777406729951,wue_total_25_BP14,dry,BP,14,raw
S9_46528686,9,124.3534958,3.77066624377087,6.35369051398425,10.4150124556822,2.47305529379389,S9_45322472,9,122.0030918,2.22297578106295,S9_50756637,9,138.0504115,1.47679397261651,wue_total_25_BP14,dry,BP,14,raw
S2_44908249,2,97.68940295,6.82216152532196,12.6601428489,14.3036534901728,2.47340712602418,S2_42812846,2,87.01798226,4.75194622734599,S2_45980428,2,106.3362737,3.79909311391521,wue_total_26_BP14,dry,BP,14,raw
S5_38761953,5,93.06952405,5.37409125753879,9.77857650427112,-12.7933104024765,2.51717290489813,S5_36726739,5,88.88556146,3.76821991656878,S5_41999990,5,100.4130166,3.86629986849994,wue_total_26_BP14,dry,BP,14,raw
S9_6184858,9,32.79210864,4.07022108377211,7.27677667880592,11.9500790679273,2.72564433884218,34,9,30.60506955,2.14398385533186,63,9,40.40441084,2.48323658714575,wue_total_26_BP14,dry,BP,14,raw
S9_46501439,9,124.3534948,4.06060523512058,7.25864510475911,10.776783144568,2.46110018091958,S9_45322472,9,122.0030918,2.30688693766415,S9_50393843,9,136.5093366,2.2625490846954,wue_total_26_BP14,dry,BP,14,raw
S2_44908249,2,97.68940295,5.51039357915678,11.3043879057591,12.9686138378448,2.51016747147781,S2_42765994,2,86.67570213,3.61550223723329,S2_45322381,2,101.3191103,3.98083445274529,wue_total_27_BP14,dry,BP,14,raw
S5_39769571,5,94.51587447,4.18190090648464,8.42635958819494,-11.3945945435663,2.5545331723686,S5_34757068,5,84.36015726,2.19571471862539,S5_43769059,5,111.9145952,2.30001827556824,wue_total_27_BP14,dry,BP,14,raw
S9_46528686,9,124.3534958,4.21680115078984,8.50067990836307,11.2332764097948,2.50733451166348,S9_45818943,9,122.8442473,2.67666350871095,S9_50024273,9,134.179624,2.64989921346688,wue_total_27_BP14,dry,BP,14,raw
S2_44908249,2,97.68940295,4.80165967041922,9.99028343106764,11.8439740332697,2.46765876657818,S2_42765994,2,86.67570213,3.2779105620885,S2_46820675,2,113.8524469,2.70047784937929,wue_total_28_BP14,dry,BP,14,raw
S5_39769571,5,94.51587447,3.63239466884074,7.43934286974771,-10.4012294896048,2.51127315144082,S5_34757068,5,84.36015726,1.90463718794693,S5_43769059,5,111.9145952,1.96109310948542,wue_total_28_BP14,dry,BP,14,raw
S9_46501439,9,124.3534948,4.35670889430875,9.01023562055743,11.2353393016201,2.4648737566053,S9_45818943,9,122.8442473,2.72333301740101,S9_50024273,9,134.179624,2.71066821893048,wue_total_28_BP14,dry,BP,14,raw
S2_1456283,2,4.608227826,3.63072404155029,7.55365168612177,-12.1985909394442,2.94593876286685,S2_697842,2,1.200339294,0.619753586780202,S2_2777337,2,13.70429638,1.5745797831657,wue_total_29_BP14,dry,BP,14,raw
S2_44908249,2,97.68940295,4.28123335199546,8.98537898529177,11.1379068338596,2.46619779540989,S2_42024286,2,84.3810523,2.7669047685539,S2_46901860,2,114.5694173,2.44632989095688,wue_total_29_BP14,dry,BP,14,raw
S9_46501439,9,124.3534948,3.62228878545923,7.53524766764669,10.1065169504563,2.44368524894869,S9_45111643,9,121.5748333,1.98625632114507,S9_47635177,9,127.545358,1.97031059692391,wue_total_29_BP14,dry,BP,14,raw
S2_1456283,2,4.608227826,4.1419389004664,8.75902521882586,-13.2455318383004,2.98458558591295,S2_776895,2,3.196301789,2.45943525654379,S2_2777337,2,13.70429638,1.7544316391593,wue_total_30_BP14,dry,BP,14,raw
S2_44908249,2,97.68940295,3.46940605671127,7.27071658829804,10.110684681951,2.50054389721538,S2_33448706,2,57.13183029,1.90128969345693,S2_46901860,2,114.5694173,1.8969515056914,wue_total_30_BP14,dry,BP,14,raw
S9_46250912,9,124.0052113,3.63514910320083,7.6350481950704,10.2753865144081,2.47990360760491,S9_45111643,9,121.5748333,1.96435177707316,S9_47635177,9,127.545358,1.91158349510347,wue_total_30_BP14,dry,BP,14,raw
S2_1456283,2,4.608227826,3.29030131065132,8.06532818438422,-12.2312530369674,3.09861651494649,S2_776895,2,3.196301789,1.77364559868262,S2_46820675,2,113.8524469,1.77348685950085,wue_total_31_BP14,dry,BP,14,raw
S9_46250912,9,124.0052113,3.51538386319848,8.64459904425514,10.5701287727689,2.5865194782569,S9_32642555,9,84.24856053,1.70695388110222,S9_50024273,9,134.179624,1.41279034613373,wue_total_31_BP14,dry,BP,14,raw
S2_1558172,2,5.312472497,3.14187958294854,8.44450914925923,-13.1386653635779,3.39898099733181,S2_900784,2,3.423931565,1.6170546186252,S2_2777337,2,13.70429638,1.50640232180837,wue_total_32_BP14,dry,BP,14,raw
S2_1558172,2,5.312472497,3.37758520569323,9.36034529527927,-13.805325964724,3.44197643179132,S2_900784,2,3.423931565,1.60919284271904,S2_3774204,2,18.96841137,1.41097510829376,wue_total_33_BP14,dry,BP,14,raw
S9_34338749,9,87.94089861,3.78807756486979,10.5689096353819,12.2642590346241,2.87761960800152,S9_32642555,9,84.24856053,2.213210612356,S9_47635177,9,127.545358,1.81627337861062,wue_total_33_BP14,dry,BP,14,raw
S2_44784129,2,96.94547802,10.0561935525725,14.0824313917724,20.4063096933359,2.85632366396703,S2_44209808,2,93.99718694,7.4169936717341,S2_45043544,2,98.51301522,7.66987969733892,wue_total_17_BP14,wet,BP,14,raw
S3_7345986,3,47.38986671,5.35073453354826,7.0148167687278,14.5182776244843,2.87931180448465,S3_6422015,3,45.16807388,3.62157213990857,S3_12575474,3,56.22627443,3.70946228499063,wue_total_17_BP14,wet,BP,14,raw
S5_42739726,5,104.1345531,9.83217749832006,13.7251436400235,-22.5301477531784,3.1943857314947,S5_42719546,5,103.4003774,7.09995495851269,S5_43575577,5,107.8767063,7.32856262692336,wue_total_17_BP14,wet,BP,14,raw
S7_17165775,7,34.01418423,3.85667782087742,4.95273504099936,-12.0827282837746,2.85183390721171,S7_14776325,7,25.13741186,1.59727095689973,S7_17924954,7,42.95527033,2.27535292666987,wue_total_17_BP14,wet,BP,14,raw
S7_32133319,7,99.94477983,7.73002841578207,10.4759380957675,-25.9051068637551,4.20407730270519,S7_31956171,7,96.48121012,4.37126235702433,S7_32940091,7,101.9471039,4.878155873753,wue_total_17_BP14,wet,BP,14,raw
S9_6295446,9,33.93753681,3.27906370175583,4.17762193253867,12.6240332294018,3.2442575825283,S9_4775142,9,30.60506955,1.14818488647502,S9_8182398,9,37.12013546,1.38908250327741,wue_total_17_BP14,wet,BP,14,raw
S2_44784129,2,96.94547802,11.08457607069,15.3666793800681,20.4235054339887,2.70309738243313,S2_44257418,2,94.71205672,9.58374085490203,S2_45043544,2,98.51301522,8.63342009469498,wue_total_18_BP14,wet,BP,14,raw
S3_7345986,3,47.38986671,5.87618746742184,7.57089259076113,14.4509065731454,2.7248523386243,S3_6422015,3,45.16807388,3.7663811435149,S3_10923979,3,54.12476288,4.20597054520648,wue_total_18_BP14,wet,BP,14,raw
S5_42739726,5,104.1345531,9.39255919253169,12.7125404342005,-20.7747776353013,3.02302425728422,S5_40241123,5,95.22743843,7.59199811313756,S5_43769059,5,111.9145952,6.40510481401087,wue_total_18_BP14,wet,BP,14,raw
S7_17165775,7,34.01418423,3.63856104547402,4.54502174462341,-11.0898344532864,2.69884847566537,S7_14776325,7,25.13741186,1.55486304669842,S7_17944289,7,43.32050333,1.8299347795532,wue_total_18_BP14,wet,BP,14,raw
S7_32133319,7,99.94477983,8.34495798495057,11.129193407904,-25.5820527697099,3.97855134540579,110,7,96.48121012,5.0544652491289,112,7,101.9471039,5.24492500198567,wue_total_18_BP14,wet,BP,14,raw
S9_6368482,9,33.93753786,3.41078178124441,4.24716406080404,12.1954462745373,3.07022073447315,S9_5633611,9,31.52841363,1.77203413013184,S9_8182398,9,37.12013546,1.46043985316959,wue_total_18_BP14,wet,BP,14,raw
S2_44477541,2,95.90686042,10.6923802465819,14.6360459461272,19.8511985021459,2.68256730754023,S2_44209808,2,93.99718694,8.68446769587176,S2_45043544,2,98.51301522,8.61306594510149,wue_total_19_BP14,wet,BP,14,raw
S3_7345986,3,47.38986671,5.50895857922124,7.01154932994604,13.823940457281,2.69898602044631,S3_6422015,3,45.16807388,3.36440882424634,S3_12575474,3,56.22627443,3.65261848514811,wue_total_19_BP14,wet,BP,14,raw
S5_32958541,5,79.48545407,3.06392599040001,3.77017872861454,-10.965793249021,2.9196773548571,S5_28701251,5,68.83338093,1.56097064509036,S5_42739726,5,104.1345531,0,wue_total_19_BP14,wet,BP,14,raw
S5_42739726,5,104.1345531,5.36799657298883,6.81878780757253,-16.3194454429602,3.23093027834326,S5_41688423,5,99.18153707,2.95184062655806,S5_43769059,5,111.9145952,3.35503476404928,wue_total_19_BP14,wet,BP,14,raw
S7_32133319,7,99.94477983,7.54620938693146,9.8812106143328,-23.9909136848607,3.94564027169172,S7_31956171,7,96.48121012,5.12291496992182,S7_32940091,7,101.9471039,4.55506067951024,wue_total_19_BP14,wet,BP,14,raw
S9_6295446,9,33.93753681,3.70006631764224,4.59295624240889,12.6085592267235,3.04155088359755,S9_4775142,9,30.60506955,1.84244792776218,S9_8182398,9,37.12013546,1.57099952408013,wue_total_19_BP14,wet,BP,14,raw
S2_44784129,2,96.94547802,10.6998611225931,17.0604015266566,21.2097874931768,2.84758768538886,S2_44209808,2,93.99718694,8.16671791282458,S2_45043544,2,98.51301522,8.56929510818742,wue_total_20_BP14,wet,BP,14,raw
S3_7671407,3,48.57267674,6.72978555654375,10.1470774266626,16.2873125842811,2.83540014568436,S3_7261171,3,47.15534623,5.15573019439858,S3_8325193,3,50.73315615,4.60071923335079,wue_total_20_BP14,wet,BP,14,raw
S5_42739726,5,104.1345531,8.06956057979749,12.3974904029835,-20.1328144459643,3.17083040200889,S5_42719546,5,103.4003774,5.58857488954917,S5_43240044,5,106.0943485,6.19404982696457,wue_total_20_BP14,wet,BP,14,raw
S7_32133319,7,99.94477983,7.96658441011289,12.2216095057208,-26.3976983158789,4.18733080987588,S7_31956171,7,96.48121012,4.67423185675699,S7_32940091,7,101.9471039,5.19834582902213,wue_total_20_BP14,wet,BP,14,raw
S2_44784129,2,96.94547802,11.3564137130687,18.1807783569039,21.9117921423599,2.84223585864453,S2_44257418,2,94.71205672,9.75198147738368,S2_45043544,2,98.51301522,9.33186452615811,wue_total_21_BP14,wet,BP,14,raw
S3_7671407,3,48.57267674,6.73226109815225,10.0976840934393,16.259972410783,2.83007122450368,S3_7261171,3,47.15534623,5.10774644949988,S3_8325193,3,50.73315615,4.64612005759239,wue_total_21_BP14,wet,BP,14,raw
S5_42739726,5,104.1345531,8.0515057385271,12.3014699560737,-20.0699400815406,3.16487106490603,S5_41688423,5,99.18153707,5.72927697885893,S5_43054075,5,105.0885057,6.52905279737459,wue_total_21_BP14,wet,BP,14,raw
S7_32133319,7,99.94477983,7.61790203901591,11.568432659752,-25.7021285426303,4.17946103675858,S7_31956171,7,96.48121012,4.58474156910134,S7_32940091,7,101.9471039,5.17972181091868,wue_total_21_BP14,wet,BP,14,raw
S2_44784129,2,96.94547802,11.0131359032252,16.2919218571777,20.3026876348796,2.68894207460309,S2_44257418,2,94.71205672,8.76133476477524,S2_45043544,2,98.51301522,9.34873690648186,wue_total_22_BP14,wet,BP,14,raw
S3_10157778,3,52.17926891,4.51572458948265,6.09859844905208,12.8910183766719,2.79052733484979,S3_7095091,3,46.70151328,2.69113316045985,S3_12927099,3,57.64133659,2.29366633203498,wue_total_22_BP14,wet,BP,14,raw
S5_36742284,5,89.1281049,7.35033579295286,10.3259591298581,-16.3316711159176,2.71693655937622,S5_32689421,5,78.6508058,5.8213575451478,S5_42996052,5,104.8464874,5.62344459477312,wue_total_22_BP14,wet,BP,14,raw
S7_32133319,7,99.94477983,6.64883953473696,9.2493730983236,-22.371939716459,3.93243510411193,S7_31956171,7,96.48121012,4.13221338423278,S7_32940091,7,101.9471039,3.91851214886771,wue_total_22_BP14,wet,BP,14,raw
S9_6724364,9,34.93391023,4.13184489182074,5.55065730294594,13.1744795619017,2.9893401394255,S9_5633611,9,31.52841363,2.45731038226457,S9_8182398,9,37.12013546,2.08308032692741,wue_total_22_BP14,wet,BP,14,raw
S2_44784129,2,96.94547802,11.2731333439234,17.1228129289942,20.04497544706,2.61916891504212,S2_44257418,2,94.71205672,8.81986544002827,S2_45156658,2,100.2097111,8.24349789914544,wue_total_23_BP14,wet,BP,14,raw
S3_10157778,3,52.17926891,4.12530632995401,5.66865927150055,11.9691410160475,2.71811822242127,S3_7095091,3,46.70151328,2.32484196640643,S3_12927099,3,57.64133659,1.95350125290646,wue_total_23_BP14,wet,BP,14,raw
S5_36742284,5,89.1281049,7.11245768662275,10.1873423976571,-15.6223540213922,2.64643699381664,S5_32800961,5,79.00989287,5.54498141626093,S5_42757204,5,104.3715333,5.3628917943451,wue_total_23_BP14,wet,BP,14,raw
S7_32133319,7,99.94477983,5.84890766974452,8.23125324225878,-20.3250242271022,3.83039556054056,S7_31956171,7,96.48121012,3.82968373056321,S7_32940091,7,101.9471039,3.61413764319298,wue_total_23_BP14,wet,BP,14,raw
S9_6724364,9,34.93391023,3.97711494017722,5.45386818964172,12.5766269329802,2.91177219606959,S9_4775142,9,30.60506955,1.92274746140665,S9_8182398,9,37.12013546,1.91560568698321,wue_total_23_BP14,wet,BP,14,raw
S2_2504271,2,11.41378601,3.33245834438029,4.32100927877323,-10.4497465799282,2.66290782084875,S2_1368736,2,4.372320354,1.32434603110424,S2_2777337,2,13.70429638,1.73272870849913,wue_total_24_BP14,wet,BP,14,raw
S2_44784129,2,96.94547802,12.5491554378776,18.5179354480469,19.7503050150856,2.43119894381798,S2_44316069,2,95.42815792,10.4358743477601,S2_45156658,2,100.2097111,9.36536719089824,wue_total_24_BP14,wet,BP,14,raw
S3_10157778,3,52.17926891,4.34569205785403,5.71403511391276,11.3806580304776,2.52196407336959,S3_7095091,3,46.70151328,2.58050035741523,S3_12821696,3,56.45293875,2.51342949539837,wue_total_24_BP14,wet,BP,14,raw
S5_36742284,5,89.1281049,5.88392371256303,7.90329686974307,-13.1827769138214,2.48396647037409,S5_32800961,5,79.00989287,4.03743132291412,S5_42757204,5,104.3715333,4.17592554970642,wue_total_24_BP14,wet,BP,14,raw
S7_32133319,7,99.94477983,5.07960772739275,6.7471926991781,-17.4221928915756,3.55291023552171,S7_31814279,7,95.55378553,3.42658392814134,S7_32940091,7,101.9471039,2.86850995060926,wue_total_24_BP14,wet,BP,14,raw
S9_6724364,9,34.93391023,4.01862053938533,5.26018097277711,11.6887795408606,2.69967695204358,S9_4775142,9,30.60506955,2.10726134230903,S9_7783026,9,36.65100204,2.4521871936021,wue_total_24_BP14,wet,BP,14,raw
S2_44908249,2,97.68940295,10.3948342578889,20.2731968323596,19.1179331545493,2.60189485975339,S2_44257418,2,94.71205672,8.61155054671737,S2_45980428,2,106.3362737,7.79943300340896,wue_total_25_BP14,wet,BP,14,raw
S5_36742284,5,89.1281049,5.83349510569186,10.6713655943478,-14.0434842235329,2.6343580024535,S5_32800961,5,79.00989287,3.98196730955968,S5_42366438,5,102.9057427,3.02012790397562,wue_total_25_BP14,wet,BP,14,raw
S9_6724364,9,34.93391023,3.63286467571083,6.44642520761545,11.9411991573632,2.88202929073878,S9_5633611,9,31.52841363,2.0023586460424,S9_9022705,9,39.59727801,1.85849778820835,wue_total_25_BP14,wet,BP,14,raw
S2_44908249,2,97.68940295,8.99460418612406,19.3637008903818,17.3212342906546,2.55175856790486,S2_44257418,2,94.71205672,7.35545882680984,S2_45980428,2,106.3362737,6.89136234031685,wue_total_26_BP14,wet,BP,14,raw
S5_36742284,5,89.1281049,4.88095524615984,9.92100635554214,-12.555415724378,2.58409313125224,S5_32800961,5,79.00989287,3.32122417673398,S5_42085155,5,100.6567954,3.2285206676229,wue_total_26_BP14,wet,BP,14,raw
S2_2504271,2,11.41378601,3.37928642385417,6.27964698129797,-10.0237723071236,2.51276209878001,S2_2158359,2,8.991681526,1.85667912780595,S2_3532599,2,18.00492572,1.82568105335417,wue_total_27_BP14,wet,BP,14,raw
S2_44908249,2,97.68940295,9.89922711805423,20.1471199950148,16.3262640457503,2.28490487538181,S2_44316069,2,95.42815792,8.00011816433594,S2_45156658,2,100.2097111,7.58998965354708,wue_total_27_BP14,wet,BP,14,raw
S5_36742284,5,89.1281049,3.51401462369891,6.54212202600201,-9.5156315228736,2.33703970509969,S5_30043124,5,71.92483855,1.83064181370625,S5_42085155,5,100.6567954,1.97829884614255,wue_total_27_BP14,wet,BP,14,raw
S2_2504271,2,11.41378601,3.51942723222099,6.73755119959818,-9.64426386970526,2.36672159689768,S2_2158359,2,8.991681526,2.00590788955251,S2_3774204,2,18.96841137,1.37138688557189,wue_total_28_BP14,wet,BP,14,raw
S2_44908249,2,97.68940295,9.25462534250141,19.191002062078,14.8007465807259,2.15210732366923,S2_44316069,2,95.42815792,7.49343375116997,S2_45156658,2,100.2097111,7.11161696235005,wue_total_28_BP14,wet,BP,14,raw
S5_36742284,5,89.1281049,2.84423999939474,5.39470362082161,-8.02632161941958,2.20121210263092,S5_26573386,5,64.67695116,1.31645042457818,S5_44418942,5,120.9842738,1.01369553958967,wue_total_28_BP14,wet,BP,14,raw
S2_46536006,2,112.8190907,6.83120721380342,16.8939087881386,12.8710713078465,2.20247714848517,S2_44073549,2,93.52620611,4.35576103303768,S2_46901860,2,114.5694173,4.26257228435127,wue_total_29_BP14,wet,BP,14,raw
S2_46701398,2,113.0877388,6.60186195586039,15.2471627435799,34.591536364462,6.04885912628529,S2_46510178,2,111.3909012,3.62821312146377,S2_46901860,2,114.5694173,1.6636485264327,wue_total_30_BP14,wet,BP,14,raw
S2_47085770,2,115.3816977,3.51168203994901,7.77043605379737,-24.6818661280452,6.04579523187993,S2_46820675,2,113.8524469,0.624687517963567,S2_47747001,2,119.7658657,1.7225429925409,wue_total_30_BP14,wet,BP,14,raw
S2_46701398,2,113.0877388,5.53979656622541,13.9702309508294,31.409964869457,6.03276871849772,S2_46510178,2,111.3909012,3.03811508481738,S2_46901860,2,114.5694173,1.34580567145026,wue_total_31_BP14,wet,BP,14,raw
S2_47085770,2,115.3816977,3.33958954613426,8.15872982361612,-23.992243491125,6.02990684075797,S2_46820675,2,113.8524469,0.399715756954402,S2_47811870,2,119.7658678,2.29583018455411,wue_total_31_BP14,wet,BP,14,raw
S7_9808259,7,10.19550614,3.09427645984004,8.04046902954926,15.5948201001972,4.0689599044573,S7_599523,7,0.479463164,1.39131311376664,S7_12724546,7,19.91262553,1.54828974091982,wue_total_18_BP14,diff,BP,14,comp_diff
S3_7345986,3,47.38986671,3.35903295508798,6.37298264028683,-0.230821533532926,0.0582202972220212,S3_5388323,3,41.08922621,1.24793381426833,S3_10923979,3,54.12476288,1.68893022728908,wue_total_18_BP14,diff,BP,14,comp_ratio
S5_42719546,5,103.4003774,6.54425885372737,12.9761035129562,-1.23844328984922,0.218913950174922,S5_42366438,5,102.9057427,4.78747782206227,S5_42739726,5,104.1345531,0,wue_total_18_BP14,diff,BP,14,comp_ratio
S5_42739726,5,104.1345531,7.63464238711495,15.3706320025693,1.37692673873233,0.223632250892577,S5_42719546,5,103.4003774,0,S5_42757204,5,104.3715333,5.05681408011699,wue_total_18_BP14,diff,BP,14,comp_ratio
S7_32133319,7,99.94477983,7.50637282764448,15.0852620440711,0.520893687323358,0.0853969045718373,S7_31956171,7,96.48121012,2.91117269129071,S7_32940091,7,101.9471039,5.32144932352756,wue_total_18_BP14,diff,BP,14,comp_ratio
S7_32133319,7,99.94477983,6.67677713993761,16.5455151408513,0.413035788149483,0.0715678113814111,S7_31956171,7,96.48121012,2.23468667974956,S7_32940091,7,101.9471039,3.73541644611324,wue_total_19_BP14,diff,BP,14,comp_ratio
S7_9808259,7,10.19550614,3.30988303763469,7.84918527202445,12.4929852736621,3.15642594145206,S7_151566,7,0,1.95936491124139,S7_31429416,7,92.5060333,0.407273973267839,wue_total_20_BP14,diff,BP,14,comp_diff
S7_32133319,7,99.94477983,3.68094137327173,8.77380484675797,18.6579958672396,4.4587453920795,S7_31956171,7,96.48121012,0.936920905104954,S7_32940091,7,101.9471039,1.86081267083633,wue_total_20_BP14,diff,BP,14,comp_diff
S7_32133319,7,99.94477983,3.40539288298337,8.81223857387376,0.0468317239739218,0.0116227971576147,S7_9428033,7,8.555063982,1.73232427055956,S7_32940091,7,101.9471039,1.31582741788312,wue_total_20_BP14,diff,BP,14,comp_rel_diff
S7_32133319,7,99.94477983,7.58015387992392,18.5630089183596,0.353016043833854,0.0570461678720304,S7_31956171,7,96.48121012,2.7315205336298,S7_32940091,7,101.9471039,4.25121252352682,wue_total_20_BP14,diff,BP,14,comp_ratio
S7_9808259,7,10.19550614,3.16348307102814,7.32633354801607,11.6354588942123,3.01004742409089,S7_151566,7,0,1.95519816093725,S7_31429416,7,92.5060333,0.354611910013887,wue_total_21_BP14,diff,BP,14,comp_diff
S7_32133319,7,99.94477983,4.69990598822793,11.1175354803396,20.2470382946556,4.25197211372933,S7_31956171,7,96.48121012,1.55880414131872,S7_32940091,7,101.9471039,2.4764049996174,wue_total_21_BP14,diff,BP,14,comp_diff
S7_32133319,7,99.94477983,4.4489531556847,11.3539528372086,0.0517845801615925,0.0111635407781607,S7_31956171,7,96.48121012,1.15794102499571,S7_32940091,7,101.9471039,1.82187533751148,wue_total_21_BP14,diff,BP,14,comp_rel_diff
S3_10157778,3,52.17926891,3.24169308562824,6.7127457679508,-0.124350474018192,0.0317614793202822,S3_6422015,3,45.16807388,1.38962007753208,S3_12927099,3,57.64133659,1.45484740192879,wue_total_21_BP14,diff,BP,14,comp_ratio
S7_32133319,7,99.94477983,8.97092512527762,20.1184957259928,0.307216885701421,0.0453263456482123,S7_31956171,7,96.48121012,3.73037947456711,S7_32940091,7,101.9471039,5.36144126395828,wue_total_21_BP14,diff,BP,14,comp_ratio
S7_32133319,7,99.94477983,4.76550033134426,12.1108447570145,20.1898224348421,4.19622034525166,S7_31956171,7,96.48121012,1.41832484485322,S7_32940091,7,101.9471039,2.17322392620243,wue_total_22_BP14,diff,BP,14,comp_diff
S7_32133319,7,99.94477983,5.04209490696543,12.7669140344244,0.0531786837095596,0.0107245874200753,S7_31956171,7,96.48121012,1.62824978325834,S7_32940091,7,101.9471039,2.15387914710228,wue_total_22_BP14,diff,BP,14,comp_rel_diff
S2_44784129,2,96.94547802,3.60358027060211,6.22024593712533,-0.0976347196197204,0.0237362360088253,S2_43829684,2,92.81876812,1.85571988913124,S2_45980428,2,106.3362737,1.95386581319494,wue_total_22_BP14,diff,BP,14,comp_ratio
S3_7671407,3,48.57267674,4.40401304231825,7.68626716486538,-0.109536415590999,0.02395588024905,S3_6422015,3,45.16807388,2.17399119328867,S3_10923979,3,54.12476288,2.6944119928744,wue_total_22_BP14,diff,BP,14,comp_ratio
S6_4213734,6,30.6392567,3.16098908363316,5.42316880951542,-0.117454134959172,0.0305810994654494,S6_3758927,6,24.49542742,1.23021287734645,S6_33134238,6,74.06870704,1.65724854208353,wue_total_22_BP14,diff,BP,14,comp_ratio
S7_32133319,7,99.94477983,11.8018071594065,22.8518979236566,0.274846509128921,0.0348610475943237,S7_31956171,7,96.48121012,4.41464178257454,S7_32940091,7,101.9471039,7.7135244716725,wue_total_22_BP14,diff,BP,14,comp_ratio
S7_32133319,7,99.94477983,4.85286201026131,12.3185938967203,19.2124393907673,3.954586262443,S7_31956171,7,96.48121012,1.63328940892654,S7_32940091,7,101.9471039,2.31955715533679,wue_total_23_BP14,diff,BP,14,comp_diff
S7_32133319,7,99.94477983,5.11406990956638,12.9368308557552,0.0523284055720421,0.0104733627822542,S7_31956171,7,96.48121012,1.91587977447307,S7_32940091,7,101.9471039,2.25635774049421,wue_total_23_BP14,diff,BP,14,comp_rel_diff
S2_44784129,2,96.94547802,3.55766195593432,6.57127558855514,-0.0865953156040804,0.0211306031064532,S2_44073549,2,93.52620611,1.92441148630801,S2_46205850,2,108.8915883,1.52848600285718,wue_total_23_BP14,diff,BP,14,comp_ratio
S3_10157778,3,52.17926891,3.39798538232831,6.26256847648334,-0.0869646447627634,0.021737461082755,S3_6422015,3,45.16807388,1.45106901135206,S3_12821696,3,56.45293875,1.77979862538145,wue_total_23_BP14,diff,BP,14,comp_ratio
S7_32133319,7,99.94477983,10.5964803921075,21.5960047821895,0.229334966706085,0.0308692375754469,S7_31956171,7,96.48121012,4.16988012473539,S7_32940091,7,101.9471039,6.42830290451263,wue_total_23_BP14,diff,BP,14,comp_ratio
S7_32133319,7,99.94477983,4.42860105460236,11.3050667686673,17.4096313153802,3.76225105805358,S7_31956171,7,96.48121012,1.51444527767665,S7_32940091,7,101.9471039,2.11368013896148,wue_total_24_BP14,diff,BP,14,comp_diff
S7_32133319,7,99.94477983,4.65775560423927,11.8539459867407,0.048035491285637,0.010105959689115,S7_31956171,7,96.48121012,1.87505748776008,S7_32940091,7,101.9471039,2.05411287320568,wue_total_24_BP14,diff,BP,14,comp_rel_diff
S2_44784129,2,96.94547802,3.6762076417439,6.9120731211003,-0.0767019376547339,0.0183972027768814,S2_44073549,2,93.52620611,1.98503517831754,S2_46205850,2,108.8915883,1.76740548943679,wue_total_24_BP14,diff,BP,14,comp_ratio
S3_10157778,3,52.17926891,3.45967789168615,6.48559369103334,-0.0764317787646031,0.0189255591702387,S3_6422015,3,45.16807388,1.45700610487314,S3_12575474,3,56.22627443,1.95678647595614,wue_total_24_BP14,diff,BP,14,comp_ratio
S7_32133319,7,99.94477983,9.72454421848119,19.8944337106398,0.190099937719068,0.0268760726034263,S7_31956171,7,96.48121012,3.84602915949977,S7_32940091,7,101.9471039,5.84338321801914,wue_total_24_BP14,diff,BP,14,comp_ratio
S7_32133319,7,99.94477983,3.95586261937284,10.1619245370224,15.5541531500393,3.56807493864145,S7_31956171,7,96.48121012,1.34392467969597,S7_32940091,7,101.9471039,1.79580278019989,wue_total_25_BP14,diff,BP,14,comp_diff
S7_32133319,7,99.94477983,4.14158708450653,10.6127768273664,0.0440727769003982,0.00986822359840387,S7_31956171,7,96.48121012,1.70750250917507,S7_32940091,7,101.9471039,1.73687607693402,wue_total_25_BP14,diff,BP,14,comp_rel_diff
S2_44784129,2,96.94547802,3.5340009367084,6.82456526909992,-0.0665074925201377,0.0162857507051316,S2_44073549,2,93.52620611,1.85832693710339,S2_46536006,2,112.8190907,1.87676966654684,wue_total_25_BP14,diff,BP,14,comp_ratio
S3_10157778,3,52.17926891,3.34842352050551,6.44970907631548,-0.0665120090002041,0.0167534674884946,S3_6422015,3,45.16807388,1.40995994431809,S3_10923979,3,54.12476288,1.66759446653486,wue_total_25_BP14,diff,BP,14,comp_ratio
S7_32133319,7,99.94477983,8.70504441512898,18.0649674944493,0.158075906526741,0.0237914982870356,S7_31956171,7,96.48121012,3.45581789830635,S7_32940091,7,101.9471039,5.08313293891297,wue_total_25_BP14,diff,BP,14,comp_ratio
S7_32133319,7,99.94477983,3.22790589360907,8.37275332832198,13.5590158257067,3.46060233729195,S7_9428033,7,8.555063982,0.900550125261415,S7_32940091,7,101.9471039,1.38449527662618,wue_total_26_BP14,diff,BP,14,comp_diff
S7_32133319,7,99.94477983,3.3407871321791,8.65250927531758,0.0375987696312376,0.00942532353581498,S7_31956171,7,96.48121012,1.40438272116988,S7_32940091,7,101.9471039,1.31379648516156,wue_total_26_BP14,diff,BP,14,comp_rel_diff
S2_44784129,2,96.94547802,3.48261717484761,7.67399752611463,-0.0626234217544921,0.0154064931126374,S2_43829684,2,92.81876812,1.67941067565986,S2_46901860,2,114.5694173,1.55935897940357,wue_total_26_BP14,diff,BP,14,comp_ratio
S7_32133319,7,99.94477983,6.78251301193472,15.6447042448723,0.131384200778726,0.0226379602253761,S7_31956171,7,96.48121012,2.46290516845387,S7_32940091,7,101.9471039,3.62382190802281,wue_total_26_BP14,diff,BP,14,comp_ratio
S7_32133319,7,99.94477983,4.82674912515893,12.2565480463962,0.105709851849791,0.021821474621022,S7_31956171,7,96.48121012,2.07936872014596,S7_32940091,7,101.9471039,2.38213700287545,wue_total_27_BP14,diff,BP,14,comp_ratio
S7_32133319,7,99.94477983,3.90020104106019,10.0263618458636,0.0900169036480123,0.0208044090093268,S7_31956171,7,96.48121012,1.6166760874736,S7_32940091,7,101.9471039,1.85622994931592,wue_total_28_BP14,diff,BP,14,comp_ratio
S5_1260152,5,15.00583222,4.10071335762617,9.34774660222464,-9.91147079182415,2.24251348535975,S5_1067770,5,11.9786504,2.43368904878583,S5_2051731,5,20.8274321,1.41270611172213,wue_total_31_BP14,diff,BP,14,comp_diff
S9_45818871,9,122.8442462,5.78264179324961,13.5082496793408,-74.2770341047148,13.9799441921111,S9_45322472,9,122.0030918,3.16953453053031,S9_45932388,9,123.1914723,0.655276091306775,wue_total_31_BP14,diff,BP,14,comp_diff
S9_45959479,9,123.1914733,6.58626917685542,15.5674759801535,79.8125689792875,13.993057257727,S9_45818943,9,122.8442473,0.126682011117687,S9_45986297,9,123.6574313,2.03236251759561,wue_total_31_BP14,diff,BP,14,comp_diff
S5_1260152,5,15.00583222,4.11354067260074,9.31574252952661,-0.0236654643859921,0.00534556282478994,S5_760104,5,9.012439611,1.72834768956715,S5_2051731,5,20.8274321,1.52476908037661,wue_total_31_BP14,diff,BP,14,comp_rel_diff
S9_47635177,9,127.545358,7.31410147193536,17.3561657424121,410.460069308821,67.9252372452,S9_47431030,9,127.0399063,1.98739995541826,S9_48177622,9,127.7999625,0.0106142801430495,wue_total_31_BP14,diff,BP,14,comp_rel_diff
S9_48257823,9,127.7999636,7.31399165968956,17.3558771335318,-410.453252331261,67.9246738822314,S9_47635177,9,127.545358,0,S9_48675151,9,130.9881179,0.00962636570671727,wue_total_31_BP14,diff,BP,14,comp_rel_diff
S5_1260152,5,15.00583222,4.52082693029906,10.4829776056118,-11.3673646368265,2.44174334813883,S5_1137276,5,12.99603071,3.00496378365366,S5_2051731,5,20.8274321,1.53290231364398,wue_total_32_BP14,diff,BP,14,comp_diff
S9_45818871,9,122.8442462,5.30494588539256,12.443199622599,-76.9420349651971,15.1698115294122,S9_45322472,9,122.0030918,3.18451975048284,S9_45932388,9,123.1914723,0.949302694303687,wue_total_32_BP14,diff,BP,14,comp_diff
S9_45959479,9,123.1914733,6.05143707909577,14.3506534837897,82.719902474296,15.1864661250368,S9_45818943,9,122.8442473,0.233603043164182,S9_45986297,9,123.6574313,2.14317639119813,wue_total_32_BP14,diff,BP,14,comp_diff
S5_1260152,5,15.00583222,3.15684028673401,8.63400404361333,-0.0581717754715949,0.0150072089542849,S5_760104,5,9.012439611,0.968072136736483,S5_3305368,5,29.69245615,0.975509500565471,wue_total_32_BP14,diff,BP,14,comp_ratio
S2_33998916,2,58.66933821,6.20513033950201,18.3726120237066,0.204168260733099,0.0366346816451381,S2_33713678,2,58.15369068,2.27393965179436,S2_34165928,2,58.93359384,3.33066907387547e-16,wue_total_33_BP14,diff,BP,14,comp_rel_diff
S2_34165928,2,58.93359384,5.37337072354347,15.6835946434216,-0.187146634305411,0.0363453504957519,S2_33998916,2,58.66933821,2.22044604925031e-16,S2_34544107,2,61.36810537,2.30876464894427,wue_total_33_BP14,diff,BP,14,comp_rel_diff
