,marker,chr,pos,lod,prop.var,additive.fx,additive.fx_se,L.CI_marker,L.CI_chr,L.CI_pos,L.CI_lod,R.CI_marker,R.CI_chr,R.CI_pos,R.CI_lod,trait
1,S5_38228097,5,92.3513435,7.97209229288948,29.9832268888559,-34.5017739709065,0,S5_31260652,1,76.16548797,1.63783023579555,S5_44003086,1,115.1315049,1.38148269940659,dry.wue_total_17_BP14
2,S5_38228097,5,92.3513435,7.02366359384466,16.9636531048133,-26.2661374484088,0,S5_31260652,1,76.16548797,1.63783023579555,S5_44003086,1,115.1315049,1.38148269940659,dry.wue_total_18_BP14
3,S5_38228097,5,92.3513435,6.00638224382269,14.6976248794013,-21.0052187426107,0,S5_31260652,1,76.16548797,1.63783023579555,S5_44003086,1,115.1315049,1.38148269940659,dry.wue_total_19_BP14
4,S5_38228097,5,92.3513435,5.34224195140703,13.1849699118857,-18.0855617436276,0,S5_31260652,1,76.16548797,1.63783023579555,S5_44003086,1,115.1315049,1.38148269940659,dry.wue_total_20_BP14
5,S5_38228097,5,92.3513435,5.02640783717488,12.4562396632736,-16.5236581794633,0,S5_31260652,1,76.16548797,1.63783023579555,S5_44003086,1,115.1315049,1.38148269940659,dry.wue_total_21_BP14
6,S5_38228097,5,92.3513435,4.70334098873943,11.7044920508389,-15.3759609419036,0,S5_31260652,1,76.16548797,1.63783023579555,S5_44003086,1,115.1315049,1.38148269940659,dry.wue_total_22_BP14
7,S5_38228097,5,92.3513435,4.36809031199235,10.9175679232126,-14.60922367765,0,S5_31260652,1,76.16548797,1.63783023579555,S5_44003086,1,115.1315049,1.38148269940659,dry.wue_total_23_BP14
8,S5_38228097,5,92.3513435,3.94476066775317,9.91387148355766,-13.6314270398359,0,S5_31260652,1,76.16548797,1.63783023579555,S5_44003086,1,115.1315049,1.38148269940659,dry.wue_total_24_BP14
9,S5_38228097,5,92.3513435,3.32645973736574,8.42755067198442,-12.1730652015368,0,S5_31260652,1,76.16548797,1.63783023579555,S5_44003086,1,115.1315049,1.38148269940659,dry.wue_total_25_BP14
10,S5_38228097,5,92.3513435,2.64530149322893,6.76172378417679,-10.5558345984718,0,S5_31260652,1,76.16548797,1.63783023579555,S5_44003086,1,115.1315049,1.38148269940659,dry.wue_total_26_BP14
11,S5_38228097,5,92.3513435,2.1118863635645,5.43608496768757,-9.08398249249418,0,S5_31260652,1,76.16548797,1.63783023579555,S5_44003086,1,115.1315049,1.38148269940659,dry.wue_total_27_BP14
12,S5_38228097,5,92.3513435,1.75468360202212,4.53784744186823,-8.06299936090263,0,S5_31260652,1,76.16548797,1.63783023579555,S5_44003086,1,115.1315049,1.38148269940659,dry.wue_total_28_BP14
13,S5_38228097,5,92.3513435,1.41647466750462,3.67951028219011,-7.19062926874439,0,S5_31260652,1,76.16548797,1.63783023579555,S5_44003086,1,115.1315049,1.38148269940659,dry.wue_total_29_BP14
14,S5_38228097,5,92.3513435,1.11395934436984,2.90522277974574,-6.44211594368035,0,S5_31260652,1,76.16548797,1.63783023579555,S5_44003086,1,115.1315049,1.38148269940659,dry.wue_total_30_BP14
15,S5_38228097,5,92.3513435,0.839938993915696,2.3170152337803,-5.58709329868278,0,S5_31260652,1,76.16548797,1.63783023579555,S5_44003086,1,115.1315049,1.38148269940659,dry.wue_total_31_BP14
16,S5_38228097,5,92.3513435,0.692509257961747,1.92580205282669,-5.37318069307748,0,S5_31260652,1,76.16548797,1.63783023579555,S5_44003086,1,115.1315049,1.38148269940659,dry.wue_total_32_BP14
17,S5_38228097,5,92.3513435,0.54921563264458,1.75314375594847,-5.08688983295488,0,S5_31260652,1,76.16548797,1.63783023579555,S5_44003086,1,115.1315049,1.38148269940659,dry.wue_total_33_BP14
