S5_38228097,5,92.3513435,7.00417509668595,26.8866640319689,-1261.56692567085,207.004338434195,S5_37997803,5,91.36022511,5.31155180846498,S5_41265928,5,97.18561608,5.2257912354262,sma_te_residual_total_17_BP14,dry,BP,14,raw
S2_43100924,2,89.4251276,3.54639624315652,7.09793007874657,772.64286202866,188.351202356834,S2_41369346,2,81.77037444,1.68183279572876,S2_45322381,2,101.3191103,1.8989275859584,sma_te_residual_total_18_BP14,dry,BP,14,raw
S5_38228097,5,92.3513435,9.58749723668542,20.8340539852108,-1347.70864889567,191.762896719025,S5_37997803,5,91.36022511,7.9031222199574,S5_38859599,5,93.79879919,7.34519552760909,sma_te_residual_total_18_BP14,dry,BP,14,raw
S2_43100924,2,89.4251276,3.25245989815187,6.63931192856457,882.354471038922,225.049293133526,S2_41369346,2,81.77037444,1.37411865128102,S2_45322381,2,101.3191103,1.61160261563674,sma_te_residual_total_19_BP14,dry,BP,14,raw
S5_38228097,5,92.3513435,8.87742945191561,19.560960090416,-1541.95898551986,229.125717361199,S5_37997803,5,91.36022511,7.25261574798835,S5_38859599,5,93.79879919,6.65550321099921,sma_te_residual_total_19_BP14,dry,BP,14,raw
S5_38228097,5,92.3513435,7.41969470886028,17.8294577794184,-1747.52079794173,286.053415852649,S5_37547988,5,90.62443011,5.31894773075461,S5_41101118,5,96.20937263,5.83283091287469,sma_te_residual_total_20_BP14,dry,BP,14,raw
S5_38502687,5,92.83337609,6.84057853307259,16.5603141049663,-2007.70541419437,343.627420491525,S5_37547988,5,90.62443011,5.00719516635093,S5_41265928,5,97.18561608,5.14486223230442,sma_te_residual_total_21_BP14,dry,BP,14,raw
S5_38502687,5,92.83337609,6.20473980203561,15.1442743524505,-2271.53348091328,409.98810856285,S5_37547988,5,90.62443011,4.60623288044496,S5_42085155,5,100.6567954,4.21372740264489,sma_te_residual_total_22_BP14,dry,BP,14,raw
S5_38502687,5,92.83337609,5.54025344009126,13.6387487564858,-2575.42747947168,494.148293825086,S5_36886697,5,89.87760443,3.68437047146756,S5_42085155,5,100.6567954,4.02229760397978,sma_te_residual_total_23_BP14,dry,BP,14,raw
S5_38502687,5,92.83337609,5.75462259022948,13.3087022244269,-2964.80692889597,558.979151382798,S5_37547988,5,90.62443011,4.21127662467094,S5_42085155,5,100.6567954,3.95725270727039,sma_te_residual_total_24_BP14,dry,BP,14,raw
S7_32133319,7,99.94477983,3.23422369687013,7.22964160374704,3180.98595788431,813.711426935404,S7_31178325,7,89.28412826,0.222070306678974,S7_32940091,7,101.9471039,1.40196620246317,sma_te_residual_total_24_BP14,dry,BP,14,raw
S5_38228097,5,92.3513435,4.55768034519344,10.6265983812007,-3026.657288323,646.42274058393,S5_36886697,5,89.87760443,2.96719890400504,S5_42085155,5,100.6567954,2.76120174370425,sma_te_residual_total_25_BP14,dry,BP,14,raw
S7_32133319,7,99.94477983,3.40726175699489,7.82218671611459,3780.17431654116,941.018690697355,S7_31178325,7,89.28412826,0.238095286535129,S7_32940091,7,101.9471039,1.41855997689141,sma_te_residual_total_25_BP14,dry,BP,14,raw
S1_4203850,1,24.99841678,4.32371525676813,7.74883610667808,-7312.13238008144,1622.17591476078,S1_3674595,1,20.77007968,1.49930698375845,S1_7581125,1,42.74686036,2.41383993120993,sma_te_residual_total_33_BP14,dry,BP,14,raw
S3_3112424,3,21.70283653,4.43962686149063,7.97178335732927,-7437.32746646248,1626.71436333858,S3_1763620,3,11.38674971,2.58373477956728,S3_3652352,3,27.40286465,2.89488869000936,sma_te_residual_total_33_BP14,dry,BP,14,raw
S7_31582647,7,94.06477091,3.58841050440618,6.35375355130046,7881.51389809093,1930.93033001575,S7_31178325,7,89.28412826,1.02879827857372,S7_32940091,7,101.9471039,0.975222856299713,sma_te_residual_total_33_BP14,dry,BP,14,raw
S9_999361,9,9.72015668,4.72552299785054,8.52525403214472,10079.806576136,2131.91887811929,S9_737771,9,6.671656537,2.74971690983122,S9_1353482,9,14.34171004,2.7033169908771,sma_te_residual_total_33_BP14,dry,BP,14,raw
S9_6501061,9,33.93753996,9.13868317042899,17.7480045500649,-12341.8435199493,1809.16180915574,S9_5686516,9,31.99307473,7.15547406799034,S9_8279734,9,37.58932098,7.62504497686757,sma_te_residual_total_33_BP14,dry,BP,14,raw
S9_34338749,9,87.94089861,5.34134137734332,9.73487764026686,8059.80755718551,1595.26032813448,82,9,70.8996913,2.30618287126223,105,9,90.98735546,3.52942890813501,sma_te_residual_total_33_BP14,dry,BP,14,raw
S5_33587455,5,80.92708184,4.75573102613832,12.0875824277445,-2005.65558993767,417.30837885332,S5_28323105,5,67.63176146,3.18579413940756,S5_36228372,5,87.89272881,2.69143760895948,sma_te_residual_total_17_BP14,wet,BP,14,raw
S5_33587455,5,80.92708184,5.01780672385581,12.7095002853012,-2410.75183956316,487.435457897619,S5_28323105,5,67.63176146,3.44282143753603,S5_36228372,5,87.89272881,2.94633080888431,sma_te_residual_total_18_BP14,wet,BP,14,raw
S2_46820675,2,113.8524469,3.226572075212,7.30685560451226,2112.13360132414,540.797963186057,S2_45664611,2,102.3964743,1.48985181841236,S2_47811870,2,119.7658678,2.00648890787985,sma_te_residual_total_19_BP14,wet,BP,14,raw
S5_33587455,5,80.92708184,4.55225591735223,10.4990710446692,-2600.50953535379,555.47169982005,S5_25169567,5,61.08070473,2.98245655605075,S5_36228372,5,87.89272881,2.55109385638178,sma_te_residual_total_19_BP14,wet,BP,14,raw
S2_46820675,2,113.8524469,4.16226488350909,8.59883004049576,2697.28904938455,605.972948221543,S2_45664611,2,102.3964743,1.74340567287261,S2_47811870,2,119.7658678,3.04048308418374,sma_te_residual_total_20_BP14,wet,BP,14,raw
S5_33587455,5,80.92708184,4.6281716901948,9.62308033995484,-2931.36743507782,622.527632217859,S5_26573386,5,64.67695116,2.81125769388169,S5_36886697,5,89.87760443,2.93966105331501,sma_te_residual_total_20_BP14,wet,BP,14,raw
S9_8182398,9,37.12013546,3.35289343044439,6.84995368445541,-2621.56789955718,659.876592679794,S9_6184858,9,32.79210864,1.48750490484331,S9_11364003,9,51.9619256,1.292716449547,sma_te_residual_total_20_BP14,wet,BP,14,raw
S2_46820675,2,113.8524469,4.87369149837384,9.98840255065348,3478.40607270692,718.63235415536,S2_46330162,2,110.0512956,3.17180885265659,S2_47811870,2,119.7658678,3.52652441293696,sma_te_residual_total_21_BP14,wet,BP,14,raw
S5_33587455,5,80.92708184,4.60197436337328,9.39614435819808,-3465.87183483945,738.26480073154,S5_26573386,5,64.67695116,2.73630645030298,S5_37515682,5,90.62442906,2.8082686031467,sma_te_residual_total_21_BP14,wet,BP,14,raw
S9_8182398,9,37.12013546,3.38793947765152,6.80253783364564,-3125.91548200471,782.557489804194,S9_6184858,9,32.79210864,1.63414741496106,S9_11364003,9,51.9619256,1.3600992862334,sma_te_residual_total_21_BP14,wet,BP,14,raw
S2_46701398,2,113.0877388,5.14608681730853,11.5265503396528,4393.54113452179,879.039063965457,S2_45664611,2,102.3964743,2.65753422056834,S2_47747001,2,119.7658657,3.06667530673861,sma_te_residual_total_22_BP14,wet,BP,14,raw
S5_33587455,5,80.92708184,3.9385378048015,8.67577731407084,-3917.56228205274,903.451546576305,S5_25169567,5,61.08070473,2.14952435596427,S5_38859599,5,93.79879919,1.7687835287933,sma_te_residual_total_22_BP14,wet,BP,14,raw
S1_3450097,1,19.19944234,5.93628133558165,12.3368305267717,5817.44281787075,1081.00794676585,S1_3090020,1,17.48231934,4.23663681259138,S1_3604028,1,20.46859514,3.36421529848945,sma_te_residual_total_23_BP14,wet,BP,14,raw
S1_6712560,1,39.10907663,4.15711660706171,8.42902359393561,-4819.89340241723,1083.54602068427,S1_3604028,1,20.46859514,2.608143529687,S1_7184697,1,41.87860783,2.13233404969664,sma_te_residual_total_23_BP14,wet,BP,14,raw
S2_46820675,2,113.8524469,7.60089938370738,16.1675808381986,6020.57227512635,977.26831126413,S2_46330162,2,110.0512956,5.15186578224525,S2_47052010,2,115.3816967,5.33309127430789,sma_te_residual_total_23_BP14,wet,BP,14,raw
S1_3450097,1,19.19944234,8.2202165216855,14.8252620400884,7330.98523108672,1146.23810822667,S1_2315807,1,12.89839138,5.46191280451086,S1_3604028,1,20.46859514,5.29404249725504,sma_te_residual_total_24_BP14,wet,BP,14,raw
S1_6712560,1,39.10907663,6.51690693358645,11.4764631713868,-6518.11326065249,1158.32800544741,S1_5805002,1,36.01811508,4.69300241750122,S1_7184697,1,41.87860783,4.38995598825673,sma_te_residual_total_24_BP14,wet,BP,14,raw
S2_697842,2,1.200339294,3.59967498248083,6.08804545655712,-4839.92830112047,1180.9014951808,S2_169785,2,0,2.07954206928537,S2_2777337,2,13.70429638,1.52832596276163,sma_te_residual_total_24_BP14,wet,BP,14,raw
S2_46820675,2,113.8524469,9.59985884054753,17.6532902783458,7169.92460259197,1027.34295039488,S2_46462460,2,111.1160166,8.0785833019898,S2_47321091,2,118.5659378,6.46298974642187,sma_te_residual_total_24_BP14,wet,BP,14,raw
S3_503853,3,0.714249338,3.20190507211939,5.38576382523649,-4000.15625242196,1037.68846967373,S3_152240,3,0,2.54515889227567,S3_1383038,3,9.449680749,1.67738728037496,sma_te_residual_total_24_BP14,wet,BP,14,raw
S2_46701398,2,113.0877388,5.87966936361027,14.7238825142611,7265.33860775493,1348.97455177355,S2_46330162,2,110.0512956,3.59412398273309,S2_47052010,2,115.3816967,3.93474052800532,sma_te_residual_total_25_BP14,wet,BP,14,raw
S2_46701398,2,113.0877388,5.27741685740551,13.3212294126591,7677.24389144102,1510.89719281511,S2_46330162,2,110.0512956,3.17234088885874,S2_47052010,2,115.3816967,3.41051704698543,sma_te_residual_total_26_BP14,wet,BP,14,raw
S2_46536006,2,112.8190907,4.63616726703498,11.8023820784101,7938.90615443383,1674.363006877,S2_46330162,2,110.0512956,2.75493026886577,S2_47052010,2,115.3816967,2.86456398596251,sma_te_residual_total_27_BP14,wet,BP,14,raw
S2_46536006,2,112.8190907,3.97264959775149,10.2027687931232,8093.49318153588,1852.4812234024,S2_2387967,2,9.515531011,1.81450782784944,S2_47052010,2,115.3816967,2.30422385206487,sma_te_residual_total_28_BP14,wet,BP,14,raw
S2_46536006,2,112.8190907,3.17148216982198,8.23259623219812,8071.33350055511,2079.05733420558,S2_530233,2,0.733500223,1.60681676274451,S2_47096596,2,115.6432387,1.64010034312841,sma_te_residual_total_29_BP14,wet,BP,14,raw
S1_6723037,1,39.59838051,36.0008184918881,10.731606432485,4.4191633768124,0.238239600781639,S1_6712560,1,39.10907663,22.5178140358289,S1_7184697,1,41.87860783,0,sma_te_residual_total_17_BP14,diff,BP,14,comp_ratio
S1_7184697,1,41.87860783,35.2325383124257,10.2786604544189,-4.87640940285561,0.268619887952796,S1_6777655,1,40.07980051,4.00820943258399,S1_7581125,1,42.74686036,12.1687132585804,sma_te_residual_total_17_BP14,diff,BP,14,comp_ratio
S1_8565051,1,46.26049282,68.2240499749348,53.9741869095459,-16.6292708762957,0.399748108327483,S1_8257555,1,45.49838958,66.1143849929071,S1_8954833,1,46.49399916,-5.32907051820075e-15,sma_te_residual_total_17_BP14,diff,BP,14,comp_ratio
S1_8954833,1,46.49399916,70.9780604174417,61.3981558620727,17.0119474724844,0.383426948674503,1,1,46.26049282,-5.32907051820075e-15,4,1,46.98188393,12.387837078452,sma_te_residual_total_17_BP14,diff,BP,14,comp_ratio
S1_25296952,1,53.48096302,16.4960837820967,2.92587490383598,-4202.2498373718,433.870633548969,S1_25085122,1,52.70730949,0.103078035090675,S1_26047637,1,54.04336158,0,sma_te_residual_total_17_BP14,diff,BP,14,comp_ratio
S1_26047637,1,54.04336158,16.4971682211974,2.92614682777456,4202.48039047452,433.874276359227,2,1,53.48096407,0.103869557831487,5,1,55.17636893,2.89783181743489,sma_te_residual_total_17_BP14,diff,BP,14,comp_ratio
S1_29168096,1,62.81511606,23.3664390697254,4.94247382769122,-3.70328226003447,0.294185246645934,S1_28949440,1,61.07287307,7.37167019124522,S1_29958325,1,63.89671963,0,sma_te_residual_total_17_BP14,diff,BP,14,comp_ratio
S1_29958325,1,63.89671963,21.3213851332453,4.27622286114527,3.45800435130993,0.295325965922981,S1_29189141,1,62.81511711,0.0969394654956943,S1_30734502,1,64.60464772,7.55916539474505,sma_te_residual_total_17_BP14,diff,BP,14,comp_ratio
S1_39652681,1,101.6755228,37.4505043309507,11.6298394057782,7.17346701635355,0.371491182593115,S1_39413837,1,100.7981164,6.33190757338697,S1_39679833,1,102.3050119,2.51290373150295,sma_te_residual_total_17_BP14,diff,BP,14,comp_ratio
S1_39715637,1,102.6138996,36.9355950098339,11.3041115334801,-7.0672858770418,0.371227982823356,S1_39652681,1,101.6755228,0,S1_39978880,1,102.8468161,11.8664669960914,sma_te_residual_total_17_BP14,diff,BP,14,comp_ratio
S3_45764955,3,94.13101971,19.7460283485739,3.80296167433809,4.97265838052387,0.450333145811207,S3_45570948,3,93.15737649,4.25210769761051,S3_45772361,3,94.48512157,0.470529005371638,sma_te_residual_total_17_BP14,diff,BP,14,comp_ratio
S3_45906189,3,94.84664501,17.0015122417657,3.05405120976877,-4.766969454847,0.481737522417702,S3_45764955,3,94.13101971,0,S3_46099464,3,95.31605883,2.75890242803673,sma_te_residual_total_17_BP14,diff,BP,14,comp_ratio
S3_46267890,3,97.52728163,30.9342624537367,8.01256628842503,-4.89349426614709,0.305308944225733,S3_46168056,3,97.05374555,12.2889519496626,S3_46422068,3,99.25458088,0,sma_te_residual_total_17_BP14,diff,BP,14,comp_ratio
S3_46422068,3,99.25458088,34.354422822286,9.7796604677649,4.57045728419327,0.258109524037987,1,3,97.52728163,0,3,3,100.1979984,19.3639493280907,sma_te_residual_total_17_BP14,diff,BP,14,comp_ratio
S7_24466010,7,65.56866126,27.0806190479749,6.31986897829502,7.39811510479605,0.519724643244317,S7_24249852,7,65.06637994,6.65465486550389,S7_25155403,7,66.57087661,0.0474187864260642,sma_te_residual_total_17_BP14,diff,BP,14,comp_ratio
S7_25239195,7,66.57087766,25.8687428214981,5.84507816868518,-7.23177727893091,0.528270237435246,S7_24466010,7,65.56866126,0,S7_26820571,7,70.05109578,3.10333461672656,sma_te_residual_total_17_BP14,diff,BP,14,comp_ratio
S9_50491261,9,136.5093376,3.69767245918976,9.53137887737205,-0.065197718771076,0.0154970444350649,S9_49455204,9,133.0181637,1.99784416144915,S9_52254840,9,144.4352927,1.62909154640344,sma_te_residual_total_18_BP14,diff,BP,14,comp_rel_diff
S7_30114750,7,83.61114972,24.6094687630695,48.080540252446,-112.753562187107,8.96262998844162,S7_30010944,7,82.15406106,5.35739200072249,S7_30250027,7,84.31080267,-8.88178419700125e-16,sma_te_residual_total_18_BP14,diff,BP,14,comp_ratio
S7_30250027,7,84.31080267,24.9608243194089,49.0255393415242,112.996630881068,8.89496349898043,S7_30114750,7,83.61114972,-8.88178419700125e-16,S7_30348870,7,84.53990747,14.6455749665898,sma_te_residual_total_18_BP14,diff,BP,14,comp_ratio
S9_50491261,9,136.5093376,3.61749074922421,9.33466192369518,-0.060583411477444,0.0145670103897862,S9_46916335,9,126.2796557,2.11100773082015,S9_52254840,9,144.4352927,1.52214719514759,sma_te_residual_total_19_BP14,diff,BP,14,comp_rel_diff
S5_3784105,5,31.79416992,10.1732734743621,15.0782357887134,-7.19492573051684,0.994368787439929,S5_3305368,5,29.69245615,1.29276397661521,S5_4002971,5,32.24837916,0,sma_te_residual_total_19_BP14,diff,BP,14,comp_ratio
S5_4002971,5,32.24837916,9.83748662857921,14.5114106486481,7.12404235638454,1.00361723411321,S5_3784105,5,31.79416992,0,S5_4501200,5,34.50398153,1.1364197166635,sma_te_residual_total_19_BP14,diff,BP,14,comp_ratio
S9_2174659,9,17.49741196,20.536112492413,35.3653770146017,16.1702252379884,1.45922867976649,S9_2049093,9,17.26757336,7.93812156186249,S9_2316603,9,17.74434082,0,sma_te_residual_total_19_BP14,diff,BP,14,comp_ratio
S9_2316603,9,17.74434082,21.0502584240073,36.5278669442724,-15.7860279782087,1.40170668837969,S9_2174659,9,17.49741196,-1.77635683940025e-15,S9_2705209,9,19.90209146,1.67797322910162,sma_te_residual_total_19_BP14,diff,BP,14,comp_ratio
S9_50491261,9,136.5093376,3.45321284130208,8.93028728426197,-0.0550057789416974,0.0135521420901304,S9_45322472,9,122.0030918,1.82024978897001,S9_50929347,9,138.3415046,1.91052268870674,sma_te_residual_total_20_BP14,diff,BP,14,comp_rel_diff
S7_18223567,7,43.92895216,6.87345623250185,16.9854592071788,3.69655190031123,0.632299688766436,S7_18096354,7,43.68636364,4.0403107024611,S7_18235643,7,44.40400778,0.0425384528873018,sma_te_residual_total_20_BP14,diff,BP,14,comp_ratio
S7_18346958,7,44.40401093,6.67050585147801,16.4373038918474,-3.63852937196735,0.632667315990656,1,7,43.92895216,0,6,7,44.64341996,4.82841402206385,sma_te_residual_total_20_BP14,diff,BP,14,comp_ratio
S1_1004313,1,5.904596741,3.75618940811384,8.31528596007614,-2980.95325681127,706.948397220153,S1_56764,1,0,2.31040203768336,S1_3604028,1,20.46859514,1.21247114668513,sma_te_residual_total_21_BP14,diff,BP,14,comp_diff
S2_46820675,2,113.8524469,3.57431056467487,7.89286024536879,-2896.14442928425,704.97570778758,S2_45322381,2,101.3191103,1.88541818621957,S2_47811870,2,119.7658678,2.07453607725271,sma_te_residual_total_21_BP14,diff,BP,14,comp_diff
S7_22295410,7,62.6273757,3.24403669369031,7.13107821046677,-2745.12701990246,703.001072117819,S7_21479861,7,59.36936369,1.3880342926321,S7_30590328,7,87.44246686,1.61876962188936,sma_te_residual_total_21_BP14,diff,BP,14,comp_diff
S5_45822116,5,135.1528616,5.30785244898509,11.7200486918843,0.189505428750401,0.0374034320398154,199,5,134.4265067,2.59562651449101,201,5,136.1281095,0,sma_te_residual_total_21_BP14,diff,BP,14,comp_rel_diff
S5_45945721,5,136.1281095,6.75975764589013,15.2305250846342,-0.214144156465158,0.0370768897749341,S5_45822116,5,135.1528616,0,S5_46005455,5,136.1281106,6.75975763521928,sma_te_residual_total_21_BP14,diff,BP,14,comp_rel_diff
S9_50491261,9,136.5093376,3.91885333696264,8.48845917726861,-0.0503227815982506,0.0116709098017122,S9_46528686,9,124.3534958,2.16702875019194,S9_50756637,9,138.0504115,2.28961236204988,sma_te_residual_total_21_BP14,diff,BP,14,comp_rel_diff
S1_28740292,1,60.51616083,10.7103628550315,24.2209203175964,-5.07767160403799,0.677241768404601,S1_28344884,1,59.93540225,2.76503684389157,S1_28949440,1,61.07287307,0,sma_te_residual_total_21_BP14,diff,BP,14,comp_ratio
S1_28949440,1,61.07287307,11.6429713722728,26.681646295469,5.33618297014757,0.678107967266027,2,1,60.51616083,8.88178419700125e-16,4,1,62.81511606,2.55200781293217,sma_te_residual_total_21_BP14,diff,BP,14,comp_ratio
S1_1004313,1,5.904596741,3.84237710020122,8.4082740253243,-3472.09642303219,813.654880917979,S1_56764,1,0,2.59583207269865,S1_3604028,1,20.46859514,1.22872751376442,sma_te_residual_total_22_BP14,diff,BP,14,comp_diff
S2_46701398,2,113.0877388,4.01928021090612,8.81686573394293,-3543.58025673979,810.936866789085,S2_45482103,2,102.0498921,2.49416965689622,S2_47747001,2,119.7658657,2.35573064483873,sma_te_residual_total_22_BP14,diff,BP,14,comp_diff
S7_22295410,7,62.6273757,3.45165028036039,7.51272386813729,-3261.93726238826,808.68386054613,S7_21479861,7,59.36936369,1.60723011881405,S7_30590328,7,87.44246686,1.94784085160537,sma_te_residual_total_22_BP14,diff,BP,14,comp_diff
S5_45822116,5,135.1528616,6.93257066230188,15.296639918304,0.206882127806715,0.0353276279118107,199,5,134.4265067,3.76646949013877,201,5,136.1281095,0,sma_te_residual_total_22_BP14,diff,BP,14,comp_rel_diff
S5_45945721,5,136.1281095,8.28168818014967,18.6221134220562,-0.226272241148505,0.0350192079887692,S5_45822116,5,135.1528616,-4.44089209850063e-16,S5_46005455,5,136.1281106,8.28168812485747,sma_te_residual_total_22_BP14,diff,BP,14,comp_rel_diff
S9_50491261,9,136.5093376,3.39138270990951,7.12463681266206,-0.0440554434127548,0.0110232012513799,S9_45111643,9,121.5748333,1.84433080946047,S9_50756637,9,138.0504115,1.75258489663628,sma_te_residual_total_22_BP14,diff,BP,14,comp_rel_diff
S3_2313861,3,15.68965386,16.0033018897764,15.3804641027529,-7.47478125127777,0.815010417340371,S3_2264304,3,15.45156608,5.09342069965235,S3_2542615,3,16.46388381,0,sma_te_residual_total_22_BP14,diff,BP,14,comp_ratio
S3_2542615,3,16.46388381,17.187841994706,16.8061953575311,7.79001520236559,0.812555424455288,1,3,15.68965386,0,3,3,18.04500157,1.01014311621952,sma_te_residual_total_22_BP14,diff,BP,14,comp_ratio
S3_26560894,3,77.60231258,7.27201834229286,6.17107448894855,4.62343726480191,0.795855033215622,S3_25968464,3,76.61632883,0.00303051128564391,S3_35233362,3,77.89326647,0,sma_te_residual_total_22_BP14,diff,BP,14,comp_ratio
S3_35233362,3,77.89326647,5.90675831130815,4.91796335476775,-4.18636461704333,0.807223505120973,5,3,77.60231678,0.343188339864724,7,3,78.79010492,2.79694526154505,sma_te_residual_total_22_BP14,diff,BP,14,comp_ratio
S3_44088869,3,89.06964118,20.4918900701886,21.0335048103745,7.57670497727474,0.706437828444107,S3_43925739,3,88.59266585,2.87191392973037,S3_44312420,3,89.30516574,3.44856929963555e-05,sma_te_residual_total_22_BP14,diff,BP,14,comp_ratio
S3_44515880,3,89.3051683,20.6559491035397,21.2534294376589,-8.07955463088409,0.749414868941955,S3_44088869,3,89.06964118,0,S3_44521983,3,89.54394958,7.62105226665275,sma_te_residual_total_22_BP14,diff,BP,14,comp_ratio
S3_45003945,3,90.98585163,21.9273175757467,22.9912700862865,5.6973149952192,0.508087069338374,4,3,90.26149011,7.39678992901539,6,3,91.80361022,3.41360974655047,sma_te_residual_total_22_BP14,diff,BP,14,comp_ratio
S3_45511372,3,92.34089178,26.7246256908099,30.1151784314792,-5.49788757506156,0.42840302319914,S3_45433188,3,91.80361022,16.9153752459499,S3_45570948,3,93.15737649,19.4289392728781,sma_te_residual_total_22_BP14,diff,BP,14,comp_ratio
S4_35926512,4,71.23521902,8.08188920782248,6.93661615812415,-2.53896990923457,0.412223849614252,119,4,70.46479416,3.4742125183038,121,4,71.9228824,0,sma_te_residual_total_22_BP14,diff,BP,14,comp_ratio
S4_35964582,4,71.9228824,9.08313423482902,7.90657131491548,2.77438150351839,0.421911610338366,S4_35926512,4,71.23521902,0,S4_36187525,4,73.73135259,2.69920777703446,sma_te_residual_total_22_BP14,diff,BP,14,comp_ratio
S5_22907561,5,58.48516509,12.2761117036612,11.181494334995,-3.36015420681858,0.429693394250829,S5_22793232,5,57.05732598,4.63266262218611,S5_24001535,5,59.16519998,3.65937188215018,sma_te_residual_total_22_BP14,diff,BP,14,comp_ratio
S5_24551850,5,59.87704458,12.8776146531365,11.8307756545603,3.43025348689858,0.426450862845611,S5_24221466,5,59.40049314,8.00347554498104,S5_24708723,5,60.83730132,7.97538689491801,sma_te_residual_total_22_BP14,diff,BP,14,comp_ratio
S9_2049093,9,17.26757336,10.787236709703,9.61913231404217,7.70202274347678,1.06190640398931,S9_1875625,9,16.73880778,0.287406965895542,S9_2174659,9,17.49741196,0,sma_te_residual_total_22_BP14,diff,BP,14,comp_ratio
S9_2174659,9,17.49741196,9.72406152552922,8.54142263722257,-7.42280668002688,1.08605654344326,S9_2049093,9,17.26757336,0,S9_2316603,9,17.74434082,2.79788272518648,sma_te_residual_total_22_BP14,diff,BP,14,comp_ratio
S1_1004313,1,5.904596741,3.86141518114531,8.43405716139972,-3952.42464117395,923.808235810195,S1_56764,1,0,2.96091908082268,S1_3604028,1,20.46859514,1.23927817336666,sma_te_residual_total_23_BP14,diff,BP,14,comp_diff
S2_46820675,2,113.8524469,4.14461777106688,9.08804617296449,-4091.35372350393,921.230414357211,S2_45205644,2,100.5702577,2.2185477653054,S2_47747001,2,119.7658657,2.32386246681246,sma_te_residual_total_23_BP14,diff,BP,14,comp_diff
S7_22295410,7,62.6273757,3.24400550543896,7.02556984826068,-3587.18999201159,918.650049649374,S7_21479861,7,59.36936369,1.66397823730019,S7_30776418,7,87.9047648,1.59032980452774,sma_te_residual_total_23_BP14,diff,BP,14,comp_diff
S5_45822116,5,135.1528616,7.41946569625224,17.6629416878114,0.210134710186644,0.0344641468692321,199,5,134.4265067,4.36570497346169,201,5,136.1281095,0,sma_te_residual_total_23_BP14,diff,BP,14,comp_rel_diff
S5_45945721,5,136.1281095,8.495113935035,20.5311887144711,-0.224712361029142,0.034183865417679,S5_45822116,5,135.1528616,4.44089209850063e-16,S5_46005455,5,136.1281106,8.49511383229251,sma_te_residual_total_23_BP14,diff,BP,14,comp_rel_diff
S1_40775893,1,117.215305,18.9211442263555,24.660952631169,17.3573753064032,1.68225240718101,S1_40716341,1,116.4971559,3.70518255728224,S1_40801969,1,117.448719,0.125859684376607,sma_te_residual_total_23_BP14,diff,BP,14,comp_ratio
S1_40856514,1,117.4487201,19.5668343404893,25.7459969876182,-17.6262617726739,1.67192729356202,S1_40775893,1,117.215305,0,S1_41038307,1,118.3145589,3.46572103306024,sma_te_residual_total_23_BP14,diff,BP,14,comp_ratio
S2_14861996,2,37.47027379,27.1495249070027,40.0154271802685,16.3620024866346,1.2449008242193,S2_12735126,2,37.20641651,12.4012298750136,S2_15185517,2,38.88330172,0,sma_te_residual_total_23_BP14,diff,BP,14,comp_ratio
S2_15185517,2,38.88330172,29.6772246119285,45.4617484992299,-16.7450636396368,1.19529681916021,S2_14861996,2,37.47027379,-8.88178419700125e-16,S2_20051130,2,39.34998391,10.4620718969497,sma_te_residual_total_23_BP14,diff,BP,14,comp_ratio
S4_37610301,4,81.86533384,10.607369080488,12.2606923556945,6.12707084207087,0.842184866165799,S4_37358856,4,79.32398946,3.48053858618455,S4_37634295,4,82.86117369,0.0493310962214792,sma_te_residual_total_23_BP14,diff,BP,14,comp_ratio
S4_37643941,4,82.86117474,9.91435157624704,11.3476634425162,-5.91582640031045,0.845228683436121,S4_37610301,4,81.86533384,0,S4_37718913,4,83.35908446,6.55005755739001,sma_te_residual_total_23_BP14,diff,BP,14,comp_ratio
S6_1887340,6,14.56460814,19.5858060319962,25.778165698187,-17.725428504171,1.68028428754484,S6_1782067,6,13.2866687,1.80288354027413,S6_1957610,6,14.80015816,0,sma_te_residual_total_23_BP14,diff,BP,14,comp_ratio
S6_1957610,6,14.80015816,18.5193936046152,23.9953498870595,17.221307392648,1.69205550098755,S6_1887340,6,14.56460814,0,S6_2119668,6,16.60128933,1.03085641598782,sma_te_residual_total_23_BP14,diff,BP,14,comp_ratio
S7_19446572,7,50.71621801,23.0244755789488,31.8905986587079,17.136570305724,1.46051021881658,S7_19236553,7,49.76776198,7.16381072760686,S7_19532160,7,51.17962841,0,sma_te_residual_total_23_BP14,diff,BP,14,comp_ratio
S7_19532160,7,51.17962841,22.5388798583627,30.9925173350017,-17.0565922769731,1.4746055721657,S7_19446572,7,50.71621801,0,S7_19580554,7,51.64603332,4.0748723140778,sma_te_residual_total_23_BP14,diff,BP,14,comp_ratio
S1_397135,1,2.247702566,4.30059691862571,7.91371098899355,-4390.43287268725,975.328841219554,S1_56764,1,0,2.84381032411632,S1_1482761,1,8.184488012,2.66055843081505,sma_te_residual_total_24_BP14,diff,BP,14,comp_diff
S2_45980428,2,106.3362737,4.71052076671637,8.71727455698679,-4604.11238545565,974.516893342848,S2_45205644,2,100.5702577,2.74980450939255,S2_46901860,2,114.5694173,2.98573976830792,sma_te_residual_total_24_BP14,diff,BP,14,comp_diff
S7_28679931,7,76.12319798,4.40400126437606,8.11557118906167,-4469.38191313759,980.441621468376,S7_21479861,7,59.36936369,2.30361884605836,S7_31429416,7,92.5060333,1.09175585113269,sma_te_residual_total_24_BP14,diff,BP,14,comp_diff
S9_7783026,9,36.65100204,5.25311311280939,9.79472035366703,-31681.1196284135,6326.13301243582,S9_7478538,9,36.4077051,3.59481967360811,S9_8182398,9,37.12013546,0,sma_te_residual_total_24_BP14,diff,BP,14,comp_diff
S9_8182398,9,37.12013546,6.1865450537672,11.6857336482977,34402.3964559972,6289.1872165525,S9_7908609,9,36.65100309,2.24892008888774,S9_8279734,9,37.58932098,1.26716363900177,sma_te_residual_total_24_BP14,diff,BP,14,comp_diff
S2_25816923,2,42.45943851,7.81199315240603,18.5190262925985,9.93103249127674,1.58297978154416,S2_24900999,2,41.01387206,2.8133731255908,S2_26339986,2,43.65931181,0,sma_te_residual_total_24_BP14,diff,BP,14,comp_ratio
S2_26339986,2,43.65931181,8.85855485840164,21.3111505638919,-9.85701317482138,1.46464349680356,S2_25816923,2,42.45943851,0,S2_27104670,2,43.89186057,6.65693464871018,sma_te_residual_total_24_BP14,diff,BP,14,comp_ratio
S2_46820675,2,113.8524469,3.28167156122301,8.5061086072595,-4955.69143807052,1253.9499560757,S2_45205644,2,100.5702577,1.42109187234651,S2_47747001,2,119.7658657,1.59460808212744,sma_te_residual_total_25_BP14,diff,BP,14,comp_diff
S3_18206380,3,67.97502173,187.507934472051,6.08263721579868,-383714239.113497,2321228.1388836,S3_17274073,3,66.49179055,5.44550067188409,S3_18243617,3,67.97502278,9.7136967269762e-07,sma_te_residual_total_25_BP14,diff,BP,14,comp_ratio
S3_18243617,3,67.97502278,187.507934472051,6.08263737685748,383714236.57267,2321228.1096454,S3_18206380,3,67.97502173,1.4210854715202e-14,S3_18761486,3,68.27635775,0.00181188202684268,sma_te_residual_total_25_BP14,diff,BP,14,comp_ratio
S7_30590328,7,87.44246686,13.1022551980378,0.0162300387566745,1835698.51982816,332929.730752131,S7_30436117,7,85.84098672,0.00859606748167607,S7_30592907,7,87.44246791,0,sma_te_residual_total_25_BP14,diff,BP,14,comp_ratio
S7_30592907,7,87.44246791,13.1022551980378,0.0162300326307729,-1835696.93370233,332929.773362788,S7_30590328,7,87.44246686,4.16295495142549e-06,S7_30776418,7,87.9047648,5.4077736309701,sma_te_residual_total_25_BP14,diff,BP,14,comp_ratio
S7_31429416,7,92.5060333,271.619371589061,59.7134972885229,416.555361668989,0.853867156306902,6,7,89.28412826,1.68956569789271,8,7,93.27304403,-3.5527136788005e-15,sma_te_residual_total_25_BP14,diff,BP,14,comp_ratio
S7_31494503,7,93.27304403,273.034244928327,62.0481009210463,-415.377192421386,0.836018103749562,S7_31429416,7,92.5060333,-3.5527136788005e-15,S7_31582647,7,94.06477091,16.4810372709658,sma_te_residual_total_25_BP14,diff,BP,14,comp_ratio
S8_29319425,8,58.96615071,11.7696056832267,0.0143039833665455,14175666.8404157,304375.103951198,S8_29138914,8,58.4654435,0.151218951647536,S8_29470176,8,58.96615176,2.6381030693301e-08,sma_te_residual_total_25_BP14,diff,BP,14,comp_ratio
S8_29470176,8,58.96615176,11.7696056832267,0.0143039834039911,-14175668.5648983,304375.110452153,S8_29319425,8,58.96615071,0,S8_29496582,8,59.23077897,0.00627596361266569,sma_te_residual_total_25_BP14,diff,BP,14,comp_ratio
S9_45818871,9,122.8442462,249.832363187709,33.0774386563657,-285.396562276154,0.755447806303658,197,9,122.0030918,23.6840907520899,200,9,123.1914723,1.4210854715202e-14,sma_te_residual_total_25_BP14,diff,BP,14,comp_ratio
S9_45932388,9,123.1914723,246.634370156361,30.3293542729932,285.916877805428,0.789266499445808,S9_45818943,9,122.8442473,1.31137383501714,S9_45986297,9,123.6574313,11.104695542622,sma_te_residual_total_25_BP14,diff,BP,14,comp_ratio
S9_46916335,9,126.2796557,39.4998671436441,0.0729619299670361,-12.9013673415427,0.765248356048621,S9_46869047,9,126.0276157,14.2461879060693,S9_47239379,9,126.5303951,0,sma_te_residual_total_25_BP14,diff,BP,14,comp_ratio
S9_47239379,9,126.5303951,41.454019155637,0.0789990884507148,14.2785814880983,0.739772327563053,S9_46916335,9,126.2796557,0,S9_47431030,9,127.0399063,13.3848374783556,sma_te_residual_total_25_BP14,diff,BP,14,comp_ratio
S2_9319457,2,35.52257844,32.8058654263902,47.7578168627363,-12.6626821775475,0.828840109698442,54,2,34.43671397,5.40273286083366,56,2,36.25071652,2.66453525910038e-15,sma_te_residual_total_26_BP14,diff,BP,14,comp_ratio
S2_10670060,2,36.25071652,29.7493378179169,41.3125172685887,12.1165646807229,0.852719051590169,S2_9319457,2,35.52257844,0,S2_12735126,2,37.20641651,2.02061858271809,sma_te_residual_total_26_BP14,diff,BP,14,comp_ratio
S4_16723715,4,49.28333929,14.8289805441021,16.4882920271368,-18715.9127691003,2084.92515522172,S4_13624836,4,49.0620456,0.0221807833595342,S4_19831051,4,49.83975838,7.51335286716764,sma_te_residual_total_26_BP14,diff,BP,14,comp_ratio
S4_26132488,4,52.4226449,14.8290379406895,16.4883695204012,18715.8899359295,2084.91771220631,S4_16723715,4,49.28333929,0,S4_27990333,4,52.661765,0.0577938639181923,sma_te_residual_total_26_BP14,diff,BP,14,comp_ratio
S9_47239379,9,126.5303951,21.3498181143721,26.1177821623688,13.1471585946853,1.16367323787135,S9_46916335,9,126.2796557,3.12660611366519,S9_47431030,9,127.0399063,0,sma_te_residual_total_26_BP14,diff,BP,14,comp_ratio
S9_47431030,9,127.0399063,20.6521534121278,25.0044042869407,-12.9457588665508,1.17107994924802,S9_47239379,9,126.5303951,0,S9_47533424,9,127.290632,4.61539989670345,sma_te_residual_total_26_BP14,diff,BP,14,comp_ratio
S1_9045463,1,46.72735214,81.4009359278573,69.1859217394497,-45.822064882899,1.27341231692745,59,1,46.49399916,22.3347583078343,61,1,46.98188393,0,sma_te_residual_total_27_BP14,diff,BP,14,comp_ratio
S1_9533519,1,46.98188393,75.5422325082312,57.7745942762384,46.9773030956039,1.41154343571789,1,1,46.72735214,7.105427357601e-15,3,1,48.8600334,0.974473691702848,sma_te_residual_total_27_BP14,diff,BP,14,comp_ratio
S1_14227756,1,49.12197704,7.32953889136833,1.88273209419822,-681985866.532347,114686372.566217,3,1,48.86003445,0.303718604585825,8,1,49.35589091,7.3294497744901,sma_te_residual_total_27_BP14,diff,BP,14,comp_ratio
S1_21974354,1,49.12197914,7.32953889136833,1.88273209492937,681985865.766376,114686372.55618,2,1,49.12197809,0,7,1,51.15794614,0.778705824825764,sma_te_residual_total_27_BP14,diff,BP,14,comp_ratio
S2_37368783,2,69.44160995,21.9529326530877,6.96453539360171,15.7715741446714,1.54400423816707,S2_37024986,2,69.19851662,6.76315394948365,S2_37761700,2,69.67855237,0,sma_te_residual_total_27_BP14,diff,BP,14,comp_ratio
S2_37761700,2,69.67855237,21.2738533186906,6.68134016475523,-15.4205244272719,1.55365919492759,S2_37368783,2,69.44160995,0,S2_37820883,2,70.03129183,6.60164156285201,sma_te_residual_total_27_BP14,diff,BP,14,comp_ratio
S4_33583998,4,65.19153696,41.9174781870768,18.1108570396464,-15.0505215356692,0.885219182582835,S4_33356851,4,64.58130857,13.0415337102996,S4_33744755,4,65.80175891,8.4746573319775,sma_te_residual_total_27_BP14,diff,BP,14,comp_ratio
S4_33965200,4,66.51022058,41.4884188731426,17.8025194419528,15.092152801582,0.897236601490265,S4_33921713,4,66.04026314,24.2858532681836,S4_34083699,4,66.73930793,20.3437485316727,sma_te_residual_total_27_BP14,diff,BP,14,comp_ratio
S1_5805002,1,36.01811508,7.52336992290854,17.9956611868803,-5.9800052548291,0.97327486468891,S1_5715709,1,35.49146003,4.62683133743797,S1_5912756,1,37.37420694,-4.44089209850063e-16,sma_te_residual_total_29_BP14,diff,BP,14,comp_ratio
S1_5912756,1,37.37420694,8.4063472561079,20.3583855130218,6.36055113696099,0.973287010964497,S1_5805002,1,36.01811508,8.88178419700125e-16,S1_6166327,1,38.86756757,3.52249123617087,sma_te_residual_total_29_BP14,diff,BP,14,comp_ratio
S2_33998916,2,58.66933821,23.0361747340399,34.0082292261501,10.0381222606916,0.839540190077209,S2_33713678,2,58.15369068,8.89061316089888,S2_34165928,2,58.93359384,1.77635683940025e-15,sma_te_residual_total_30_BP14,diff,BP,14,comp_ratio
S2_34165928,2,58.93359384,22.8877198197354,33.7142083450576,-9.94454725341332,0.835332834494684,S2_33998916,2,58.66933821,0,S2_34314494,2,59.64786994,9.17013243459762,sma_te_residual_total_30_BP14,diff,BP,14,comp_ratio
S3_21475852,3,73.94388319,18.5699562728752,25.6600934716943,-8.33565333326475,0.802585940675931,S3_20821849,3,72.5329563,4.05313252697327,S3_21730898,3,74.22047097,0.0331424306574117,sma_te_residual_total_30_BP14,diff,BP,14,comp_ratio
S3_21857944,3,74.22047307,18.9795624510568,26.3843476270652,8.47075027086873,0.804321574730384,S3_21475852,3,73.94388319,1.77635683940025e-15,S3_21916842,3,74.45584286,4.68551873590486,sma_te_residual_total_30_BP14,diff,BP,14,comp_ratio
S1_25296952,1,53.48096302,52.8374260862756,40.7165455186289,-15.528292215681,0.676361765430161,S1_25085122,1,52.70730949,8.19264473481507,S1_26047637,1,54.04336158,0,sma_te_residual_total_31_BP14,diff,BP,14,comp_ratio
S1_26047637,1,54.04336158,52.2068020029451,39.7858946693032,15.449853243471,0.68077031538794,S1_26046133,1,53.48096407,13.5544258911131,S1_26170742,1,54.3176096,14.8219293436782,sma_te_residual_total_31_BP14,diff,BP,14,comp_ratio
S1_38153193,1,89.80812335,33.5153577542788,18.5789505557845,-8.80408373279016,0.567694113496421,S1_38030120,1,89.54913533,14.3203174522262,S1_38207573,1,90.87766977,0,sma_te_residual_total_31_BP14,diff,BP,14,comp_ratio
S1_38207573,1,90.87766977,35.2962793975428,20.149471136011,9.07449688437184,0.56186443918757,1,1,89.80812335,0,5,1,91.710651,12.1282649907388,sma_te_residual_total_31_BP14,diff,BP,14,comp_ratio
S2_33998916,2,58.66933821,37.5639042468728,22.2677828467921,7.61138148945719,0.448296984039656,S2_33713678,2,58.15369068,19.8341964338932,S2_34165928,2,58.93359384,22.6165647656715,sma_te_residual_total_31_BP14,diff,BP,14,comp_ratio
S2_34314494,2,59.64786994,38.734261643299,23.4156830044212,-7.69455483917856,0.441947722612897,S2_34165928,2,58.93359384,7.94602907801903,S2_34544107,2,61.36810537,13.1891022757965,sma_te_residual_total_31_BP14,diff,BP,14,comp_ratio
S3_14283723,3,60.37788402,23.6245588092098,11.1664327956294,-5.69315906298089,0.473518450418115,S3_14083543,3,59.71035823,9.40753271499337,S3_14464498,3,60.84309133,21.4276132920342,sma_te_residual_total_31_BP14,diff,BP,14,comp_ratio
S3_14612000,3,61.05843093,23.4240410424201,11.0366652315723,5.70803766796027,0.477538852773005,S3_14283723,3,60.37788402,0,S3_15496244,3,64.25922531,3.1600093550523,sma_te_residual_total_31_BP14,diff,BP,14,comp_ratio
S9_8796676,9,39.0748762,27.7469307428528,14.0049586554225,8.3331336984274,0.618882568339312,S9_8458511,9,38.57941159,13.2725383743118,S9_9022705,9,39.59727801,0,sma_te_residual_total_31_BP14,diff,BP,14,comp_ratio
S9_9022705,9,39.59727801,26.7186344843887,13.265472308969,-8.21963293255207,0.62723730614011,1,9,39.0748762,0,3,9,40.40441084,11.1322731570855,sma_te_residual_total_31_BP14,diff,BP,14,comp_ratio
S1_39016951,1,96.35467795,115.834781701652,6.71946366995502,38.8613161461614,0.636045305451706,S1_38866853,1,96.12210597,16.4249318500256,S1_39056092,1,96.57988916,0,sma_te_residual_total_32_BP14,diff,BP,14,comp_ratio
S1_39056092,1,96.57988916,115.097417528441,6.5739290916118,-38.697728876673,0.64034027971908,S1_39016951,1,96.35467795,0,S1_39146091,1,98.27090646,12.3332990086499,sma_te_residual_total_32_BP14,diff,BP,14,comp_ratio
S2_27635604,2,45.12641895,175.775436186232,38.4755836746405,67.9123797219593,0.464509063082415,S2_27349551,2,44.88155084,22.7526745396318,S2_28125648,2,45.87906944,0,sma_te_residual_total_32_BP14,diff,BP,14,comp_ratio
S2_28125648,2,45.87906944,73.7133916291691,1.83640428300451,-20.5478415450071,0.643309420249734,S2_27635604,2,45.12641895,0,S2_28852883,2,46.67882357,0,sma_te_residual_total_32_BP14,diff,BP,14,comp_ratio
S2_28852883,2,46.67882357,150.944894043214,18.7826790182572,-47.3509637616177,0.463540735980813,S2_28125648,2,45.87906944,-1.4210854715202e-14,S2_29692238,2,48.02651269,6.51213374568708,sma_te_residual_total_32_BP14,diff,BP,14,comp_ratio
S2_33998916,2,58.66933821,21.3226252057562,0.213257563768977,5.04172185689761,0.46319569296377,S2_33713678,2,58.15369068,8.01934730633866,S2_34165928,2,58.93359384,0,sma_te_residual_total_32_BP14,diff,BP,14,comp_ratio
S2_34165928,2,58.93359384,19.1516298560603,0.185136212619398,-4.97562599184292,0.490613949052377,S2_33998916,2,58.66933821,0,S2_34314494,2,59.64786994,5.07421663665747,sma_te_residual_total_32_BP14,diff,BP,14,comp_ratio
S2_34898801,2,61.83393896,140.299420580058,13.7854757080275,65.4885783637892,0.748328930879243,S2_34581544,2,61.59728262,7.95608439563037,S2_35063109,2,62.07491612,0,sma_te_residual_total_32_BP14,diff,BP,14,comp_ratio
S2_35063109,2,62.07491612,142.155193230357,14.5508376508297,-65.3836065055337,0.727214828889622,S2_34898801,2,61.83393896,0,S2_35182461,2,62.30688278,10.9250204722833,sma_te_residual_total_32_BP14,diff,BP,14,comp_ratio
S2_36728541,2,68.95799846,13.6254488653503,0.120959701434515,-4.09584171018905,0.499643984150214,S2_36623538,2,68.22133019,4.21119490403811,S2_37024986,2,69.19851662,0,sma_te_residual_total_32_BP14,diff,BP,14,comp_ratio
S2_37024986,2,69.19851662,7.88532156788611,0.0642142410799522,3.85413524936617,0.645281367842608,S2_36728541,2,68.95799846,0,S2_37368783,2,69.44160995,0,sma_te_residual_total_32_BP14,diff,BP,14,comp_ratio
S2_37368783,2,69.44160995,137.075982567747,12.5489123857667,-62.3591882600167,0.746853225910006,S2_37024986,2,69.19851662,-1.4210854715202e-14,S2_37761700,2,69.67855237,-1.4210854715202e-14,sma_te_residual_total_32_BP14,diff,BP,14,comp_ratio
S2_37761700,2,69.67855237,153.301112866302,20.1098876199379,62.6919051162969,0.59312263393858,S2_37368783,2,69.44160995,1.4210854715202e-14,S2_37820883,2,70.03129183,15.3741932089847,sma_te_residual_total_32_BP14,diff,BP,14,comp_ratio
S2_38163462,2,71.59697552,69.2344213869858,1.58506267800439,14.6935746150985,0.49515605492563,S2_38016395,2,71.36185702,17.8545815587514,S2_38257895,2,72.32177672,0,sma_te_residual_total_32_BP14,diff,BP,14,comp_ratio
S2_38257895,2,72.32177672,74.5464107696086,1.88680633474178,-14.8116378401989,0.457485436338878,S2_38163462,2,71.59697552,0,S2_38311677,2,72.55715704,18.7550557859933,sma_te_residual_total_32_BP14,diff,BP,14,comp_ratio
S4_33744755,4,65.80175891,11.6868808401235,0.100744841089252,-2.42388243129881,0.323994765896146,S4_33583998,4,65.19153696,5.7569382139929,S4_33965200,4,66.51022058,4.26302936940621,sma_te_residual_total_32_BP14,diff,BP,14,comp_ratio
S4_34538936,4,67.44770825,11.7447344902744,0.101332037540175,2.47097166277386,0.329330708716107,S4_34083699,4,66.73930793,6.90591104031992,S4_34978497,4,67.91287242,4.68915462594165,sma_te_residual_total_32_BP14,diff,BP,14,comp_ratio
S7_24466010,7,65.56866126,54.256628532797,0.944290221889432,-14.8375799265368,0.647810788848523,S7_24249852,7,65.06637994,11.3641010190057,S7_24916054,7,66.06974074,0,sma_te_residual_total_32_BP14,diff,BP,14,comp_ratio
S7_24916054,7,66.06974074,54.7622394716032,0.96174324630303,14.8841996851273,0.64392274645313,S7_24466010,7,65.56866126,0,S7_25155403,7,66.57087661,6.68524940535949,sma_te_residual_total_32_BP14,diff,BP,14,comp_ratio
S3_1078088,3,4.847176955,4.15313831869501,3.16480028991451,-2.53638620083896,0.576537143415844,13,3,3.183724647,2.386816028575,15,3,7.697691507,2.6371197699243,sma_te_residual_total_33_BP14,diff,BP,14,comp_ratio
S3_1307580,3,8.189289562,5.47310553988108,4.2660373380012,13713932.0918938,2666508.65992502,S3_1078088,3,4.847176955,0,S3_1336346,3,8.189290612,0,sma_te_residual_total_33_BP14,diff,BP,14,comp_ratio
S3_1336346,3,8.189290612,5.47310553988108,4.26603550480513,-13713929.9398882,2666508.80308265,S3_1307580,3,8.189289562,2.14961845301787e-06,S3_1383038,3,9.449680749,0.640829396727646,sma_te_residual_total_33_BP14,diff,BP,14,comp_ratio
S5_44948956,5,128.7633351,45.150687696429,74.765384934345,33.5256496916922,1.55765989125769,S5_44917721,5,127.6467533,6.98090320182536,S5_44954567,5,129.3130642,-3.10862446895044e-15,sma_te_residual_total_33_BP14,diff,BP,14,comp_ratio
S5_44954567,5,129.3130642,45.4155526971143,75.6181517114168,-33.5888485962141,1.55197549436271,S5_44948956,5,128.7633351,2.66453525910038e-15,S5_44982105,5,129.5304873,17.7986417333715,sma_te_residual_total_33_BP14,diff,BP,14,comp_ratio
