S9_6724364,9,34.93391023,4.79502524252697,19.2964361032144,626.635761348561,127.515298842277,S9_6184858,9,32.79210864,1.79312274635687,S9_8279734,9,37.58932098,2.95528481086905,ma_te_fit_day_17_BP14,dry,BP,14,raw
S2_45043544,2,98.51301522,5.01347814472733,8.78971657416275,417.711959916548,85.0489283971033,S2_44073549,2,93.52620611,3.42409599708161,S2_45980428,2,106.3362737,1.96346730344971,ma_te_fit_day_18_BP14,dry,BP,14,raw
S7_32133319,7,99.94477983,6.54187644243543,11.7096996831908,-705.212458663906,124.401744111508,S7_31178325,7,89.28412826,2.89838724621321,S7_32940091,7,101.9471039,3.98413243996009,ma_te_fit_day_18_BP14,dry,BP,14,raw
S9_6724364,9,34.93391023,9.59298332627524,17.9042330211063,644.575160478247,91.9549422864058,S9_6184858,9,32.79210864,7.5251131295477,S9_8458511,9,38.57941159,7.5681701075348,ma_te_fit_day_18_BP14,dry,BP,14,raw
S2_45043544,2,98.51301522,5.3776718226607,9.25961293934607,478.89980687292,93.9157654280372,S2_44209808,2,93.99718694,3.86073580936698,S2_45980428,2,106.3362737,2.13568670921433,ma_te_fit_day_19_BP14,dry,BP,14,raw
S7_32133319,7,99.94477983,6.99132449540549,12.3050885369897,-807.510615073834,137.371337170346,S7_31178325,7,89.28412826,3.46955555630329,S7_32940091,7,101.9471039,4.34606911106828,ma_te_fit_day_19_BP14,dry,BP,14,raw
S9_6724364,9,34.93391023,9.96338145484946,18.2663174273038,727.243713483905,101.541770748671,S9_6184858,9,32.79210864,8.02501613935067,S9_8458511,9,38.57941159,7.95237575648638,ma_te_fit_day_19_BP14,dry,BP,14,raw
S2_45043544,2,98.51301522,5.7806043575723,9.78454044588044,554.681820163139,104.631381787664,S2_44209808,2,93.99718694,4.0461829071722,S2_45980428,2,106.3362737,2.40456368290454,ma_te_fit_day_20_BP14,dry,BP,14,raw
S7_32133319,7,99.94477983,7.18851164105117,12.4030621502202,-913.473175843067,153.045154459886,S7_31178325,7,89.28412826,3.7821112670677,S7_32940091,7,101.9471039,4.53423267819966,ma_te_fit_day_20_BP14,dry,BP,14,raw
S9_6724364,9,34.93391023,10.5331514732976,19.0292177631528,836.354530554023,113.127500310272,S9_6184858,9,32.79210864,8.57139149507358,S9_8458511,9,38.57941159,8.30364227965609,ma_te_fit_day_20_BP14,dry,BP,14,raw
S2_45043544,2,98.51301522,5.65346298666569,9.45038707471579,642.591723724244,122.675281045256,S2_44209808,2,93.99718694,3.87388082763264,S2_45980428,2,106.3362737,2.54475182382624,ma_te_fit_day_21_BP14,dry,BP,14,raw
S7_32133319,7,99.94477983,7.15633893012437,12.2097583255288,-1068.36951281394,179.438109439119,S7_31178325,7,89.28412826,3.80511703816832,S7_32940091,7,101.9471039,4.51527733464684,ma_te_fit_day_21_BP14,dry,BP,14,raw
S9_6724364,9,34.93391023,11.1842917821464,20.1701558790938,1015.01202338426,132.636572865618,S9_6184858,9,32.79210864,9.20417763642555,S9_8458511,9,38.57941159,8.62937498105575,ma_te_fit_day_21_BP14,dry,BP,14,raw
S2_45043544,2,98.51301522,5.37441378051299,8.83584520971009,714.02194778908,140.070469316864,S2_44209808,2,93.99718694,3.64095710031625,S2_45980428,2,106.3362737,2.66228889519419,ma_te_fit_day_22_BP14,dry,BP,14,raw
S7_32133319,7,99.94477983,7.05060200862648,11.8587887570524,-1209.94408735067,204.882189698804,S7_31494503,7,93.27304403,5.30057778681857,S7_32940091,7,101.9471039,4.58595197527463,ma_te_fit_day_22_BP14,dry,BP,14,raw
S9_6724364,9,34.93391023,12.1105636091727,21.8416917151226,1213.77134003814,151.444258790928,S9_6184858,9,32.79210864,10.0261723697895,S9_8378425,9,38.05852079,10.3212160892013,ma_te_fit_day_22_BP14,dry,BP,14,raw
S2_45043544,2,98.51301522,4.90302408488158,8.05616483680873,812.944210679875,167.499904871122,S2_44209808,2,93.99718694,3.3097254113401,S2_45980428,2,106.3362737,2.86823540577176,ma_te_fit_day_23_BP14,dry,BP,14,raw
S7_32133319,7,99.94477983,6.59293683820607,11.0841278647328,-1394.77757921813,245.003443278998,S7_31494503,7,93.27304403,4.6882483168292,S7_32940091,7,101.9471039,4.26539060606673,ma_te_fit_day_23_BP14,dry,BP,14,raw
S9_6724364,9,34.93391023,12.6013111549456,23.0159726070533,1485.65328288475,181.100977704113,S9_6184858,9,32.79210864,10.5819002422079,S9_8378425,9,38.05852079,10.5056075262005,ma_te_fit_day_23_BP14,dry,BP,14,raw
S5_44050206,5,115.8565285,3.68871636906787,6.06600304779403,-781.746312125814,187.227458703201,S5_33184214,5,79.95790853,1.93180191186839,S5_44418942,5,120.9842738,1.8883215881604,ma_te_fit_day_24_BP14,dry,BP,14,raw
S7_31711920,7,95.32348365,6.70292556084271,11.4818453629082,-1277.44403188956,222.377604898631,S7_31429416,7,92.5060333,5.17230683151241,S7_32133319,7,99.94477983,4.94241187764537,ma_te_fit_day_24_BP14,dry,BP,14,raw
S9_6724364,9,34.93391023,13.9115950355781,26.3290001657278,1706.63102882733,196.190271086156,S9_6184858,9,32.79210864,11.990049410999,S9_7478538,9,36.4077051,11.1829168469264,ma_te_fit_day_24_BP14,dry,BP,14,raw
S5_44050206,5,115.8565285,4.33730471338,7.20461177718578,-921.612007927659,202.666863012746,S5_43866387,5,112.9382883,2.82657614423426,S5_44418942,5,120.9842738,2.14690686429256,ma_te_fit_day_25_BP14,dry,BP,14,raw
S7_31711920,7,95.32348365,5.895446577215,10.0014791164255,-1289.72302998376,240.715608176563,S7_31178325,7,89.28412826,3.00437569953281,S7_32133319,7,99.94477983,4.27100740977762,ma_te_fit_day_25_BP14,dry,BP,14,raw
S9_6724364,9,34.93391023,14.0134381646125,26.5945846676077,1855.44191700487,212.36877897105,S9_6184858,9,32.79210864,12.0628134398528,S9_7478538,9,36.4077051,11.1539384415892,ma_te_fit_day_25_BP14,dry,BP,14,raw
S5_44050206,5,115.8565285,4.79192960697629,8.0815794720198,-1062.89252010826,221.689963886562,S5_43866387,5,112.9382883,3.20591342730628,S5_44336611,5,119.8635321,3.13910376163,ma_te_fit_day_26_BP14,dry,BP,14,raw
S7_31711920,7,95.32348365,5.1393662433424,8.70834993815566,-1310.48081951982,263.310112419503,S7_31178325,7,89.28412826,2.51755409784836,S7_32940091,7,101.9471039,2.35247789975441,ma_te_fit_day_26_BP14,dry,BP,14,raw
S9_6724364,9,34.93391023,13.8323916618654,26.4223426105232,2013.88566862177,232.302539452463,S9_6184858,9,32.79210864,11.8689835939501,S9_7478538,9,36.4077051,10.7994347899308,ma_te_fit_day_26_BP14,dry,BP,14,raw
S4_28902914,4,52.90088541,5.52559803912538,7.99885814102785,1170.86373455803,227.636670334279,S4_9295193,4,46.17739222,3.75205798061598,S4_30500340,4,57.16528154,3.93021265461124,ma_te_fit_day_27_BP14,dry,BP,14,raw
S5_33587455,5,80.92708184,5.40341654609033,7.80904708832321,-1147.36641725287,225.763110754905,S5_31260652,5,76.16548797,3.53372759008302,S5_42996052,5,104.8464874,3.67640865105952,ma_te_fit_day_27_BP14,dry,BP,14,raw
S6_35005650,6,89.29289545,3.77566595484393,5.33800441314706,938.04353947797,223.24585269318,S6_33383362,6,78.16213009,1.99369642091942,S6_35267769,6,92.0202595,3.11670243498184,ma_te_fit_day_27_BP14,dry,BP,14,raw
S7_31834678,7,96.02018118,5.70239542821227,8.27460488535776,-1453.47860606942,277.833671622596,S7_31429416,7,92.5060333,4.06530847699777,S7_32940091,7,101.9471039,2.39347125005321,ma_te_fit_day_27_BP14,dry,BP,14,raw
S9_6724364,9,34.93391023,14.1396254068117,23.0534976430179,2116.29649920898,242.35833936433,S9_6184858,9,32.79210864,11.2147816475604,S9_7478538,9,36.4077051,11.7338494800717,ma_te_fit_day_27_BP14,dry,BP,14,raw
S5_44050206,5,115.8565285,5.15811512655996,8.88663009273759,-1543.78744758857,309.584026113374,S5_33184214,5,79.95790853,3.18410052184256,S5_44336611,5,119.8635321,3.32854905322325,ma_te_fit_day_28_BP14,dry,BP,14,raw
S7_31711920,7,95.32348365,4.30299675739642,7.32824692703053,-1665.10071403259,367.705435510407,S7_31178325,7,89.28412826,1.86284006091876,S7_32940091,7,101.9471039,1.95902934556541,ma_te_fit_day_28_BP14,dry,BP,14,raw
S9_6724364,9,34.93391023,13.4214733611384,25.9107841873306,2762.27655406508,324.404200258944,S9_6184858,9,32.79210864,11.3757769563389,S9_7478538,9,36.4077051,10.2576304322513,ma_te_fit_day_28_BP14,dry,BP,14,raw
S4_28902914,4,52.90088541,5.18197985319392,7.63008004456065,2011.66096891192,404.802478782066,S4_9295193,4,46.17739222,3.35139272388331,S4_30500340,4,57.16528154,3.52626777693849,ma_te_fit_day_29_BP14,dry,BP,14,raw
S5_33587455,5,80.92708184,5.91843119549843,8.80189208889094,-2142.83641727748,401.470759157267,S5_31260652,5,76.16548797,3.73751858788293,S5_42996052,5,104.8464874,4.04146466229738,ma_te_fit_day_29_BP14,dry,BP,14,raw
S6_35005650,6,89.29289545,3.98072877493318,5.76703701710882,1715.17243044963,396.994361300876,S6_33383362,6,78.16213009,2.16702305787092,S6_35267769,6,92.0202595,3.30126857203181,ma_te_fit_day_29_BP14,dry,BP,14,raw
S7_31834678,7,96.02018118,4.79531708741403,7.02392099373179,-2355.71477216321,494.066965558726,S7_31429416,7,92.5060333,3.18751537090113,S7_32940091,7,101.9471039,1.91021809832819,ma_te_fit_day_29_BP14,dry,BP,14,raw
S9_6724364,9,34.93391023,13.4276027470064,22.1494617547957,3649.11520635331,430.981776284628,S9_6184858,9,32.79210864,10.1295846076468,S9_7478538,9,36.4077051,11.0363127324883,ma_te_fit_day_29_BP14,dry,BP,14,raw
S5_44003086,5,115.1315049,4.9205172719092,8.88730927066055,-3727.91193566572,766.645768648526,S5_33184214,5,79.95790853,2.96906101733269,S5_44336611,5,119.8635321,3.08517611471229,ma_te_fit_day_30_BP14,dry,BP,14,raw
S7_31834678,7,96.02018118,3.33801465043124,5.90183827481594,-3624.59943421923,914.704069641324,S7_19446572,7,50.71621801,1.30133167422878,S7_32940091,7,101.9471039,1.28659596122003,ma_te_fit_day_30_BP14,dry,BP,14,raw
S9_6724364,9,34.93391023,12.0518269567337,24.0065430627144,6374.60170904153,797.631849388658,S9_6184858,9,32.79210864,9.39168871581137,S9_7478538,9,36.4077051,9.2568474082996,ma_te_fit_day_30_BP14,dry,BP,14,raw
S5_44003086,5,115.1315049,3.74559079916758,8.23380850741478,-7708.00343154053,1824.29140230535,S5_31260652,5,76.16548797,2.19037294279205,S5_44418942,5,120.9842738,1.98095816104142,ma_te_fit_day_31_BP14,dry,BP,14,raw
S9_6724364,9,34.93391023,7.79362517234793,18.1556420367748,12277.4000826622,1956.83089233563,S9_6184858,9,32.79210864,5.75243664594521,S9_7478538,9,36.4077051,6.01362992557571,ma_te_fit_day_31_BP14,dry,BP,14,raw
S9_7218054,9,35.91475039,4.45435930691724,11.757349352655,36095.4553991956,7769.25863781308,S9_6184858,9,32.79210864,2.44519310202249,S9_8182398,9,37.12013546,2.85925131196995,ma_te_fit_day_32_BP14,dry,BP,14,raw
S9_7218054,9,35.91475039,3.91120562855412,11.8346728471632,12119.1512856775,2785.6941602351,S9_5497941,9,31.29811037,2.37156643158787,S9_8182398,9,37.12013546,2.22434940666284,ma_te_fit_day_33_BP14,dry,BP,14,raw
S2_44586954,2,96.05450929,6.15612000033091,10.4298433425873,1177.43576459186,215.171888263566,S2_43374008,2,89.65964759,4.54913663889107,S2_44908249,2,97.68940295,4.58241717277355,ma_te_fit_day_17_BP14,wet,BP,14,raw
S5_43714208,5,109.7001758,4.18532965176203,6.89980708404071,-1050.10488207843,235.939906976291,S5_42251884,5,101.3829046,2.035726098118,S5_44003086,5,115.1315049,2.33503916458348,ma_te_fit_day_17_BP14,wet,BP,14,raw
S7_32133319,7,99.94477983,5.61378131779148,9.43954897458994,-1644.32626280698,315.863593308979,S7_31178325,7,89.28412826,3.14993137297637,S7_32940091,7,101.9471039,2.77088250871034,ma_te_fit_day_17_BP14,wet,BP,14,raw
S9_6724364,9,34.93391023,8.92657120287482,15.7219579784454,1599.10871965329,238.019136996571,S9_6184858,9,32.79210864,6.84653853935099,S9_6930910,9,35.42306752,7.39806362030132,ma_te_fit_day_17_BP14,wet,BP,14,raw
S2_44687927,2,96.29854627,7.70206057569457,11.7401757905502,1517.91492750927,246.080282727784,S2_43481897,2,90.13407682,5.66886273079523,S2_44908249,2,97.68940295,6.02932786209398,ma_te_fit_day_18_BP14,wet,BP,14,raw
S5_43714208,5,109.7001758,5.17170844999404,7.61000496595744,-1344.71643350883,270.77273228856,S5_42719546,5,103.4003774,3.03028059978121,S5_44003086,5,115.1315049,3.34722750390103,ma_te_fit_day_18_BP14,wet,BP,14,raw
S7_17165775,7,34.01418423,3.2739540116475,4.69296628922464,-959.336950906838,245.98812396737,S7_756781,7,1.438924409,1.72976673995277,S7_18745312,7,46.86094211,1.44073518094125,ma_te_fit_day_18_BP14,wet,BP,14,raw
S7_32133319,7,99.94477983,6.28704584909112,9.39567496442833,-2001.91869068657,362.78483725788,99,7,89.28412826,2.98473695686214,112,7,101.9471039,3.10182066428083,ma_te_fit_day_18_BP14,wet,BP,14,raw
S9_6724364,9,34.93391023,9.85928351119746,15.4919166055694,1933.38310035087,272.855070004787,S9_6184858,9,32.79210864,6.82853254304686,S9_7142713,9,35.91474829,8.23822687036657,ma_te_fit_day_18_BP14,wet,BP,14,raw
S2_44687927,2,96.29854627,8.45707363851181,12.5303164106445,1941.03601367441,298.7134796928,S2_44209808,2,93.99718694,6.38500889526512,S2_44908249,2,97.68940295,6.76383128083669,ma_te_fit_day_19_BP14,wet,BP,14,raw
S5_43714208,5,109.7001758,5.46099326770952,7.75954357366535,-1680.73317625854,328.687305505565,S5_43329831,5,106.5862469,3.91468073115639,S5_44003086,5,115.1315049,3.6157223149701,ma_te_fit_day_19_BP14,wet,BP,14,raw
S7_17165775,7,34.01418423,3.38191652825614,4.66931831467775,-1184.44974399525,298.601609437686,S7_756781,7,1.438924409,1.66883347985268,S7_19580554,7,51.64603332,1.76813278916391,ma_te_fit_day_19_BP14,wet,BP,14,raw
S7_32133319,7,99.94477983,6.85372944507995,9.92914153232068,-2547.30375152386,440.379537587601,S7_31494503,7,93.27304403,5.35350044298707,S7_32940091,7,101.9471039,3.38893464404523,ma_te_fit_day_19_BP14,wet,BP,14,raw
S9_6724364,9,34.93391023,10.48469619351,15.9858011977012,2430.94419429319,331.215026695635,S9_6501061,9,33.93753996,8.96437759651771,S9_7142713,9,35.91474829,8.84797730618289,ma_te_fit_day_19_BP14,wet,BP,14,raw
S2_44586954,2,96.05450929,9.13371844619967,13.2206125629108,2258.10169761801,332.798902677233,S2_44209808,2,93.99718694,6.90577526916366,S2_44908249,2,97.68940295,7.45732280857306,ma_te_fit_day_20_BP14,wet,BP,14,raw
S5_43714208,5,109.7001758,5.76580445150258,7.96135036991272,-1924.10597098517,365.426296294415,S5_43575577,5,107.8767063,4.25374423847011,S5_44003086,5,115.1315049,3.88499422945858,ma_te_fit_day_20_BP14,wet,BP,14,raw
S7_17165775,7,34.01418423,3.27526556261439,4.36942402848013,-1293.53192007146,331.611231376285,S7_9428033,7,8.555063982,1.17197076814734,S7_19644932,7,51.8739576,1.63568370581353,ma_te_fit_day_20_BP14,wet,BP,14,raw
S7_32133319,7,99.94477983,7.29640551023188,10.2921160439352,-2928.48244413665,489.163974692328,101,7,93.27304403,5.77183855472406,112,7,101.9471039,3.62170584553906,ma_te_fit_day_20_BP14,wet,BP,14,raw
S9_6724364,9,34.93391023,11.3633425207583,16.9758514448036,2830.59546493474,368.151183519195,S9_6501061,9,33.93753996,9.72656201203117,S9_7142713,9,35.91474829,9.67635390583846,ma_te_fit_day_20_BP14,wet,BP,14,raw
S2_44586954,2,96.05450929,9.707463429107,13.7711244871808,2734.64565956216,389.359877724116,S2_44209808,2,93.99718694,7.34942474466192,S2_44908249,2,97.68940295,8.09489211153724,ma_te_fit_day_21_BP14,wet,BP,14,raw
S5_43714208,5,109.7001758,5.9458899824382,8.00151714801845,-2288.86637675262,427.532473508073,S5_43575577,5,107.8767063,4.2964923228238,S5_44003086,5,115.1315049,4.04316115936211,ma_te_fit_day_21_BP14,wet,BP,14,raw
S7_17165775,7,34.01418423,3.24004667645818,4.20010400995934,-1504.85178233326,387.970355256363,S7_9428033,7,8.555063982,0.957436695132735,S7_19976887,7,53.27530926,1.62418679343589,ma_te_fit_day_21_BP14,wet,BP,14,raw
S7_32133319,7,99.94477983,7.79516698744991,10.7645586908973,-3553.75147735211,572.300040177618,101,7,93.27304403,6.26367028913666,112,7,101.9471039,3.94163051302809,ma_te_fit_day_21_BP14,wet,BP,14,raw
S9_6724364,9,34.93391023,11.8892981477332,17.3971856160686,3400.16640928586,430.720470067309,S9_6501061,9,33.93753996,10.1667135967666,S9_7142713,9,35.91474829,10.2164998242048,ma_te_fit_day_21_BP14,wet,BP,14,raw
S2_44784129,2,96.94547802,10.7675752213726,13.7270985267183,2891.40431741329,389.15185067783,S2_44257418,2,94.71205672,9.07676148422653,S2_45043544,2,98.51301522,8.49383010769363,ma_te_fit_day_22_BP14,wet,BP,14,raw
S5_43714208,5,109.7001758,7.88160549206487,9.64684549797278,-2732.47000297594,438.694704323328,S5_43329831,5,106.5862469,6.0893844341741,S5_44003086,5,115.1315049,5.11792281587151,ma_te_fit_day_22_BP14,wet,BP,14,raw
S6_31006529,6,59.39487638,3.28599077446976,3.77331219832171,1560.02064298403,400.468744115834,S6_29065113,6,49.8232161,1.54275362660932,S6_33383362,6,78.16213009,1.55001763733819,ma_te_fit_day_22_BP14,wet,BP,14,raw
S7_19532160,7,51.17962841,4.58431230153328,5.35924291292389,-1826.65717311536,393.463975693759,S7_16359609,7,32.72868696,2.6967115665918,S7_20791180,7,57.68635809,2.863853618806,ma_te_fit_day_22_BP14,wet,BP,14,raw
S7_32133319,7,99.94477983,8.47962134947644,10.466335440898,-3760.48456856287,579.623702185062,S7_31956171,7,96.48121012,5.62216731780666,S7_32940091,7,101.9471039,3.71322273083576,ma_te_fit_day_22_BP14,wet,BP,14,raw
S9_6724364,9,34.93391023,12.063359552236,15.6654757790759,3426.44353029173,431.689449360058,S9_6501061,9,33.93753996,10.5366475210131,S9_7142713,9,35.91474829,10.0104338221757,ma_te_fit_day_22_BP14,wet,BP,14,raw
S2_44784129,2,96.94547802,11.3556294732087,14.0037538557412,3081.05128999418,402.111722063681,S2_44257418,2,94.71205672,9.48747799558273,S2_45043544,2,98.51301522,9.36929467638424,ma_te_fit_day_23_BP14,wet,BP,14,raw
S5_43714208,5,109.7001758,8.27220190179236,9.76593612755228,-2900.52708503261,453.304494655255,S5_43329831,5,106.5862469,6.4355601343795,S5_44003086,5,115.1315049,5.53789906672578,ma_te_fit_day_23_BP14,wet,BP,14,raw
S6_31006529,6,59.39487638,3.56172205827042,3.93825852763976,1681.42821382912,413.805500471367,S6_29065113,6,49.8232161,1.72701212571351,S6_33383362,6,78.16213009,1.78002976220473,ma_te_fit_day_23_BP14,wet,BP,14,raw
S7_19532160,7,51.17962841,5.29735572140665,5.99952782889742,-2039.0182156648,406.567453195087,S7_17849585,7,42.46452593,3.79662454680709,S7_19976887,7,53.27530926,3.59147455221238,ma_te_fit_day_23_BP14,wet,BP,14,raw
S7_32133319,7,99.94477983,8.84783559836508,10.5304425861983,-3979.48656114059,598.926831848779,S7_31956171,7,96.48121012,5.97375999750146,S7_32940091,7,101.9471039,4.02724541866309,ma_te_fit_day_23_BP14,wet,BP,14,raw
S9_6724364,9,34.93391023,12.7043937180595,15.9717044720381,3650.0991443289,446.065944634565,S9_6501061,9,33.93753996,11.0572880932894,S9_7142713,9,35.91474829,10.7178098425796,ma_te_fit_day_23_BP14,wet,BP,14,raw
S2_44784129,2,96.94547802,11.9335708881034,11.3705221073052,2830.85142482903,362.268059203475,S2_44209808,2,93.99718694,9.92229763690833,S2_45043544,2,98.51301522,10.0812333373832,ma_te_fit_day_24_BP14,wet,BP,14,raw
S5_5909140,5,40.32890934,4.33736789547797,3.71460864152009,1929.83525157961,432.08269634248,S5_5107998,5,37.40304223,2.38356408321686,S5_6876512,5,42.79131694,2.54275505668766,ma_te_fit_day_24_BP14,wet,BP,14,raw
S5_32800961,5,79.00989287,4.50596000183575,3.8679927190344,-1837.11450954524,403.084942257774,S5_30043124,5,71.92483855,2.92505990881659,S5_33682130,5,82.14795514,2.79097268896255,ma_te_fit_day_24_BP14,wet,BP,14,raw
S5_43714262,5,109.7001769,7.4317546659082,6.64452322536194,-2485.90633679661,416.155866352339,S5_43575577,5,107.8767063,5.13721599040797,S5_44163859,5,116.340362,5.07930651563306,ma_te_fit_day_24_BP14,wet,BP,14,raw
S6_33052891,6,73.8397152,6.05536931361269,5.31092714517924,1917.82612576585,359.109777777064,S6_31738921,6,62.88206621,4.07419642738761,S6_33383362,6,78.16213009,3.87273206772476,ma_te_fit_day_24_BP14,wet,BP,14,raw
S7_19153030,7,49.2934369,3.30602921571339,2.79140038780925,4816.61943597669,1244.04026789336,S7_19017756,7,48.58182999,1.41633171514166,S7_19236553,7,49.76776198,1.44521220852164,ma_te_fit_day_24_BP14,wet,BP,14,raw
S7_19532160,7,51.17962841,5.95208303944743,5.21284320257484,-6573.25838173484,1242.35738076785,4,7,50.71621801,2.41219548628024,6,7,51.64603332,2.16567067202666,ma_te_fit_day_24_BP14,wet,BP,14,raw
S7_32133319,7,99.94477983,13.025757410506,12.6066269847552,-4385.77214828966,533.027708238392,S7_31956171,7,96.48121012,8.18844259938717,S7_32940091,7,101.9471039,7.32931466615825,ma_te_fit_day_24_BP14,wet,BP,14,raw
S9_6724364,9,34.93391023,14.1581098882813,13.9273959385704,3428.08811138244,396.387715192606,S9_6501061,9,33.93753996,12.4773708130215,S9_7478538,9,36.4077051,12.2111478835034,ma_te_fit_day_24_BP14,wet,BP,14,raw
S2_44784129,2,96.94547802,11.7245980730093,10.8007561176926,2686.67299515801,347.385270552159,S2_44209808,2,93.99718694,9.76834427544069,S2_45156658,2,100.2097111,10.1687620731068,ma_te_fit_day_25_BP14,wet,BP,14,raw
S5_5909140,5,40.32890934,4.53433158087314,3.77592086940268,1894.68057405454,414.331764991548,S5_5107998,5,37.40304223,2.6685927521321,S5_6876512,5,42.79131694,2.60833843489474,ma_te_fit_day_25_BP14,wet,BP,14,raw
S5_32800961,5,79.00989287,4.98687592392369,4.17885592064408,-1859.44338349609,386.525304023753,S5_30043124,5,71.92483855,3.30338902804693,S5_33682130,5,82.14795514,3.20363071533426,ma_te_fit_day_25_BP14,wet,BP,14,raw
S5_43714262,5,109.7001769,7.36787460754692,6.38215535038228,-2372.45177069919,399.059245086458,S5_43575577,5,107.8767063,4.92415056495124,S5_44163859,5,116.340362,5.37464510724885,ma_te_fit_day_25_BP14,wet,BP,14,raw
S6_33052891,6,73.8397152,6.33853271270626,5.41217322879831,1885.25786076634,344.35673844749,S6_31738921,6,62.88206621,4.30172140852344,S6_33383362,6,78.16213009,4.14722403140021,ma_te_fit_day_25_BP14,wet,BP,14,raw
S7_19153030,7,49.2934369,3.90551668157908,3.22417597177709,5040.82351311706,1192.9322888419,S7_19017756,7,48.58182999,1.76283149902219,S7_19236553,7,49.76776198,1.67891297201585,ma_te_fit_day_25_BP14,wet,BP,14,raw
S7_19532160,7,51.17962841,6.83370644321737,5.87541605002281,-6795.53326676022,1191.31853851379,4,7,50.71621801,2.83221192468426,6,7,51.64603332,2.45270095514647,ma_te_fit_day_25_BP14,wet,BP,14,raw
S7_32133319,7,99.94477983,13.2269487784944,12.4494468122515,-4244.06960782526,511.129728205457,S7_31956171,7,96.48121012,8.39812979435716,S7_32940091,7,101.9471039,7.92900831888725,ma_te_fit_day_25_BP14,wet,BP,14,raw
S9_6724364,9,34.93391023,14.8567042144468,14.3154816705692,3384.39351951799,380.103214146168,S9_6501061,9,33.93753996,13.2838137079422,S9_7478538,9,36.4077051,12.8188538439389,ma_te_fit_day_25_BP14,wet,BP,14,raw
S2_44752288,2,96.94547487,10.4935410523484,9.68439419010082,2483.62992641844,342.431341681687,S2_44209808,2,93.99718694,8.93361350454916,S2_45322381,2,101.3191103,8.02442397220278,ma_te_fit_day_26_BP14,wet,BP,14,raw
S5_5909140,5,40.32890934,4.30621921691083,3.64447939192689,1818.55353068912,408.724990573609,S5_3784105,5,31.79416992,2.63986930604083,S5_6876512,5,42.79131694,2.40275365405665,ma_te_fit_day_26_BP14,wet,BP,14,raw
S5_32842706,5,79.24736643,4.98947282355481,4.26282477718544,-1848.09924177153,384.060285685537,S5_30043124,5,71.92483855,3.36000551760781,S5_33682130,5,82.14795514,3.33841569967558,ma_te_fit_day_26_BP14,wet,BP,14,raw
S5_43714262,5,109.7001769,6.93950415798462,6.09187229073106,-2264.52481416148,393.662948787434,S5_43575577,5,107.8767063,4.47804012725728,S5_44163859,5,116.340362,5.35667246510903,ma_te_fit_day_26_BP14,wet,BP,14,raw
S6_33052891,6,73.8397152,6.29112101313969,5.47296306497789,1846.50825019867,338.659175159024,S6_31738921,6,62.88206621,4.24461470697771,S6_33383362,6,78.16213009,4.15483648288454,ma_te_fit_day_26_BP14,wet,BP,14,raw
S7_19142249,7,49.29343585,4.36645232987718,3.69853161030547,5264.66346464186,1174.5697177878,S7_19017756,7,48.58182999,2.05059049846088,S7_19236553,7,49.76776198,1.8693796798381,ma_te_fit_day_26_BP14,wet,BP,14,raw
S7_19532160,7,51.17962841,7.36640382331127,6.50534141557111,-6972.67226010893,1172.97041314884,S7_19446572,7,50.71621801,3.18396721006201,S7_19580554,7,51.64603332,2.54082026756198,ma_te_fit_day_26_BP14,wet,BP,14,raw
S7_32133319,7,99.94477983,12.0027729230725,11.3177466965175,-3940.78282994063,502.603339492872,S7_31956171,7,96.48121012,7.80117007864538,S7_32940091,7,101.9471039,7.58631607885265,ma_te_fit_day_26_BP14,wet,BP,14,raw
S9_6724364,9,34.93391023,14.5716070205346,14.2561135309712,3295.94280605366,374.543225891243,S9_6184858,9,32.79210864,11.881824938192,S9_7478538,9,36.4077051,12.5681552231339,ma_te_fit_day_26_BP14,wet,BP,14,raw
S2_45043544,2,98.51301522,7.92443858130741,7.20435935471235,2319.54675858934,374.745610582374,S2_44257418,2,94.71205672,6.19497418188332,S2_45383324,2,101.8130854,6.38639717020955,ma_te_fit_day_27_BP14,wet,BP,14,raw
S5_5909140,5,40.32890934,4.05262282306049,3.4911794483979,1925.14856431203,446.795993696381,S5_3305368,5,29.69245615,1.35507831184704,S5_6876512,5,42.79131694,2.15526955916484,ma_te_fit_day_27_BP14,wet,BP,14,raw
S5_33184214,5,79.95790853,7.2001667043772,6.47983028801955,-2424.28187332654,412.983219058146,S5_31260652,5,76.16548797,5.40967213941206,S5_33682130,5,82.14795514,5.45840271935216,ma_te_fit_day_27_BP14,wet,BP,14,raw
S5_44003086,5,115.1315049,5.41807277064068,4.75646770126909,-2020.10689388952,401.664252001092,S5_43575577,5,107.8767063,2.97761003768066,S5_44336611,5,119.8635321,3.40974654814553,ma_te_fit_day_27_BP14,wet,BP,14,raw
S6_32699814,6,72.8434198,5.81858416153464,5.13656426492213,1921.65844262923,367.680791498051,S6_31738921,6,62.88206621,4.02906629780659,S6_33383362,6,78.16213009,3.56524690565854,ma_te_fit_day_27_BP14,wet,BP,14,raw
S7_19142249,7,49.29343585,4.70147053811306,4.08659749810384,5955.99776206492,1277.62882104265,S7_19017756,7,48.58182999,2.20917006023389,S7_19236553,7,49.76776198,2.05269958288373,ma_te_fit_day_27_BP14,wet,BP,14,raw
S7_19532160,7,51.17962841,7.90120399197784,7.1808951422728,-7899.20518537924,1278.27768974054,S7_19446572,7,50.71621801,3.20964726219527,S7_19580554,7,51.64603332,2.74088660065969,ma_te_fit_day_27_BP14,wet,BP,14,raw
S7_32133319,7,99.94477983,9.87807827615543,9.23108423151899,-3836.00782684601,547.500139737621,S7_31956171,7,96.48121012,7.1531678256371,S7_32940091,7,101.9471039,6.2720939661325,ma_te_fit_day_27_BP14,wet,BP,14,raw
S9_6724364,9,34.93391023,17.2870873640002,17.970106894622,3965.78515456247,405.681271859855,S9_6501061,9,33.93753996,15.3726370757038,S9_7478538,9,36.4077051,14.7822458064908,ma_te_fit_day_27_BP14,wet,BP,14,raw
S2_45043544,2,98.51301522,6.77204459164247,7.56897141442979,3042.67318878057,532.742481365485,S2_44257418,2,94.71205672,4.65071378244592,S2_46205850,2,108.8915883,5.0068050716416,ma_te_fit_day_28_BP14,wet,BP,14,raw
S5_36228372,5,87.89272881,5.23603566547813,5.72848116682785,-2711.86250403637,545.793520545201,S5_32611224,5,78.29328827,3.73071904241066,S5_37515682,5,90.62442906,3.55996174683974,ma_te_fit_day_28_BP14,wet,BP,14,raw
S5_44003086,5,115.1315049,4.97123844693159,5.4188605834104,-2737.72148736301,566.520630591073,S5_43575577,5,107.8767063,2.44057349243428,S5_44418942,5,120.9842738,3.04166713731511,ma_te_fit_day_28_BP14,wet,BP,14,raw
S6_33052891,6,73.8397152,4.3926134141449,4.74996884557594,2389.33346219655,528.094736461458,S6_31888552,6,65.16886519,2.3116055357476,S6_34951956,6,89.06997041,2.40237407470164,ma_te_fit_day_28_BP14,wet,BP,14,raw
S7_19532160,7,51.17962841,6.81609109640809,7.62288700576803,-3071.29178599713,535.84821855879,S7_19153030,7,49.2934369,4.24786116392865,S7_19644932,7,51.8739576,5.06349065156621,ma_te_fit_day_28_BP14,wet,BP,14,raw
S7_31582647,7,94.06477091,7.30766150527105,8.22898454931463,-3855.16859378312,647.367221826318,S7_31178325,7,89.28412826,4.279581798675,S7_32940091,7,101.9471039,3.77820191509962,ma_te_fit_day_28_BP14,wet,BP,14,raw
S9_6724364,9,34.93391023,14.9802167976822,18.814190435713,5301.3235790537,588.737906949955,S9_6184858,9,32.79210864,12.8431159334107,S9_7478538,9,36.4077051,12.5173237614484,ma_te_fit_day_28_BP14,wet,BP,14,raw
S2_45043544,2,98.51301522,6.23111147330091,7.2367942091043,5622.43640219104,1030.1521524166,S2_44316069,2,95.42815792,4.70898559409211,S2_46329239,2,110.0512946,4.4094986592836,ma_te_fit_day_29_BP14,wet,BP,14,raw
S5_36330301,5,87.89272986,5.93229051363946,6.8611529297048,-5601.94240755685,1054.11992862258,S5_33076702,5,79.72354181,4.20767806568022,S5_37515682,5,90.62442906,4.14968730247541,ma_te_fit_day_29_BP14,wet,BP,14,raw
S5_44003086,5,115.1315049,4.53237656264479,5.14128192087803,-5034.86907701827,1094.46633263032,52,5,107.8767063,2.06030677459874,65,5,120.9842738,2.84301604467807,ma_te_fit_day_29_BP14,wet,BP,14,raw
S6_33052891,6,73.8397152,4.38527827034593,4.96432141257655,4606.39872149974,1019.01720139717,S6_31888552,6,65.16886519,2.31927055722185,S6_34951956,6,89.06997041,2.443758901502,ma_te_fit_day_29_BP14,wet,BP,14,raw
S7_19532160,7,51.17962841,6.19577786695609,7.1922184264119,-5642.41383094256,1037.01117228061,S7_19153030,7,49.2934369,3.8353293635677,S7_19644932,7,51.8739576,4.6426858864353,ma_te_fit_day_29_BP14,wet,BP,14,raw
S7_31582647,7,94.06477091,6.15176793771238,7.13675649822853,-6786.74335966251,1252.16315703853,S7_31178325,7,89.28412826,3.85596992004967,S7_32940091,7,101.9471039,3.02259569540821,ma_te_fit_day_29_BP14,wet,BP,14,raw
S9_6930910,9,35.42306752,14.2794150993426,18.5875809897669,9881.33580169653,1129.67665881557,S9_6184858,9,32.79210864,11.9432325618789,S9_7478538,9,36.4077051,12.1000926510368,ma_te_fit_day_29_BP14,wet,BP,14,raw
S2_45043544,2,98.51301522,5.54214030664935,8.2699610275043,21139.9504357641,4101.47993952965,S2_44257418,2,94.71205672,3.97010616030672,S2_46329239,2,110.0512946,3.253769852291,ma_te_fit_day_30_BP14,wet,BP,14,raw
S5_42739726,5,104.1345531,6.81115440736465,10.3447388617399,-25935.7480979416,4499.11787758875,S5_35318061,5,85.14836478,4.56288141973637,S5_43240044,5,106.0943485,5.0862686977471,ma_te_fit_day_30_BP14,wet,BP,14,raw
S7_19532160,7,51.17962841,3.3497160169475,4.8492940354388,-16246.442144634,4116.30330434791,S7_18357032,7,44.64341996,1.80571338962249,S7_21382321,7,58.88080626,1.78988441612783,ma_te_fit_day_30_BP14,wet,BP,14,raw
S7_31834678,7,96.02018118,3.30573192429792,4.78272646833412,-20239.4539961263,5163.56179661523,S7_30436117,7,85.84098672,1.27299082919158,S7_33438039,7,105.2981908,1.58814209694665,ma_te_fit_day_30_BP14,wet,BP,14,raw
S9_6930910,9,35.42306752,11.3575680408558,18.3917676063851,34490.6879582657,4487.23154542422,S9_6501061,9,33.93753996,9.77149376980687,S9_7478538,9,36.4077051,9.57497326030662,ma_te_fit_day_30_BP14,wet,BP,14,raw
S2_45043544,2,98.51301522,3.80934345275117,7.6052546342978,-89755.475584207,21116.3276893256,S2_41547545,2,82.9539568,1.76809722411915,S2_46329239,2,110.0512946,1.45057921608744,ma_te_fit_day_31_BP14,wet,BP,14,raw
S5_42739726,5,104.1345531,4.41730867661694,8.89658742696775,104798.118479379,22795.8652004204,S5_31260652,5,76.16548797,2.54931717985935,S5_43769059,5,111.9145952,1.44468489196737,ma_te_fit_day_31_BP14,wet,BP,14,raw
S9_6930910,9,35.42306752,8.19449568218833,17.4360673196521,-150046.867417199,23314.0103274098,S9_6501061,9,33.93753996,6.05855071763168,S9_7478538,9,36.4077051,6.69002351014425,ma_te_fit_day_31_BP14,wet,BP,14,raw
S9_6930910,9,35.42306752,4.36272548474218,11.5964661354802,-87159.382867549,18965.8883452762,S9_6501061,9,33.93753996,2.65175260981992,S9_8378425,9,38.05852079,2.71549134849179,ma_te_fit_day_32_BP14,wet,BP,14,raw
S9_6295446,9,33.93753681,4.24694244166664,13.0380251591155,-126641.804538995,27841.7376281626,S9_4775142,9,30.60506955,2.20587933702726,S9_8378425,9,38.05852079,2.29134176193122,ma_te_fit_day_33_BP14,wet,BP,14,raw
S5_41101118,5,96.20937263,4.31569231305915,15.2294787391234,1176.44806293109,255.009620499113,S5_34757068,5,84.36015726,2.75998135510673,S5_42739726,5,104.1345531,2.46771056275049,ma_te_fit_day_17_BP14,diff,BP,14,comp_diff
S7_11830162,7,13.30505905,4.22359081335691,14.872835676381,1212.66398131251,265.992820081068,S7_8788035,7,2.203193294,2.34429670632656,S7_11958277,7,18.91083692,2.32577697500166,ma_te_fit_day_17_BP14,diff,BP,14,comp_diff
S5_41101118,5,96.20937263,4.31569231305912,15.2294787391232,-0.0589350578564526,0.0127749003220958,S5_34757068,5,84.36015726,2.75998135510665,S5_42739726,5,104.1345531,2.46771056275045,ma_te_fit_day_17_BP14,diff,BP,14,comp_rel_diff
S7_11830162,7,13.30505905,4.22359081335694,14.8728356763811,-0.0607493217516353,0.0133251120341188,S7_8788035,7,2.203193294,2.34429670632659,S7_11958277,7,18.91083692,2.3257769750017,ma_te_fit_day_17_BP14,diff,BP,14,comp_rel_diff
S2_44586954,2,96.05450929,6.29335859310247,10.5404173577453,-1131.6002851256,204.955096325769,S2_43100924,2,89.4251276,4.41399653753935,S2_44908249,2,97.68940295,4.47683267764305,ma_te_fit_day_18_BP14,diff,BP,14,comp_diff
S5_43706919,5,109.5147878,5.30898484140732,8.77091259211217,1129.3939829829,224.242360008383,S5_43240044,5,106.0943485,3.37147070880271,S5_44003086,5,115.1315049,3.00442943083557,ma_te_fit_day_18_BP14,diff,BP,14,comp_diff
S7_16511236,7,33.24039283,3.8164752985758,6.17640085719159,858.309928485106,203.081786995387,S7_13950231,7,22.25953203,1.90115746706298,S7_17697912,7,42.22766767,2.04038649249044,ma_te_fit_day_18_BP14,diff,BP,14,comp_diff
S7_32133319,7,99.94477983,3.94996766907243,6.40421013436402,1295.73936526747,301.078291990068,S7_31178325,7,89.28412826,1.87957872079349,S7_32940091,7,101.9471039,1.85483269550057,ma_te_fit_day_18_BP14,diff,BP,14,comp_diff
S9_6724364,9,34.93391023,7.34738511098653,12.4881786206027,-1359.19341636555,226.165464389097,S9_6184858,9,32.79210864,5.03245880166602,S9_8182398,9,37.12013546,5.53722847644525,ma_te_fit_day_18_BP14,diff,BP,14,comp_diff
S2_44586954,2,96.05450929,6.2933585931025,10.5404173577454,0.0467298862561329,0.00846370265615032,S2_43100924,2,89.4251276,4.41399653753933,S2_44908249,2,97.68940295,4.47683267764309,ma_te_fit_day_18_BP14,diff,BP,14,comp_rel_diff
S5_43706919,5,109.5147878,5.30898484140728,8.77091259211206,-0.046638776126938,0.0092601779221322,S5_43240044,5,106.0943485,3.37147070880262,S5_44003086,5,115.1315049,3.00442943083544,ma_te_fit_day_18_BP14,diff,BP,14,comp_rel_diff
S7_16511236,7,33.24039283,3.81647529857584,6.17640085719162,-0.0354442517007381,0.00838634359829044,S7_13950231,7,22.25953203,1.90115746706297,S7_17697912,7,42.22766767,2.0403864924904,ma_te_fit_day_18_BP14,diff,BP,14,comp_rel_diff
S7_32133319,7,99.94477983,3.9499676690725,6.40421013436415,-0.0535080752032704,0.012433148456944,S7_31178325,7,89.28412826,1.87957872079361,S7_32940091,7,101.9471039,1.85483269550065,ma_te_fit_day_18_BP14,diff,BP,14,comp_rel_diff
S9_6724364,9,34.93391023,7.34738511098655,12.4881786206027,0.0561284356161127,0.00933959328650664,S9_6184858,9,32.79210864,5.03245880166606,S9_8182398,9,37.12013546,5.53722847644525,ma_te_fit_day_18_BP14,diff,BP,14,comp_rel_diff
S2_44586954,2,96.05450929,7.34098964671152,11.8012692602322,-1517.71014030447,252.663432469062,S2_43481897,2,90.13407682,5.60344490942817,S2_44908249,2,97.68940295,5.39865166013657,ma_te_fit_day_19_BP14,diff,BP,14,comp_diff
S5_43706919,5,109.5147878,5.74835394941429,9.03800316316482,1453.18081038044,276.440280824368,S5_43240044,5,106.0943485,3.66185112486309,S5_44003086,5,115.1315049,3.40289549958987,ma_te_fit_day_19_BP14,diff,BP,14,comp_diff
S7_16511236,7,33.24039283,3.92162865936234,6.0119521523422,1073.35773008738,250.354064349041,S7_13950231,7,22.25953203,1.86891046930636,S7_17944289,7,43.32050333,2.03494767910835,ma_te_fit_day_19_BP14,diff,BP,14,comp_diff
S7_32133319,7,99.94477983,4.60139252667442,7.12055521279805,1731.81751285602,371.161664480984,S7_31429416,7,92.5060333,3.07654199351109,S7_32940091,7,101.9471039,2.1758749168546,ma_te_fit_day_19_BP14,diff,BP,14,comp_diff
S9_6724364,9,34.93391023,8.3116773611458,13.5448537584447,-1794.23449987957,278.811035016571,S9_6184858,9,32.79210864,5.59683545544005,S9_7478538,9,36.4077051,6.23553650647333,ma_te_fit_day_19_BP14,diff,BP,14,comp_diff
S2_44586954,2,96.05450929,7.33334325713464,11.7671708290131,0.0511865398276424,0.00852626568196637,S2_43481897,2,90.13407682,5.59546226853249,S2_44908249,2,97.68940295,5.39008469179326,ma_te_fit_day_19_BP14,diff,BP,14,comp_rel_diff
S5_43706919,5,109.5147878,5.74960463640148,9.02437059576647,-0.0490441416350177,0.00932862843060825,S5_43240044,5,106.0943485,3.65879633933544,S5_44003086,5,115.1315049,3.40414700955892,ma_te_fit_day_19_BP14,diff,BP,14,comp_rel_diff
S7_16511236,7,33.24039283,3.95716306300298,6.05882127449766,-0.0363936880963839,0.00844833479202181,S7_13950231,7,22.25953203,1.86224191351709,S7_17944289,7,43.32050333,2.05750471827176,ma_te_fit_day_19_BP14,diff,BP,14,comp_rel_diff
S7_32133319,7,99.94477983,4.6254151629992,7.14762817158124,-0.0586032148541012,0.0125250533146036,S7_31429416,7,92.5060333,3.09740879003916,S7_32940091,7,101.9471039,2.18988303768344,ma_te_fit_day_19_BP14,diff,BP,14,comp_rel_diff
S9_6724364,9,34.93391023,8.35445790574884,13.5990143902957,0.0607212952427096,0.00940863082712375,S9_6184858,9,32.79210864,5.6246458186689,S9_7478538,9,36.4077051,6.26933746249252,ma_te_fit_day_19_BP14,diff,BP,14,comp_rel_diff
S3_19489073,3,69.19885477,3.16383607904457,8.21358677851954,-0.0464306916973502,0.0119749383790557,S3_7542702,3,48.09912317,1.29596456018322,S3_20423554,3,71.83639809,1.6497377749837,ma_te_fit_day_19_BP14,diff,BP,14,comp_ratio
S2_44586954,2,96.05450929,7.95237629477644,12.5507382054965,-1770.25039590944,281.940112553414,S2_43481897,2,90.13407682,5.96839861578648,S2_44908249,2,97.68940295,5.99121386533908,ma_te_fit_day_20_BP14,diff,BP,14,comp_diff
S5_43706919,5,109.5147878,5.94455048936621,9.12242564281849,1651.255071739,308.472037794639,S5_43240044,5,106.0943485,3.79106354489963,S5_44003086,5,115.1315049,3.53897495470919,ma_te_fit_day_20_BP14,diff,BP,14,comp_diff
S7_16511236,7,33.24039283,3.95079136594289,5.89773851593367,1202.41691239883,279.363152756251,S7_14686597,7,24.41187922,2.44867034618446,S7_18647587,7,45.61589714,2.39966304881689,ma_te_fit_day_20_BP14,diff,BP,14,comp_diff
S7_32133319,7,99.94477983,5.01818607804709,7.60245863189717,2023.94086612172,414.169001175486,S7_31429416,7,92.5060333,3.33141747290745,S7_32940091,7,101.9471039,2.40259703261835,ma_te_fit_day_20_BP14,diff,BP,14,comp_diff
S9_6724364,9,34.93391023,8.65594818334796,13.7968737886198,-2048.13216192437,311.117496606207,S9_6184858,9,32.79210864,5.74806916847063,S9_7478538,9,36.4077051,6.52392145659685,ma_te_fit_day_20_BP14,diff,BP,14,comp_diff
S2_44586954,2,96.05450929,7.94595482947016,12.5031574431804,0.052563527418141,0.0083753246353159,S2_43481897,2,90.13407682,5.95988425843179,S2_44908249,2,97.68940295,5.98217406191248,ma_te_fit_day_20_BP14,diff,BP,14,comp_rel_diff
S5_43706919,5,109.5147878,5.94973776236873,9.10459970179209,-0.0490754187228792,0.00916348310302275,S5_43240044,5,106.0943485,3.78848270846569,S5_44003086,5,115.1315049,3.54283686328809,ma_te_fit_day_20_BP14,diff,BP,14,comp_rel_diff
S7_16511236,7,33.24039283,4.0059764882571,5.96733815461718,-0.0359813315445392,0.00829877336108276,S7_14686597,7,24.41187922,2.43921931738189,S7_18647587,7,45.61589714,2.43746760292039,ma_te_fit_day_20_BP14,diff,BP,14,comp_rel_diff
S7_32133319,7,99.94477983,5.05884836452486,7.64617058844886,-0.0603833725117311,0.012303321465377,S7_31429416,7,92.5060333,3.36579686596864,S7_32940091,7,101.9471039,2.42606369407649,ma_te_fit_day_20_BP14,diff,BP,14,comp_rel_diff
S9_6724364,9,34.93391023,8.7254820579979,13.8810052229534,0.0611156841421359,0.00924206921180866,S9_6184858,9,32.79210864,5.79261568501783,S9_7478538,9,36.4077051,6.57874175048068,ma_te_fit_day_20_BP14,diff,BP,14,comp_rel_diff
S2_44586954,2,96.05450929,8.48692730479467,13.145429603442,-2146.74857620757,329.720587994082,S2_44209808,2,93.99718694,6.0812575799143,S2_44908249,2,97.68940295,6.55791697138912,ma_te_fit_day_21_BP14,diff,BP,14,comp_diff
S5_43714208,5,109.7001758,6.03184265394873,9.02733617858911,1956.10687009067,362.547608270153,S5_43329831,5,106.5862469,4.50788352681048,S5_44003086,5,115.1315049,3.60988783296104,ma_te_fit_day_21_BP14,diff,BP,14,comp_diff
S7_16511236,7,33.24039283,3.78506200551378,5.49127832017623,1376.41441176301,327.088109914905,S7_14559796,7,22.95825909,1.82837761245689,S7_19644932,7,51.8739576,1.92377868906301,ma_te_fit_day_21_BP14,diff,BP,14,comp_diff
S7_32133319,7,99.94477983,5.59705163213547,8.3261497569854,2513.55504155419,485.085803551639,S7_31956171,7,96.48121012,3.4915754252783,S7_32940091,7,101.9471039,2.77790752130397,ma_te_fit_day_21_BP14,diff,BP,14,comp_diff
S9_6724364,9,34.93391023,8.69536420930072,13.5078333291693,-2407.26138478753,364.739397747064,S9_6184858,9,32.79210864,5.67536828174804,S9_7478538,9,36.4077051,6.55093637036664,ma_te_fit_day_21_BP14,diff,BP,14,comp_diff
S2_44586954,2,96.05450929,8.48349877515123,13.0614595563821,0.054408304443386,0.00835849879777203,S2_44209808,2,93.99718694,6.05923709349431,S2_44908249,2,97.68940295,6.54791427218241,ma_te_fit_day_21_BP14,diff,BP,14,comp_rel_diff
S5_43714208,5,109.7001758,6.04636149229856,8.99714665917524,-0.0496524537596319,0.00919067191495966,S5_43329831,5,106.5862469,4.50828068439933,S5_44003086,5,115.1315049,3.61983599707595,ma_te_fit_day_21_BP14,diff,BP,14,comp_rel_diff
S7_16511236,7,33.24039283,3.89032410327727,5.6186179690294,-0.0353999607436901,0.00829176482464093,S7_14596913,7,23.66485032,2.2775800329068,S7_19580554,7,51.64603332,2.37569645591905,ma_te_fit_day_21_BP14,diff,BP,14,comp_rel_diff
S7_32133319,7,99.94477983,5.68434076105897,8.41598384472383,-0.0642531291306022,0.0122970455999412,S7_31956171,7,96.48121012,3.56319220329154,S7_32940091,7,101.9471039,2.82883376468145,ma_te_fit_day_21_BP14,diff,BP,14,comp_rel_diff
S9_6724364,9,34.93391023,8.8345497300104,13.6693162094564,0.0615714445707937,0.00924623432257025,S9_6184858,9,32.79210864,5.76332102170719,S9_7478538,9,36.4077051,6.66041351778856,ma_te_fit_day_21_BP14,diff,BP,14,comp_rel_diff
S2_44586954,2,96.05450929,9.04346979578656,13.9529053376194,-2296.85555359616,340.411837711846,S2_44257418,2,94.71205672,7.41798125614779,S2_44908249,2,97.68940295,7.23758327417145,ma_te_fit_day_22_BP14,diff,BP,14,comp_diff
S5_43714208,5,109.7001758,5.9433632601777,8.7803008474112,2003.43398719602,374.303280059334,S5_43329831,5,106.5862469,4.38163778411958,S5_44003086,5,115.1315049,3.56688013239327,ma_te_fit_day_22_BP14,diff,BP,14,comp_diff
S7_16511236,7,33.24039283,3.56861449934994,5.10161617171505,1377.76117357419,337.694001054691,S7_14596913,7,23.66485032,1.90314275737895,S7_21479861,7,59.36936369,1.91085025214441,ma_te_fit_day_22_BP14,diff,BP,14,comp_diff
S7_32133319,7,99.94477983,6.29684450790801,9.34838995218893,2765.93690526844,500.814798492063,S7_31429416,7,92.5060333,4.37757938388533,S7_32940091,7,101.9471039,3.22460514526913,ma_te_fit_day_22_BP14,diff,BP,14,comp_diff
S9_6724364,9,34.93391023,8.40319493910551,12.8487084200751,-2438.19090962586,376.566138706565,S9_6184858,9,32.79210864,5.45007147849192,S9_7478538,9,36.4077051,6.38399623557538,ma_te_fit_day_22_BP14,diff,BP,14,comp_diff
S2_44586954,2,96.05450929,9.05874915722621,13.8196812406103,0.0553410330663722,0.00819416845043233,S2_44257418,2,94.71205672,7.40913797352128,S2_44908249,2,97.68940295,7.23848618794318,ma_te_fit_day_22_BP14,diff,BP,14,comp_rel_diff
S5_43714208,5,109.7001758,5.97848088261788,8.73548025654817,-0.0483794159407606,0.00900998081903307,S5_43329831,5,106.5862469,4.38864038402472,S5_44003086,5,115.1315049,3.5900611550249,ma_te_fit_day_22_BP14,diff,BP,14,comp_rel_diff
S7_16511236,7,33.24039283,3.75515558256686,5.32057057361927,-0.0340640314216427,0.00812874648526454,S7_14686597,7,24.41187922,2.05628224588515,S7_19644932,7,51.8739576,2.23393973705284,ma_te_fit_day_22_BP14,diff,BP,14,comp_rel_diff
S7_32133319,7,99.94477983,6.47739714333789,9.53045754786933,-0.0676125979775898,0.0120552823570932,S7_31956171,7,96.48121012,4.24426426524665,S7_32940091,7,101.9471039,3.3304380452686,ma_te_fit_day_22_BP14,diff,BP,14,comp_rel_diff
S9_6724364,9,34.93391023,8.65824163142022,13.1343756221674,0.0596814788740088,0.00906445085468039,S9_6184858,9,32.79210864,5.61042804542933,S9_7478538,9,36.4077051,6.58560296280297,ma_te_fit_day_22_BP14,diff,BP,14,comp_rel_diff
S3_7095091,3,46.70151328,8.14997567994324,19.1837341918094,0.414925959352139,0.0645988051021431,S3_6422015,3,45.16807388,1.10117036047265,S3_7261171,3,47.15534623,-8.88178419700125e-16,ma_te_fit_day_22_BP14,diff,BP,14,comp_ratio
S3_7261171,3,47.15534623,8.89860847603763,21.167617934751,-0.435203118921752,0.064502486600991,S3_7095091,3,46.70151328,5.55111512312578e-16,S3_7345986,3,47.38986671,5.72129662675992,ma_te_fit_day_22_BP14,diff,BP,14,comp_ratio
S2_44586954,2,96.05450929,8.98505556365665,14.0247884480859,-2358.42734503965,350.816027518715,S2_44257418,2,94.71205672,7.05466839513593,S2_44908249,2,97.68940295,7.45521614315362,ma_te_fit_day_23_BP14,diff,BP,14,comp_diff
S5_43714208,5,109.7001758,5.65317713487789,8.42212437386817,2009.79854069214,385.78628633378,S5_42719546,5,103.4003774,3.77622519596965,S5_44003086,5,115.1315049,3.29667873214486,ma_te_fit_day_23_BP14,diff,BP,14,comp_diff
S7_19532160,7,51.17962841,3.597262492808,5.20900888119022,1449.0780745119,353.687181930822,S7_14686597,7,24.41187922,1.6868728582107,S7_21663918,7,60.36847472,1.55804192519552,ma_te_fit_day_23_BP14,diff,BP,14,comp_diff
S7_32133319,7,99.94477983,5.33710835295035,7.9164366076421,2637.3387998505,522.163053262264,S7_31429416,7,92.5060333,3.58134587587977,S7_32940091,7,101.9471039,2.53983372734027,ma_te_fit_day_23_BP14,diff,BP,14,comp_diff
S9_6724364,9,34.93391023,7.13525522596277,10.8519611866688,-2301.70931322674,389.225641772653,S9_6184858,9,32.79210864,5.31445307096932,S9_8182398,9,37.12013546,5.29144105919505,ma_te_fit_day_23_BP14,diff,BP,14,comp_diff
S2_44586954,2,96.05450929,8.95113172318118,13.8396199062656,0.0546456389070173,0.00814587336421246,S2_44257418,2,94.71205672,6.99427937090636,S2_44908249,2,97.68940295,7.40252620623705,ma_te_fit_day_23_BP14,diff,BP,14,comp_rel_diff
S5_43714208,5,109.7001758,5.63287936729333,8.31410212073402,-0.0465766729602262,0.00895787531815985,S5_42719546,5,103.4003774,3.73854792706076,S5_44003086,5,115.1315049,3.26647560045906,ma_te_fit_day_23_BP14,diff,BP,14,comp_rel_diff
S7_19532160,7,51.17962841,3.53494836772713,5.06841158902928,-0.0333402812042788,0.00821254095752498,S7_14686597,7,24.41187922,1.64821229539606,S7_21663918,7,60.36847472,1.49815796063859,ma_te_fit_day_23_BP14,diff,BP,14,comp_rel_diff
S7_32133319,7,99.94477983,5.59151973847748,8.24831640583512,-0.0627917801337275,0.0121245147704035,S7_31429416,7,92.5060333,3.80715684668448,S7_32940091,7,101.9471039,2.67896041030814,ma_te_fit_day_23_BP14,diff,BP,14,comp_rel_diff
S9_6724364,9,34.93391023,7.45855666602775,11.2926582483949,0.0547663170346628,0.0090377364181721,S9_6184858,9,32.79210864,5.55064557867319,S9_7478538,9,36.4077051,5.66884743245336,ma_te_fit_day_23_BP14,diff,BP,14,comp_rel_diff
S7_19036596,7,49.05801824,11.1158092361032,25.2196916169244,-0.49438980687954,0.0645400093393592,S7_19017756,7,48.58182999,3.93151755723162,S7_19236553,7,49.76776198,-4.44089209850063e-16,ma_te_fit_day_23_BP14,diff,BP,14,comp_ratio
S7_19236553,7,49.76776198,11.9166603646855,27.3469363716484,0.515013094594497,0.0645644317592777,S7_19153030,7,49.2934369,1.28786064154743,S7_19338119,7,50.48837552,7.18168576771831,ma_te_fit_day_23_BP14,diff,BP,14,comp_ratio
S2_44586954,2,96.05450929,9.05015438776487,14.2767790608336,-2326.24309376551,344.6237124443,S2_44257418,2,94.71205672,7.09571633374264,S2_45043544,2,98.51301522,6.9777810976648,ma_te_fit_day_24_BP14,diff,BP,14,comp_diff
S5_43714208,5,109.7001758,5.29665467004194,7.92833320052717,1906.33088219564,378.976705103232,S5_42719546,5,103.4003774,3.50972248129614,S5_44003086,5,115.1315049,3.16490090345904,ma_te_fit_day_24_BP14,diff,BP,14,comp_diff
S7_19532160,7,51.17962841,3.78279284718532,5.54504724848692,1461.61333690301,347.444187607593,S7_16414980,7,32.98157305,2.1508036694172,S7_20791180,7,57.68635809,2.249503508313,ma_te_fit_day_24_BP14,diff,BP,14,comp_diff
S7_32133319,7,99.94477983,5.30168012703801,7.93640870526746,2581.53907182764,512.94626186055,S7_31429416,7,92.5060333,3.6974901353757,S7_32940091,7,101.9471039,2.69380798841788,ma_te_fit_day_24_BP14,diff,BP,14,comp_diff
S9_6724364,9,34.93391023,6.67807308328166,10.1900651088441,-2180.47179743388,382.355351877563,S9_6184858,9,32.79210864,4.94801536169866,S9_8182398,9,37.12013546,5.05047630357428,ma_te_fit_day_24_BP14,diff,BP,14,comp_diff
S2_44586954,2,96.05450929,11.5072153689383,14.2127541839744,0.0558401336569528,0.00727657131557588,S2_44257418,2,94.71205672,9.60732003069645,S2_44908249,2,97.68940295,9.76704063882933,ma_te_fit_day_24_BP14,diff,BP,14,comp_rel_diff
S5_5909140,5,40.32890934,5.53405496158415,6.28441566901476,0.0447880451865937,0.00877706106021591,S5_5107998,5,37.40304223,3.59060619803869,S5_6876512,5,42.79131694,3.07017869477966,ma_te_fit_day_24_BP14,diff,BP,14,comp_rel_diff
S5_32800961,5,79.00989287,4.11028949135476,4.57653163952809,-0.0359040804769626,0.00824508310608242,36,5,61.08070473,2.0691521775314,85,5,87.89272881,2.39150325158046,ma_te_fit_day_24_BP14,diff,BP,14,comp_rel_diff
S5_43714208,5,109.7001758,7.10964574512534,8.2528125673593,-0.0497285315711215,0.00850401676400719,S5_43329831,5,106.5862469,5.19253269386979,S5_44003086,5,115.1315049,4.94338565465406,ma_te_fit_day_24_BP14,diff,BP,14,comp_rel_diff
S6_33052891,6,73.8397152,4.39803794489866,4.91641088731733,0.0328809607968604,0.00728517312529291,S6_32411928,6,68.72506699,1.70531800535348,S6_33383362,6,78.16213009,2.42135434377331,ma_te_fit_day_24_BP14,diff,BP,14,comp_rel_diff
S7_19532160,7,51.17962841,4.60152614861504,5.15836887615914,-0.0340842609381627,0.00737254016311781,S7_17407685,7,40.98306996,3.04381863500645,S7_20312115,7,54.97788472,3.03008556991874,ma_te_fit_day_24_BP14,diff,BP,14,comp_rel_diff
S7_32133319,7,99.94477983,8.68747906512579,10.3100291236322,-0.0712399869731148,0.0108996699830087,S7_31429416,7,92.5060333,6.76714530050235,S7_32940091,7,101.9471039,4.70076766709821,ma_te_fit_day_24_BP14,diff,BP,14,comp_rel_diff
S9_6724364,9,34.93391023,7.10273772277658,8.243997663987,0.0474178916954116,0.00811321105430508,S9_6184858,9,32.79210864,5.32771660598809,S9_8279734,9,37.58932098,4.85549646309207,ma_te_fit_day_24_BP14,diff,BP,14,comp_rel_diff
S3_7095091,3,46.70151328,10.972221191145,24.8739531333961,0.500082425038799,0.0657760390732147,S3_6422015,3,45.16807388,1.50722615513355,S3_7261171,3,47.15534623,-8.88178419700125e-16,ma_te_fit_day_24_BP14,diff,BP,14,comp_ratio
S3_7261171,3,47.15534623,11.8102560805973,27.0951972712666,-0.521155489988481,0.0656779652855458,S3_7095091,3,46.70151328,0,S3_7345986,3,47.38986671,6.96988930493416,ma_te_fit_day_24_BP14,diff,BP,14,comp_ratio
S2_44586954,2,96.05450929,8.51758833698384,13.752633864145,-2153.47834874636,330.087190761721,S2_44257418,2,94.71205672,6.59470116183877,S2_45156658,2,100.2097111,6.44166917379003,ma_te_fit_day_25_BP14,diff,BP,14,comp_diff
S5_43714262,5,109.7001769,4.48135818736513,6.83974717135123,1670.07106834532,362.991144933659,S5_42366438,5,102.9057427,2.78281784835389,S5_44003086,5,115.1315049,2.6336287184592,ma_te_fit_day_25_BP14,diff,BP,14,comp_diff
S7_19532160,7,51.17962841,3.856880136658,5.83611717432838,1414.32580344051,332.788695882928,S7_17407685,7,40.98306996,2.34015835228979,S7_20791180,7,57.68635809,2.3319293716351,ma_te_fit_day_25_BP14,diff,BP,14,comp_diff
S7_32133319,7,99.94477983,5.24253293814262,8.08625279655208,2457.80791831709,491.309751697005,S7_31178325,7,89.28412826,3.06073249174557,S7_32940091,7,101.9471039,2.99122327272706,ma_te_fit_day_25_BP14,diff,BP,14,comp_diff
S9_6724364,9,34.93391023,6.11521032424418,9.54734258409263,-1990.72302396757,366.227277513951,S9_6184858,9,32.79210864,4.54486252078842,S9_8279734,9,37.58932098,4.39158150233785,ma_te_fit_day_25_BP14,diff,BP,14,comp_diff
S2_44586954,2,96.05450929,11.3313271364321,14.0008966225378,0.0544848058523831,0.00716381608033583,S2_44257418,2,94.71205672,9.37438176172011,S2_45043544,2,98.51301522,9.3349978037299,ma_te_fit_day_25_BP14,diff,BP,14,comp_rel_diff
S5_5909140,5,40.32890934,6.30391592037634,7.25665322995025,0.047261082026863,0.00863142337825059,S5_5107998,5,37.40304223,4.24308246056642,S5_6876512,5,42.79131694,3.49153246598668,ma_te_fit_day_25_BP14,diff,BP,14,comp_rel_diff
S5_32800961,5,79.00989287,4.61231805988827,5.18620301014809,-0.0375372629801951,0.00810932658080408,S5_29994074,5,71.02984202,2.59036607565707,S5_33816614,5,82.38107956,2.93659591282625,ma_te_fit_day_25_BP14,diff,BP,14,comp_rel_diff
S5_43714262,5,109.7001769,6.22916833974473,7.16314759855241,-0.045544768859106,0.00837208244843077,S5_43329831,5,106.5862469,4.68379637123925,S5_44003086,5,115.1315049,4.27408209043279,ma_te_fit_day_25_BP14,diff,BP,14,comp_rel_diff
S6_33052891,6,73.8397152,4.93113778018286,5.56920499908829,0.034323560749261,0.00715554434695995,S6_32411928,6,68.72506699,2.15188162189605,S6_33383362,6,78.16213009,2.77056269630046,ma_te_fit_day_25_BP14,diff,BP,14,comp_rel_diff
S7_19532160,7,51.17962841,4.73733218289423,5.33598988379701,-0.0341076598700342,0.00726425981629401,S7_17407685,7,40.98306996,2.84163292036527,S7_20312115,7,54.97788472,3.03787203073071,ma_te_fit_day_25_BP14,diff,BP,14,comp_rel_diff
S7_32133319,7,99.94477983,9.0497404307288,10.8261339778859,-0.0717122703511597,0.010722689192139,S7_31429416,7,92.5060333,7.35548429463272,S7_32940091,7,101.9471039,5.46371052720296,ma_te_fit_day_25_BP14,diff,BP,14,comp_rel_diff
S9_6930910,9,35.42306752,6.70959105181087,7.76744882039925,0.0448995457561899,0.00792592012615281,S9_6184858,9,32.79210864,4.96674304721558,S9_8279734,9,37.58932098,4.69995864718634,ma_te_fit_day_25_BP14,diff,BP,14,comp_rel_diff
S3_7095091,3,46.70151328,11.8277596755019,26.4956601374073,0.566767557525965,0.071364387590673,S3_6422015,3,45.16807388,1.54994302938,S3_7261171,3,47.15534623,-2.22044604925031e-16,ma_te_fit_day_25_BP14,diff,BP,14,comp_ratio
S3_7261171,3,47.15534623,12.7002060081646,28.8070440145621,-0.590090918649606,0.0712579814297928,S3_7095091,3,46.70151328,-4.44089209850063e-16,S3_7345986,3,47.38986671,7.44026081156068,ma_te_fit_day_25_BP14,diff,BP,14,comp_ratio
S2_45043544,2,98.51301522,6.15443535162562,12.0912869196889,-1921.31143866562,350.105173240778,S2_42025292,2,84.60658262,4.04217872401096,S2_45980428,2,106.3362737,4.27039203228435,ma_te_fit_day_26_BP14,diff,BP,14,comp_diff
S7_32133319,7,99.94477983,6.08774448869727,11.9491659651191,2769.34933266801,507.628467075698,S7_31956171,7,96.48121012,3.96019673368756,S7_32940091,7,101.9471039,3.77020512809202,ma_te_fit_day_26_BP14,diff,BP,14,comp_diff
S9_6930910,9,35.42306752,5.17477060915741,10.0291784406181,-1905.56271269406,381.265571525895,S9_6184858,9,32.79210864,3.54885285073435,S9_8279734,9,37.58932098,3.51242185276251,ma_te_fit_day_26_BP14,diff,BP,14,comp_diff
S2_44586954,2,96.05450929,9.86132343158177,11.8790540971539,0.0482994555900544,0.00690028593893986,S2_44257418,2,94.71205672,7.97808317505365,S2_45156658,2,100.2097111,7.68819014079772,ma_te_fit_day_26_BP14,diff,BP,14,comp_rel_diff
S3_7345986,3,47.38986671,2.58495941529748,2.81382063126107,0.0236429936412264,0.00694016894718603,S3_5167793,3,40.12991503,0.725937934164222,S3_20423554,3,71.83639809,0.544722641004043,ma_te_fit_day_26_BP14,diff,BP,14,comp_rel_diff
S5_5909140,5,40.32890934,5.93592214854443,6.76739434086973,0.044053126952222,0.0083383818780097,S5_5107998,5,37.40304223,3.89899853582692,S5_6876512,5,42.79131694,3.29449685146113,ma_te_fit_day_26_BP14,diff,BP,14,comp_rel_diff
S5_32842706,5,79.24736643,4.43703315157023,4.95453128417854,-0.0354945582111727,0.00785192729673796,S5_29994074,5,71.02984202,2.1098565692837,S5_33682130,5,82.14795514,2.72137274449879,ma_te_fit_day_26_BP14,diff,BP,14,comp_rel_diff
S5_43714262,5,109.7001769,5.30803106104632,5.99900954118669,-0.040083713482076,0.00805830971161362,S5_42719546,5,103.4003774,3.21602159671913,S5_44003086,5,115.1315049,3.025911448369,ma_te_fit_day_26_BP14,diff,BP,14,comp_rel_diff
S6_33052891,6,73.8397152,5.3078659746669,5.99880922962998,0.0341452217966566,0.00686456773594489,S6_32411928,6,68.72506699,2.88341657847711,S6_33383362,6,78.16213009,2.94203285227249,ma_te_fit_day_26_BP14,diff,BP,14,comp_rel_diff
S7_19532160,7,51.17962841,4.24989653786432,4.73332007589637,-0.0309823345769875,0.00701208198316182,S7_17924954,7,42.95527033,2.73886324003306,S7_21205578,7,58.13544442,2.38050031258723,ma_te_fit_day_26_BP14,diff,BP,14,comp_rel_diff
S7_32133319,7,99.94477983,8.72883516660711,10.3481325868351,-0.0673233501020512,0.010305059622086,S7_31178325,7,89.28412826,4.73606097201479,S7_32940091,7,101.9471039,6.45977554773151,ma_te_fit_day_26_BP14,diff,BP,14,comp_rel_diff
S9_6930910,9,35.42306752,4.89986009332133,5.50647232440803,0.0366555898761083,0.00769164558247794,S9_5686516,9,31.99307473,3.14021667804318,S9_8279734,9,37.58932098,3.19285160842876,ma_te_fit_day_26_BP14,diff,BP,14,comp_rel_diff
S3_19671244,3,69.67819711,6.73304327763405,16.6591852138153,-0.126847000540354,0.0219439043725073,S3_18243617,3,67.97502278,5.13864733024447,S3_19988515,3,70.16338184,4.4151102248169,ma_te_fit_day_26_BP14,diff,BP,14,comp_ratio
S3_23229173,3,75.17191546,4.61207202025252,11.0800757792276,0.105471055025682,0.0223729114150788,S3_19671843,3,69.67819816,0.0328423589991713,S3_24146831,3,75.65681869,2.66893768239747,ma_te_fit_day_26_BP14,diff,BP,14,comp_ratio
S2_45043544,2,98.51301522,6.06156815786375,12.0752460071379,-2042.17733559236,375.211801712925,S2_42025292,2,84.60658262,3.64448084902411,S2_45980428,2,106.3362737,4.30463515799237,ma_te_fit_day_27_BP14,diff,BP,14,comp_diff
S7_32133319,7,99.94477983,5.45226056502043,10.7698663556251,2796.39203256784,544.031354833058,S7_31494503,7,93.27304403,3.78909760931823,S7_32940091,7,101.9471039,3.55127287876813,ma_te_fit_day_27_BP14,diff,BP,14,comp_diff
S9_6930910,9,35.42306752,5.1932376511342,10.2214295815324,-2046.1164211577,408.606764359222,S9_6184858,9,32.79210864,3.58279077169083,S9_8279734,9,37.58932098,3.63140765820845,ma_te_fit_day_27_BP14,diff,BP,14,comp_diff
S2_45043544,2,98.51301522,7.14066995814904,9.46545529239332,0.0421277907276214,0.00718699720820514,S2_43481897,2,90.13407682,5.49538089755684,S2_45322381,2,101.3191103,5.25418592683796,ma_te_fit_day_27_BP14,diff,BP,14,comp_rel_diff
S5_5909140,5,40.32890934,5.32755605668227,6.88597046787837,0.0425443014665946,0.00850958470292218,S5_4501200,5,34.50398153,3.14957803224789,S5_6876512,5,42.79131694,2.7002656977767,ma_te_fit_day_27_BP14,diff,BP,14,comp_rel_diff
S5_32800961,5,79.00989287,4.09192991853085,5.19927051535341,-0.0350790091752398,0.00807468626092231,S5_30043124,5,71.92483855,2.4048565063446,S5_36228372,5,87.89272881,2.14714686795758,ma_te_fit_day_27_BP14,diff,BP,14,comp_rel_diff
S5_43714262,5,109.7001769,4.9199652359672,6.32333401172841,-0.0396400417245342,0.00827390609623899,S5_42719546,5,103.4003774,3.0811464617596,S5_44050206,5,115.8565285,3.32745526740238,ma_te_fit_day_27_BP14,diff,BP,14,comp_rel_diff
S6_33052891,6,73.8397152,6.46438120617522,8.48846627545892,0.0397413697934614,0.00715941874433383,S6_32411928,6,68.72506699,2.83207854500518,S6_33383362,6,78.16213009,3.60196912983232,ma_te_fit_day_27_BP14,diff,BP,14,comp_rel_diff
S7_19532160,7,51.17962841,4.54253125356573,5.80783674572734,-0.0332800082679986,0.00724812661856019,S7_17924954,7,42.95527033,2.86530707793169,S7_21205578,7,58.13544442,2.81987661703276,ma_te_fit_day_27_BP14,diff,BP,14,comp_rel_diff
S7_31494503,7,93.27304403,6.44454369146546,8.46007768363641,-0.0475254810546503,0.00857608135287731,S7_31178325,7,89.28412826,3.06244640121409,S7_32940091,7,101.9471039,4.10551455045434,ma_te_fit_day_27_BP14,diff,BP,14,comp_rel_diff
S9_6930910,9,35.42306752,6.71252218704366,8.84486179841496,0.0448858093081103,0.00792160312699554,S9_6184858,9,32.79210864,4.72220756375277,S9_7783026,9,36.65100204,5.12807932657497,ma_te_fit_day_27_BP14,diff,BP,14,comp_rel_diff
S1_6166327,1,38.86756757,6.47137607330271,0.164968474482734,-0.352399882127645,0.0642661386488977,S1_5912756,1,37.37420694,2.00345151431517,S1_6712560,1,39.10907663,1.9176414858517,ma_te_fit_day_27_BP14,diff,BP,14,comp_ratio
S1_6723037,1,39.59838051,22.1039329656008,0.705899337589102,1.11716594391685,0.0984791462061424,S1_6712560,1,39.10907663,7.38145983340658,S1_6777655,1,40.07980051,0,ma_te_fit_day_27_BP14,diff,BP,14,comp_ratio
S1_6777655,1,40.07980051,18.859798583715,0.574078779887614,-0.762680051651999,0.0745636342296257,S1_6723037,1,39.59838051,0,S1_7184697,1,41.87860783,2.60583640366158,ma_te_fit_day_27_BP14,diff,BP,14,comp_ratio
S2_27635604,2,45.12641895,3.27179366805251,0.0797912600903601,0.283670435960268,0.074393882471901,S2_27349551,2,44.88155084,1.04825020296289,S2_28125648,2,45.87906944,0,ma_te_fit_day_27_BP14,diff,BP,14,comp_ratio
S2_28125648,2,45.87906944,45.3635648083709,2.08124665722669,2.27012902555322,0.116704690510575,S2_27635604,2,45.12641895,0,S2_28852883,2,46.67882357,0,ma_te_fit_day_27_BP14,diff,BP,14,comp_ratio
S2_28852883,2,46.67882357,66.2163742062504,4.31511496588837,-2.54740169341566,0.0908206420361715,S2_28125648,2,45.87906944,0,S2_29692238,2,48.02651269,7.24704488764512,ma_te_fit_day_27_BP14,diff,BP,14,comp_ratio
S3_17274073,3,66.49179055,3.98984841117726,0.0982695338015418,-0.0603452839467359,0.0142551263713422,S3_11019896,3,54.12476393,2.25439392381267,S3_20423554,3,71.83639809,1.31774348125106,ma_te_fit_day_27_BP14,diff,BP,14,comp_ratio
S7_30590328,7,87.44246686,47.4657075636543,2.25365434953794,-1130574.48132349,55769.6623435254,S7_30436117,7,85.84098672,0.00455490792944602,S7_30592907,7,87.44246791,1.05279585227436e-06,ma_te_fit_day_27_BP14,diff,BP,14,comp_ratio
S7_30592907,7,87.44246791,47.4657075636543,2.25365443836508,1130574.50366651,55769.6623404479,S7_30590328,7,87.44246686,0,S7_30776418,7,87.9047648,9.98024898503095,ma_te_fit_day_27_BP14,diff,BP,14,comp_ratio
S8_32379080,8,67.79335044,57.7846939920042,3.2581581337713,2.23400806776857,0.0916583717313119,S8_31662547,8,67.16146163,12.5813799788543,S8_32474303,8,68.04514063,0,ma_te_fit_day_27_BP14,diff,BP,14,comp_ratio
S8_32474303,8,68.04514063,158.246968322571,61.7591301894572,-13.677729693789,0.128886077258645,S8_32379080,8,67.79335044,1.06581410364015e-14,S8_32529322,8,68.29566018,1.06581410364015e-14,ma_te_fit_day_27_BP14,diff,BP,14,comp_ratio
S8_32529322,8,68.29566018,170.568988092566,86.5726950467792,11.4471467042693,0.0911065333381515,S8_32474303,8,68.04514063,-1.33226762955019e-14,S8_32747316,8,68.80334764,14.2556412404293,ma_te_fit_day_27_BP14,diff,BP,14,comp_ratio
S2_45043544,2,98.51301522,7.697448046055,9.24761375241414,-2372.4116448951,389.516163749804,S2_44477541,2,95.90686042,6.17757157159186,S2_45980428,2,106.3362737,5.79326242876631,ma_te_fit_day_28_BP14,diff,BP,14,comp_diff
S3_7095091,3,46.70151328,3.91961100162817,4.46807852255917,7448.25267606287,1759.31773707702,S3_6422015,3,45.16807388,1.71329666889372,S3_7261171,3,47.15534623,0.830775542553639,ma_te_fit_day_28_BP14,diff,BP,14,comp_diff
S3_7345986,3,47.38986671,5.56160042461548,6.48549373257136,-8991.71028186115,1762.87314340881,S3_7095091,3,46.70151328,0,S3_7475161,3,47.62432066,1.7264037993979,ma_te_fit_day_28_BP14,diff,BP,14,comp_diff
S5_42739726,5,104.1345531,6.4311669227214,7.59078269376501,2384.67558741171,432.151778480034,S5_42366438,5,102.9057427,4.27026852520315,S5_43769059,5,111.9145952,2.82115984927924,ma_te_fit_day_28_BP14,diff,BP,14,comp_diff
S6_33052891,6,73.8397152,4.48743101768781,5.15559873358049,-1734.7450083162,381.457686604185,S6_32411928,6,68.72506699,2.17540234201956,S6_33383362,6,78.16213009,2.76577791708549,ma_te_fit_day_28_BP14,diff,BP,14,comp_diff
S7_19532160,7,51.17962841,4.67971794170998,5.39082832325838,1826.54301180827,392.782772279513,S7_18745312,7,46.86094211,3.02266125509466,S7_21796842,7,61.15089144,2.64655721394876,ma_te_fit_day_28_BP14,diff,BP,14,comp_diff
S7_31582647,7,94.06477091,6.28447182086752,7.40249103736073,2589.03544223056,475.11564215714,S7_31178325,7,89.28412826,4.4359555381166,S7_33411071,7,104.8359143,3.5977667839109,ma_te_fit_day_28_BP14,diff,BP,14,comp_diff
S9_4505809,9,29.42213919,4.40319287100998,5.05293336103932,4247.74580159559,943.489371677264,S9_3701245,9,24.84497852,2.51319027615138,S9_5041932,9,31.06780702,2.14921209642609,ma_te_fit_day_28_BP14,diff,BP,14,comp_diff
S9_6184858,9,32.79210864,8.4487161677166,10.2577900971416,-5782.80685103785,901.492382184332,S9_5633611,9,31.52841363,4.17098900790264,S9_6724364,9,34.93391023,6.20327939932909,ma_te_fit_day_28_BP14,diff,BP,14,comp_diff
S2_45043544,2,98.51301522,3.5806985630653,8.22490406924424,0.0382554111289225,0.00927546707140359,S2_41547545,2,82.9539568,1.99591468945216,S2_46329239,2,110.0512946,2.021522799094,ma_te_fit_day_28_BP14,diff,BP,14,comp_rel_diff
S9_6930910,9,35.42306752,5.08461579661316,11.9245171909137,0.0501426398448048,0.0100970644257617,S9_6184858,9,32.79210864,2.75304695277607,S9_8533228,9,38.82445549,3.48526522101213,ma_te_fit_day_28_BP14,diff,BP,14,comp_rel_diff
S3_21475852,3,73.94388319,56.4959616877222,23.8737983918374,-4.65369179840611,0.19710706522614,105,3,72.5329563,9.95750665864902,107,3,74.22047097,0,ma_te_fit_day_28_BP14,diff,BP,14,comp_ratio
S3_21730898,3,74.22047097,10.5169551596066,0.813838538144324,1918046.01163509,349692.839009218,2,3,73.94388319,6.22123943584839,4,3,74.22047202,6.22123943584839,ma_te_fit_day_28_BP14,diff,BP,14,comp_ratio
S3_21747204,3,74.22047202,10.5169551596066,2.17375706363313,-2570343.41507364,373052.770328664,S3_21730898,3,74.22047097,0,S3_21857944,3,74.22047307,0,ma_te_fit_day_28_BP14,diff,BP,14,comp_ratio
S3_21857944,3,74.22047307,10.5169551596066,1.93974233834723,652302.029575841,371632.129302498,1,3,74.22047202,0.998587946154061,3,3,74.45584286,1.0747688905826,ma_te_fit_day_28_BP14,diff,BP,14,comp_ratio
S9_2174659,9,17.49741196,87.0670922861979,63.1499730807312,8.34421988388162,0.212772015415454,S9_2049093,9,17.26757336,20.4639763737687,S9_2316603,9,17.74434082,-3.5527136788005e-15,ma_te_fit_day_28_BP14,diff,BP,14,comp_ratio
S9_2316603,9,17.74434082,89.1043000669718,67.1071141543416,-8.370669573139,0.206948622065959,S9_2174659,9,17.49741196,0,S9_2705209,9,19.90209146,4.63645512983014,ma_te_fit_day_28_BP14,diff,BP,14,comp_ratio
S9_4505809,9,29.42213919,13.6880220250203,2.96027734519329,0.662405557681342,0.0779711920220518,S9_4005852,9,26.89565247,4.9671771495593,S9_4775142,9,30.60506955,11.8166895673281,ma_te_fit_day_28_BP14,diff,BP,14,comp_ratio
S9_6184858,9,32.79210864,12.5788426521962,2.67745229199213,-0.612488797556516,0.0743280172921435,S9_5633611,9,31.52841363,10.4087453195567,S9_6295446,9,33.93753681,7.52422007383397,ma_te_fit_day_28_BP14,diff,BP,14,comp_ratio
S2_45043544,2,98.51301522,7.83485704117384,8.92442136046815,-4780.79007034499,777.274914466411,S2_44784129,2,96.94547802,6.17238760179205,S2_46014879,2,106.7975269,6.22045875362507,ma_te_fit_day_29_BP14,diff,BP,14,comp_diff
S3_7095091,3,46.70151328,3.42752061732753,3.67235553072705,13851.6272808278,3510.69781146269,S3_6422015,3,45.16807388,1.59401394604277,S3_7261171,3,47.15534623,0.562941650103888,ma_te_fit_day_29_BP14,diff,BP,14,comp_diff
S3_7345986,3,47.38986671,5.05002900823703,5.53331371984922,-17037.1859886589,3517.79258289869,S3_7095091,3,46.70151328,0,S3_7475161,3,47.62432066,1.81575857390254,ma_te_fit_day_29_BP14,diff,BP,14,comp_diff
S5_42739726,5,104.1345531,8.24173225525574,9.44164500894412,5455.62228127583,862.353781216465,S5_42719546,5,103.4003774,6.72494878930968,S5_43575577,5,107.8767063,6.13921521084217,ma_te_fit_day_29_BP14,diff,BP,14,comp_diff
S6_33052891,6,73.8397152,4.43356818798998,4.81660422098156,-3439.54509343435,761.194318288342,S6_32411928,6,68.72506699,2.52467269142609,S6_33383362,6,78.16213009,2.78852227960705,ma_te_fit_day_29_BP14,diff,BP,14,comp_diff
S7_19532160,7,51.17962841,5.06903880724798,5.55560567838878,3803.66529132506,783.793393291734,S7_18878870,7,47.34708131,3.22902938601288,S7_21663918,7,60.36847472,3.31066799438836,ma_te_fit_day_29_BP14,diff,BP,14,comp_diff
S7_31582647,7,94.06477091,6.158418594664,6.85244361718174,5109.82727607838,948.087664871726,S7_31178325,7,89.28412826,4.45369735109249,S7_33411071,7,104.8359143,3.49171411461246,ma_te_fit_day_29_BP14,diff,BP,14,comp_diff
S9_4505809,9,29.42213919,4.75400164706662,5.18765258262465,8828.90024809275,1882.7219225271,S9_3481902,9,24.38318703,2.95156659880607,S9_5041932,9,31.06780702,2.27511104247441,ma_te_fit_day_29_BP14,diff,BP,14,comp_diff
S9_6184858,9,32.79210864,9.94267505614556,11.6667064000654,-12650.8687927042,1798.91742491213,S9_5633611,9,31.52841363,4.87556602163932,S9_6724364,9,34.93391023,7.6686466694306,ma_te_fit_day_29_BP14,diff,BP,14,comp_diff
S2_38163462,2,71.59697552,109.714877307933,1.43904533140592,70.8125222018303,0.87782881616316,S2_38016395,2,71.36185702,23.2310143480117,S2_38257895,2,72.32177672,0,ma_te_fit_day_29_BP14,diff,BP,14,comp_ratio
S2_38257895,2,72.32177672,109.632337102213,1.43565786703287,-72.7354602906026,0.883129640793137,S2_38163462,2,71.59697552,0,S2_38311677,2,72.55715704,22.1772844103759,ma_te_fit_day_29_BP14,diff,BP,14,comp_ratio
S3_11383115,3,55.06652941,86.934313859367,0.740611306369786,-75.3825401341487,1.2063464142717,S3_11019896,3,54.12476393,4.68456250986299,S3_11606737,3,55.52944181,0,ma_te_fit_day_29_BP14,diff,BP,14,comp_ratio
S3_11606737,3,55.52944181,87.5101641535499,0.753475704773777,72.292158223498,1.18763506658108,S3_11383115,3,55.06652941,0,S3_11857473,3,55.99471325,12.7047305256937,ma_te_fit_day_29_BP14,diff,BP,14,comp_ratio
S4_37634295,4,82.86117369,203.609808359701,19.2217710534706,350068554.10348,1838932.56085844,S4_37610301,4,81.86533384,0.000940444867815415,S4_37643941,4,82.86117474,-1.4210854715202e-14,ma_te_fit_day_29_BP14,diff,BP,14,comp_ratio
S4_37643941,4,82.86117474,203.609808359701,19.2217595679164,-350068597.57744,1838933.11170737,S4_37634295,4,82.86117369,2.19690394445138e-05,S4_37718913,4,83.35908446,2.19690394445138e-05,ma_te_fit_day_29_BP14,diff,BP,14,comp_ratio
S4_37718913,4,83.35908446,237.991695196895,48.9044105887435,-358.470664268777,1.130092853289,1,4,82.86117474,3.5527136788005e-15,3,4,83.96730462,3.5527136788005e-15,ma_te_fit_day_29_BP14,diff,BP,14,comp_ratio
S4_37848366,4,83.96730462,261.377454253799,92.2142577816862,403.089812856665,0.967833310305846,S4_37718913,4,83.35908446,-1.77635683940025e-14,S4_37997803,4,85.14191993,8.29519618600614,ma_te_fit_day_29_BP14,diff,BP,14,comp_ratio
S6_35030407,6,89.70058304,10.0935715039253,0.0244175648529819,-3.88090584415041,0.472419449765514,S6_35005650,6,89.29289545,6.94903512742866,S6_35081257,6,90.75415918,0,ma_te_fit_day_29_BP14,diff,BP,14,comp_ratio
S6_35081257,6,90.75415918,9.04374398879779,0.0215557827181101,4.55446781112625,0.476257032834223,S6_35030407,6,89.70058304,0,S6_35137486,6,91.20265856,5.32648147867187,ma_te_fit_day_29_BP14,diff,BP,14,comp_ratio
S9_6487121,9,33.93753891,180.094608029598,10.1292742006925,-112689723.017931,656616.770122774,S9_6295446,9,33.93753681,28.4151033371999,S9_6501061,9,33.93753996,0,ma_te_fit_day_29_BP14,diff,BP,14,comp_ratio
S9_6501061,9,33.93753996,180.094608029598,10.129273963024,112689725.836464,656616.78509083,1,9,33.93753891,8.59567421684915e-07,3,9,34.93391023,9.03970688010446,ma_te_fit_day_29_BP14,diff,BP,14,comp_ratio
S2_45043544,2,98.51301522,5.91685268386665,9.96937491166893,-20354.9042733718,3800.56732669958,S2_44316069,2,95.42815792,4.35061738498292,S2_46014879,2,106.7975269,4.29936733020014,ma_te_fit_day_30_BP14,diff,BP,14,comp_diff
S5_42739726,5,104.1345531,5.65115126254706,9.48659491755866,21844.7271036609,4181.23691343455,S5_34757068,5,84.36015726,3.40753385179929,S5_43769059,5,111.9145952,2.36602223566695,ma_te_fit_day_30_BP14,diff,BP,14,comp_diff
S7_19532160,7,51.17962841,4.49126127445562,7.41929597411362,17356.4841393071,3756.58947960906,S7_19153030,7,49.2934369,2.66279187148148,S7_32940091,7,101.9471039,2.42107268526269,ma_te_fit_day_30_BP14,diff,BP,14,comp_diff
S9_6930910,9,35.42306752,8.65728573430515,15.1568558182714,-27474.9642936666,4160.50365064347,S9_6184858,9,32.79210864,6.36295503120845,S9_8279734,9,37.58932098,7.05739539061423,ma_te_fit_day_30_BP14,diff,BP,14,comp_diff
S3_26560894,3,77.60231258,4.23988049634475,3.85753703094242,0.317568633352865,0.0870718904337283,S3_21916842,3,74.45584286,2.13120807223229,S3_41592690,3,82.69526813,0,ma_te_fit_day_30_BP14,diff,BP,14,comp_ratio
S3_41592690,3,82.69526813,4.72551082645909,4.32832334263862,-0.436962596053421,0.0856679967783248,S3_40865398,3,80.2931784,0.779682598571995,S3_42118246,3,84.63774028,1.26081129144436,ma_te_fit_day_30_BP14,diff,BP,14,comp_ratio
S4_5220185,4,41.03387561,10.7933406307823,10.7638914296838,-1.80740186007804,0.245324224543784,S4_4959221,4,39.00666436,3.21882681580978,S4_5229448,4,41.33217754,0,ma_te_fit_day_30_BP14,diff,BP,14,comp_ratio
S4_5229448,4,41.33217754,8.50790314005848,8.21499160824359,1.63181188868489,0.250603254504279,S4_5220185,4,41.03387561,0,S4_5406623,4,43.05924585,0.522008445850332,ma_te_fit_day_30_BP14,diff,BP,14,comp_ratio
S4_28815325,4,52.90088436,3.50540769685657,3.15717802155382,0.297887799714486,0.071695171234418,S4_6714188,4,43.80983352,1.71512457890208,S4_31580677,4,59.36829393,1.56185592007301,ma_te_fit_day_30_BP14,diff,BP,14,comp_ratio
S7_16511236,7,33.24039283,25.9954226298826,32.3985173487367,-5941624.932741,466052.032528677,S7_16414980,7,32.98157305,0.116281994824675,S7_16810850,7,33.24039388,0,ma_te_fit_day_30_BP14,diff,BP,14,comp_ratio
S7_16810850,7,33.24039388,25.9954226298826,32.3985168330339,5941625.05842631,466052.033846867,S7_16511236,7,33.24039283,2.9702542292398e-07,S7_16897027,7,33.51807235,0.101293809400168,ma_te_fit_day_30_BP14,diff,BP,14,comp_ratio
S9_42035887,9,108.5576832,15.6961155591369,16.7944668766178,2.2847030424891,0.289523170647476,172,9,106.9765845,2.61086938328761,174,9,108.8334537,0,ma_te_fit_day_30_BP14,diff,BP,14,comp_ratio
S9_42059221,9,108.8334537,8.10853062477134,7.78555273811214,-2.12050264656294,0.319022259129103,S9_42035887,9,108.5576832,0,S9_42221633,9,110.4607469,0,ma_te_fit_day_30_BP14,diff,BP,14,comp_ratio
S9_42221633,9,110.4607469,4.7151346880021,4.31819950042929,-0.214323791574738,0.139580916633022,S9_42122344,9,108.8334548,0.00165516100116037,S9_42612418,9,111.7230473,2.69323210213265,ma_te_fit_day_30_BP14,diff,BP,14,comp_ratio
S2_45043544,2,98.51301522,3.53367819722631,7.07353985576344,92090.933899549,22537.8143121543,S2_41547545,2,82.9539568,1.75412889380489,S2_46329239,2,110.0512946,1.31105200821419,ma_te_fit_day_31_BP14,diff,BP,14,comp_diff
S5_42739726,5,104.1345531,4.43062582813231,8.98495763841124,-112366.11674815,24400.0478000899,S5_31260652,5,76.16548797,2.65208802900379,S5_43769059,5,111.9145952,1.52587895840646,ma_te_fit_day_31_BP14,diff,BP,14,comp_diff
S9_6930910,9,35.42306752,8.1318985331056,17.4088389367946,160284.31968022,25004.573788374,S9_6501061,9,33.93753996,6.01595712291889,S9_7478538,9,36.4077051,6.60466024362106,ma_te_fit_day_31_BP14,diff,BP,14,comp_diff
S2_4941182,2,23.54942181,104.236064797053,0.0875550750087513,10522468.2244777,195998.321564176,S2_4610984,2,23.30178822,0.761605357211039,S2_4993518,2,23.54942286,1.21297489386052e-06,ma_te_fit_day_31_BP14,diff,BP,14,comp_ratio
S2_4993518,2,23.54942286,104.236064797053,0.0875550781921959,-10522468.2373573,195998.318175535,S2_4941182,2,23.54942181,0,S2_5135031,2,24.55470231,0.0691324418432657,ma_te_fit_day_31_BP14,diff,BP,14,comp_ratio
S5_32958541,5,79.48545407,349.650615100871,98.8791058537568,223.76658288623,0.124028133863212,S5_32842706,5,79.24736643,24.3821968732731,S5_33076702,5,79.72354181,-1.33226762955019e-14,ma_te_fit_day_31_BP14,diff,BP,14,comp_ratio
S5_33076702,5,79.72354181,349.814304665117,99.340304433266,-223.764430661863,0.123737789010734,S5_32958541,5,79.48545407,7.105427357601e-15,S5_33184214,5,79.95790853,24.6999851563232,ma_te_fit_day_31_BP14,diff,BP,14,comp_ratio
S5_42739726,5,104.1345531,3.44150150013425,8.10913147052575,-96487.3893300433,23866.1609552441,S5_31260652,5,76.16548797,1.42005352303426,S5_44418942,5,120.9842738,1.88843732280445,ma_te_fit_day_32_BP14,diff,BP,14,comp_diff
S9_6930910,9,35.42306752,5.17618626139232,12.5092703044513,121621.705213086,24221.12326563,S9_6501061,9,33.93753996,3.1729870714753,S9_8378425,9,38.05852079,3.11805377351177,ma_te_fit_day_32_BP14,diff,BP,14,comp_diff
S2_39137766,2,74.24352224,87.98513388885,73.9249395645401,151.616060177572,3.65499801260891,S2_38889749,2,73.52128795,8.34592416284908,S2_39217273,2,74.47865868,1.77635683940025e-15,ma_te_fit_day_32_BP14,diff,BP,14,comp_ratio
S2_39217273,2,74.47865868,88.9108634141019,76.0827475453128,-152.932247940287,3.63456847428044,S2_39137766,2,74.24352224,-5.32907051820075e-15,S2_39494078,2,74.71660446,20.8608746950964,ma_te_fit_day_32_BP14,diff,BP,14,comp_ratio
S4_37610301,4,81.86533384,9.38087816377376,1.99799774908526,20.0407786918089,3.1113312791133,S4_37358856,4,79.32398946,2.20535295801663,S4_37634295,4,82.86117369,0.0644956183579097,ma_te_fit_day_32_BP14,diff,BP,14,comp_ratio
S4_37643941,4,82.86117474,9.4706580418473,2.0198276877904,-20.3164702182026,3.14024282883944,S4_37610301,4,81.86533384,0,S4_37718913,4,83.35908446,4.99855240924343,ma_te_fit_day_32_BP14,diff,BP,14,comp_ratio
S7_22295410,7,62.6273757,7.34053599026488,1.51670707873629,17.9544803336291,3.1810191099226,S7_22058493,7,61.66578514,3.89128565406392,S7_22646279,7,63.09991329,0,ma_te_fit_day_32_BP14,diff,BP,14,comp_ratio
S7_22646279,7,63.09991329,7.63528679004982,1.58451132779585,-18.2492574693707,3.17310551380753,S7_22295410,7,62.6273757,0,S7_23977851,7,64.81124352,5.17070585362198,ma_te_fit_day_32_BP14,diff,BP,14,comp_ratio
S9_50491261,9,136.5093376,37.6369406857082,12.558571736628,90127073.9116091,5273249.39769961,S9_50393843,9,136.5093366,25.7317264127652,S9_50690449,9,136.5093397,7.51911596097443e-06,ma_te_fit_day_32_BP14,diff,BP,14,comp_ratio
S9_50690449,9,136.5093397,37.6369406857082,12.5585758338497,-90127132.4385768,5273251.89046974,2,9,136.5093387,25.7316850439409,4,9,138.0504115,0,ma_te_fit_day_32_BP14,diff,BP,14,comp_ratio
S9_50756637,9,138.0504115,43.9439760658494,16.3248410211402,57.93238855888,2.97969740426006,1,9,136.5093397,0,3,9,138.3415046,17.7230677665742,ma_te_fit_day_32_BP14,diff,BP,14,comp_ratio
S9_6295446,9,33.93753681,4.38859525925041,13.6231881765148,140026.386583593,30234.2802944428,S9_4775142,9,30.60506955,2.44934708984242,S9_8378425,9,38.05852079,2.33325217082238,ma_te_fit_day_33_BP14,diff,BP,14,comp_diff
S7_31834678,7,96.02018118,20.9296855956499,26.797002220195,-2.59774059575603,0.225914746008031,S7_31814279,7,95.55378553,8.21189218894192,S7_31898025,7,96.25046173,0,ma_te_fit_day_33_BP14,diff,BP,14,comp_ratio
S7_31888927,7,96.25046068,20.7792115541962,26.5299674956202,2.5294486260357,0.222531955969352,S7_31834678,7,96.02018118,0,S7_32133319,7,99.94477983,0.0344705789345667,ma_te_fit_day_33_BP14,diff,BP,14,comp_ratio
S9_45932388,9,123.1914723,28.535917198317,42.2015333203369,2753152.7315213,189230.33984494,S9_45818943,9,122.8442473,0.165612070540783,S9_45959479,9,123.1914733,6.49044975986612e-07,ma_te_fit_day_33_BP14,diff,BP,14,comp_ratio
S9_45959479,9,123.1914733,28.535917198317,42.2015348086907,-2753152.8600207,189230.338666389,S9_45932388,9,123.1914723,-1.77635683940025e-15,S9_45986297,9,123.6574313,0.298382721039834,ma_te_fit_day_33_BP14,diff,BP,14,comp_ratio
