S9_6724364,9,34.93391023,4.25927872230236,17.3399699571744,1571.71641149619,341.457856839263,S9_6184858,9,32.79210864,1.88616302893993,S9_8279734,9,37.58932098,2.2955253786124,te_fit_total_17_BP14,dry,BP,14,raw
S2_44784129,2,96.94547802,3.83894421480113,7.08179470188204,1263.21997572059,296.261734921154,S2_43100924,2,89.4251276,2.00854988716726,S2_45980428,2,106.3362737,1.41605065254273,te_fit_total_18_BP14,dry,BP,14,raw
S7_32133319,7,99.94477983,5.72554892258135,10.8347744781682,-2315.51986946919,439.042757468034,S7_31494503,7,93.27304403,3.71473150194534,S7_32940091,7,101.9471039,3.38828394908637,te_fit_total_18_BP14,dry,BP,14,raw
S9_6724364,9,34.93391023,8.34082282735778,16.3571627028592,2101.60408729363,324.313599930222,S9_6184858,9,32.79210864,6.75357897876659,S9_8458511,9,38.57941159,6.8239942612619,te_fit_total_18_BP14,dry,BP,14,raw
S2_44769389,2,96.94547697,4.26604627589965,7.6752552195892,1637.65169842724,363.297154960752,S2_43481897,2,90.13407682,2.48843814552174,S2_45980428,2,106.3362737,1.6644877295285,te_fit_total_19_BP14,dry,BP,14,raw
S7_32133319,7,99.94477983,6.23882403555684,11.5284362020506,-2974.34683173401,538.38540563373,S7_31494503,7,93.27304403,4.25674463344352,S7_32940091,7,101.9471039,3.72810788870488,te_fit_total_19_BP14,dry,BP,14,raw
S9_6724364,9,34.93391023,8.93136968232473,17.1229079378162,2677.64817822184,397.696365876483,S9_6184858,9,32.79210864,7.211978628083,S9_8458511,9,38.57941159,7.33470903067022,te_fit_total_19_BP14,dry,BP,14,raw
S2_44752411,2,96.94547592,4.51008112617081,7.95500440213816,2028.06944858488,436.846704467149,S2_43829684,2,92.81876812,2.85891865739952,S2_45980428,2,106.3362737,1.86741900719056,te_fit_total_20_BP14,dry,BP,14,raw
S7_32133319,7,99.94477983,6.57269440028342,11.9218391558929,-3679.30272031688,647.381591009672,S7_31494503,7,93.27304403,4.59662404256432,S7_32940091,7,101.9471039,3.96815894896004,te_fit_total_20_BP14,dry,BP,14,raw
S9_6724364,9,34.93391023,9.49977636860285,17.9362385670087,3333.63404011311,478.210039473251,S9_6184858,9,32.79210864,7.67256567555452,S9_8458511,9,38.57941159,7.76361576369484,te_fit_total_20_BP14,dry,BP,14,raw
S2_45043544,2,98.51301522,4.68489238314409,8.13074484949731,2479.28177562011,523.361751927238,S2_43829684,2,92.81876812,2.90226115361518,S2_45980428,2,106.3362737,2.02365681985379,te_fit_total_21_BP14,dry,BP,14,raw
S7_32133319,7,99.94477983,6.61310339894193,11.7813139341835,-4365.31119618184,765.525397768799,S7_31178325,7,89.28412826,2.82153803228768,S7_32940091,7,101.9471039,3.9705849156706,te_fit_total_21_BP14,dry,BP,14,raw
S9_6724364,9,34.93391023,10.0602819284239,18.7904794917358,4075.07759920692,565.858977889491,S9_6184858,9,32.79210864,8.16399565894392,S9_8458511,9,38.57941159,7.80774276081388,te_fit_total_21_BP14,dry,BP,14,raw
S2_45043544,2,98.51301522,4.87884961373063,8.34550366738263,2959.77895289153,611.444949861973,S2_44073549,2,93.52620611,3.32426994437326,S2_45980428,2,106.3362737,2.17956408625302,te_fit_total_22_BP14,dry,BP,14,raw
S7_32133319,7,99.94477983,6.75912432204206,11.8606637183288,-5161.13383451444,894.365392069931,S7_31494503,7,93.27304403,4.93550255057844,S7_32940091,7,101.9471039,4.09239925076374,te_fit_total_22_BP14,dry,BP,14,raw
S9_6724364,9,34.93391023,10.5745178382191,19.5543868676764,4898.47993187688,661.094573859287,S9_6184858,9,32.79210864,8.60248516292834,S9_8378425,9,38.05852079,9.04958536724523,te_fit_total_22_BP14,dry,BP,14,raw
S2_45043544,2,98.51301522,4.97044007910639,8.39061716789188,3501.47949949406,716.212770708102,S2_44073549,2,93.52620611,3.30609332426191,S2_45980428,2,106.3362737,2.32803697805035,te_fit_total_23_BP14,dry,BP,14,raw
S7_32133319,7,99.94477983,6.86283769027203,11.8867291587651,-6095.97871239056,1047.61011702597,S7_31494503,7,93.27304403,4.98769642566175,S7_32940091,7,101.9471039,4.19670413330805,te_fit_total_23_BP14,dry,BP,14,raw
S9_6724364,9,34.93391023,11.0871599688797,20.352457509107,5896.16045105259,774.369592145189,S9_6184858,9,32.79210864,9.07650934534538,S9_8378425,9,38.05852079,9.44857848189848,te_fit_total_23_BP14,dry,BP,14,raw
S2_45043544,2,98.51301522,4.97392755128057,8.31287661370025,4053.43138046061,828.801923749063,S2_44073549,2,93.52620611,3.24877290194755,S2_45980428,2,106.3362737,2.44866797191935,te_fit_total_24_BP14,dry,BP,14,raw
S7_32133319,7,99.94477983,6.88395693558458,11.8073971262035,-7066.13396107434,1212.29516680034,S7_31494503,7,93.27304403,4.9613382132107,S7_32940091,7,101.9471039,4.23897280207422,te_fit_total_24_BP14,dry,BP,14,raw
S9_6724364,9,34.93391023,11.5383943707408,21.1006956148746,6982.35257333112,896.101038561739,S9_6184858,9,32.79210864,9.50116576508993,S9_8378425,9,38.05852079,9.73936480351216,te_fit_total_24_BP14,dry,BP,14,raw
S2_45043544,2,98.51301522,4.90428003345268,8.14569461365131,4555.76383621006,938.546341176024,S2_44073549,2,93.52620611,3.16263963936122,S2_45980428,2,106.3362737,2.57434308420414,te_fit_total_25_BP14,dry,BP,14,raw
S7_32133319,7,99.94477983,6.77372509258736,11.5398716742416,-7931.49863323806,1372.81919916287,S7_31494503,7,93.27304403,4.80895867526811,S7_32940091,7,101.9471039,4.17354368207563,te_fit_total_25_BP14,dry,BP,14,raw
S9_6724364,9,34.93391023,11.9380646197818,21.8379059973815,8065.08348081832,1014.75675546428,S9_6184858,9,32.79210864,9.86963177500854,S9_8378425,9,38.05852079,9.94058484748442,te_fit_total_25_BP14,dry,BP,14,raw
S2_45043544,2,98.51301522,4.76354476385094,7.89216407248692,4963.04625311199,1038.43275408535,S2_44073549,2,93.52620611,3.04882225741621,S2_45980428,2,106.3362737,2.65365122826594,te_fit_total_26_BP14,dry,BP,14,raw
S7_32133319,7,99.94477983,6.60288024625302,11.2159243002553,-8654.17011621165,1518.92384989926,S7_31494503,7,93.27304403,4.62421195280671,S7_32940091,7,101.9471039,4.0680717581924,te_fit_total_26_BP14,dry,BP,14,raw
S9_6724364,9,34.93391023,12.2242566812064,22.4373141316704,9047.77796423964,1122.75399314125,S9_6184858,9,32.79210864,10.1391246624925,S9_8279734,9,37.58932098,10.6068465599094,te_fit_total_26_BP14,dry,BP,14,raw
S2_45043544,2,98.51301522,4.56881350898579,7.57066878419658,5227.98584636895,1118.40462828079,S2_44073549,2,93.52620611,2.91590413202147,S2_45980428,2,106.3362737,2.72349275787322,te_fit_total_27_BP14,dry,BP,14,raw
S7_32133319,7,99.94477983,6.34706364079184,10.7738135417526,-9122.41091250903,1635.89934644316,S7_31494503,7,93.27304403,4.38884009962137,S7_32940091,7,101.9471039,3.91306020664713,te_fit_total_27_BP14,dry,BP,14,raw
S9_6724364,9,34.93391023,12.4657747903209,23.0217485163904,9856.95248291986,1209.21962198305,S9_6184858,9,32.79210864,10.33645814484,S9_7478538,9,36.4077051,10.2084167618986,te_fit_total_27_BP14,dry,BP,14,raw
S5_44003086,5,115.1315049,3.96785667836524,6.5309960758672,-5327.504969525,1227.92414059887,S5_33184214,5,79.95790853,2.07763816382455,S5_44418942,5,120.9842738,1.94988385263266,te_fit_total_28_BP14,dry,BP,14,raw
S7_31711920,7,95.32348365,6.77972373708108,11.5925379195291,-8360.22812678717,1446.3261922404,S7_31178325,7,89.28412826,3.4172225041085,S7_32133319,7,99.94477983,5.15659130056007,te_fit_total_28_BP14,dry,BP,14,raw
S9_6724364,9,34.93391023,13.756811995497,25.9057556838459,11017.6636017775,1275.05453671926,S9_6184858,9,32.79210864,11.4954139827137,S9_7142713,9,35.91474829,12.0355058915903,te_fit_total_28_BP14,dry,BP,14,raw
S5_44003086,5,115.1315049,4.1893696153531,6.90242579805426,-5690.85156870075,1274.61962332063,S5_33184214,5,79.95790853,2.20265658794903,S5_44418942,5,120.9842738,2.04737904014338,te_fit_total_29_BP14,dry,BP,14,raw
S7_31711920,7,95.32348365,6.55604489312156,11.1536960456186,-8520.80254039062,1501.32706524779,S7_31178325,7,89.28412826,3.25931442364057,S7_32133319,7,99.94477983,4.98195085423917,te_fit_total_29_BP14,dry,BP,14,raw
S9_6724364,9,34.93391023,13.864044369075,26.0949098203169,11489.7745850601,1323.54229351149,S9_6184858,9,32.79210864,11.5549403464974,S9_7142713,9,35.91474829,12.1636122154542,te_fit_total_29_BP14,dry,BP,14,raw
S5_44003086,5,115.1315049,4.38904908511117,7.25802791038859,-5970.67548502759,1304.7619533859,S5_43769059,5,111.9145952,2.58097114446512,S5_44418942,5,120.9842738,2.14128814975413,te_fit_total_30_BP14,dry,BP,14,raw
S7_31711920,7,95.32348365,6.33997404811914,10.764977207486,-8564.76440698551,1536.83059517049,S7_31178325,7,89.28412826,3.10467991728722,S7_32133319,7,99.94477983,4.83961285907931,te_fit_total_30_BP14,dry,BP,14,raw
S9_6724364,9,34.93391023,13.8395280623614,26.0653457681819,11749.0599232227,1354.84155168738,S9_6184858,9,32.79210864,11.5060766161015,S9_7142713,9,35.91474829,12.1429812776977,te_fit_total_30_BP14,dry,BP,14,raw
S4_28815325,4,52.90088436,3.69729288287725,6.60108243328163,5165.33771783566,1234.70364643632,S4_7641887,4,45.40438824,1.97886785666483,S4_32232256,4,62.40241389,1.62797900039958,te_fit_total_31_BP14,dry,BP,14,raw
S7_32133319,7,99.94477983,6.6959313545734,12.4782879641633,-10261.7438235691,1784.08381749522,S7_31814279,7,95.55378553,4.67601938009176,S7_32940091,7,101.9471039,3.87877902738619,te_fit_total_31_BP14,dry,BP,14,raw
S9_6724364,9,34.93391023,9.52400476343666,18.490535405249,9484.38391527204,1354.58408638566,S9_5686516,9,31.99307473,7.63961325174178,S9_7478538,9,36.4077051,7.21271136478949,te_fit_total_31_BP14,dry,BP,14,raw
S5_44050206,5,115.8565285,3.93004304841301,7.00813306543149,-5333.45607163801,1234.40349307151,S5_43706919,5,109.5147878,2.11925623778641,S5_44418942,5,120.9842738,2.10191506193874,te_fit_total_32_BP14,dry,BP,14,raw
S7_32133319,7,99.94477983,5.06452050461123,9.17923458476509,-8633.79146803301,1746.01475613572,S7_31494503,7,93.27304403,3.49319166207954,S7_32940091,7,101.9471039,3.21261311466733,te_fit_total_32_BP14,dry,BP,14,raw
S9_6724364,9,34.93391023,11.6314639291269,23.201048662453,10412.5623901482,1324.5043787166,S9_5686516,9,31.99307473,9.76055679309631,S9_7142713,9,35.91474829,9.98577571755046,te_fit_total_32_BP14,dry,BP,14,raw
S4_28815325,4,52.90088436,4.74370052450745,8.99988010064985,6188.42008078182,1291.99684767166,S4_9295193,4,46.17739222,3.14974305603638,S4_32232256,4,62.40241389,1.8598043515793,te_fit_total_33_BP14,dry,BP,14,raw
S7_32133319,7,99.94477983,6.66850847999182,13.0623213641391,-10263.8328526692,1778.68653733236,S7_31956171,7,96.48121012,4.56838384015355,S7_32940091,7,101.9471039,3.78272854404831,te_fit_total_33_BP14,dry,BP,14,raw
S9_6724364,9,34.93391023,9.91551726947665,20.5126944369976,10048.6528095103,1389.62146860715,S9_5686516,9,31.99307473,8.12428069226734,S9_7478538,9,36.4077051,7.22823135961368,te_fit_total_33_BP14,dry,BP,14,raw
S7_32133319,7,99.94477983,4.33331458915517,9.52109873508292,-4032.44267091294,884.161850643944,S7_31178325,7,89.28412826,2.50016568077392,S7_32940091,7,101.9471039,2.19949923402786,te_fit_total_17_BP14,wet,BP,14,raw
S9_6724364,9,34.93391023,5.82911889716127,13.0758642200029,3570.08216560239,667.959476039933,S9_5686516,9,31.99307473,3.90342642182929,S9_8279734,9,37.58932098,3.98359909475409,te_fit_total_17_BP14,wet,BP,14,raw
S2_44586954,2,96.05450929,5.21071101494939,9.11568703315798,3921.13198097358,784.001239287255,S2_43100924,2,89.4251276,3.47661813022677,S2_45043544,2,98.51301522,3.41366146043184,te_fit_total_18_BP14,wet,BP,14,raw
S5_43714208,5,109.7001758,3.70762334049071,6.35284664931237,-3589.35832565116,859.671683692024,S5_41101118,5,96.20937263,2.18734405546688,S5_44003086,5,115.1315049,2.0985776789467,te_fit_total_18_BP14,wet,BP,14,raw
S7_32133319,7,99.94477983,5.37087179138904,9.41676696002643,-5850.34812229806,1150.88197904659,S7_31178325,7,89.28412826,3.10370124799713,S7_32940091,7,101.9471039,2.73440290553455,te_fit_total_18_BP14,wet,BP,14,raw
S9_6724364,9,34.93391023,8.11057569617746,14.7745684604824,5522.05216310925,867.24757534691,S9_6184858,9,32.79210864,6.32725558966506,S9_6930910,9,35.42306752,6.60343558689072,te_fit_total_18_BP14,wet,BP,14,raw
S2_44586954,2,96.05450929,6.27672368548045,10.4398347093656,5815.39003407349,1051.59744227601,S2_43374008,2,89.65964759,4.72891510502616,S2_44908249,2,97.68940295,4.73477059107992,te_fit_total_19_BP14,wet,BP,14,raw
S5_43714208,5,109.7001758,4.22077445385723,6.82295404554506,-5155.06484268319,1153.095809631,S5_42251884,5,101.3829046,2.0409167723057,S5_44003086,5,115.1315049,2.47054874335184,te_fit_total_19_BP14,wet,BP,14,raw
S7_32133319,7,99.94477983,6.19634759247829,10.2946189796672,-8477.17630950321,1543.70233729121,S7_31178325,7,89.28412826,3.49126688005018,S7_32940091,7,101.9471039,3.1352861341941,te_fit_total_19_BP14,wet,BP,14,raw
S9_6724364,9,34.93391023,9.21512443048798,15.9716779914469,7956.71228991695,1163.25751332228,S9_6184858,9,32.79210864,7.10439773409442,S9_6930910,9,35.42306752,7.65751069457304,te_fit_total_19_BP14,wet,BP,14,raw
S2_44586954,2,96.05450929,7.10689135619862,11.4190425674775,7966.07502341662,1345.94196488662,S2_43829684,2,92.81876812,4.93067697223264,S2_44908249,2,97.68940295,5.46459383316475,te_fit_total_20_BP14,wet,BP,14,raw
S5_43714208,5,109.7001758,4.58084072958242,7.10631099872476,-6890.76634621853,1475.84995676503,S5_42719546,5,103.4003774,2.82937422804809,S5_44003086,5,115.1315049,2.73198025453916,te_fit_total_20_BP14,wet,BP,14,raw
S7_32133319,7,99.94477983,6.78694078771445,10.8563295618976,-11402.1065781855,1975.78814242539,S7_31178325,7,89.28412826,3.77580904965676,S7_32940091,7,101.9471039,3.42614284153822,te_fit_total_20_BP14,wet,BP,14,raw
S9_6724364,9,34.93391023,10.00819863532,16.750633026946,10672.631228348,1488.85594449666,S9_6184858,9,32.79210864,7.64154268567226,S9_6930910,9,35.42306752,8.45348338903038,te_fit_total_20_BP14,wet,BP,14,raw
S2_44586954,2,96.05450929,7.77304075418976,12.1627638616951,10443.8461440919,1679.42936295968,S2_44209808,2,93.99718694,6.02070703450534,S2_44908249,2,97.68940295,6.07990935987113,te_fit_total_21_BP14,wet,BP,14,raw
S5_43714208,5,109.7001758,4.85529850210416,7.29465983222337,-8868.75633010423,1841.52498203945,S5_42719546,5,103.4003774,2.9323868334075,S5_44003086,5,115.1315049,2.93516976945432,te_fit_total_21_BP14,wet,BP,14,raw
S7_32133319,7,99.94477983,7.26502095843626,11.2872585505446,-14769.0515032666,2465.33409904957,S7_31178325,7,89.28412826,4.03446867270575,S7_32940091,7,101.9471039,3.67751574209773,te_fit_total_21_BP14,wet,BP,14,raw
S9_6724364,9,34.93391023,10.6355475495494,17.3276015518405,13789.2263084906,1857.75349579459,S9_6184858,9,32.79210864,8.0610676754921,S9_6930910,9,35.42306752,9.10995298990658,te_fit_total_21_BP14,wet,BP,14,raw
S2_44586954,2,96.05450929,8.31420462288358,12.7495218649877,13036.0014250855,2019.20949024388,S2_44209808,2,93.99718694,6.42229064914133,S2_44908249,2,97.68940295,6.59441151847994,te_fit_total_22_BP14,wet,BP,14,raw
S5_43714262,5,109.7001769,5.03059665501821,7.36878366021891,-10867.0390117571,2214.10009987048,S5_42719546,5,103.4003774,2.96866061075026,S5_44003086,5,115.1315049,3.05927219867932,te_fit_total_22_BP14,wet,BP,14,raw
S7_32133319,7,99.94477983,7.71846726148511,11.7374346257827,-18361.0741300327,2964.11752660605,S7_31429416,7,92.5060333,6.21636627705093,S7_32940091,7,101.9471039,3.93165680507096,te_fit_total_22_BP14,wet,BP,14,raw
S9_6724364,9,34.93391023,11.0790871360601,17.66657544437,16974.6169032242,2233.6119470176,S9_6184858,9,32.79210864,8.34597608832311,S9_7142713,9,35.91474829,9.06360851694606,te_fit_total_22_BP14,wet,BP,14,raw
S2_44586954,2,96.05450929,9.52490001919517,13.2952373399753,15741.5159246903,2265.58100524136,S2_44209808,2,93.99718694,7.24269149876817,S2_44908249,2,97.68940295,7.95541900740266,te_fit_total_23_BP14,wet,BP,14,raw
S5_43714208,5,109.7001758,6.22462499385019,8.29556192755189,-13672.2625446378,2491.14251490806,S5_43575577,5,107.8767063,4.45058778621107,S5_44003086,5,115.1315049,4.316014048471,te_fit_total_23_BP14,wet,BP,14,raw
S7_16511236,7,33.24039283,3.23227926975145,4.13298471525027,-8706.61011309729,2247.49268273417,S7_9428033,7,8.555063982,1.12008459187861,S7_19976887,7,53.27530926,1.55778861964998,te_fit_total_23_BP14,wet,BP,14,raw
S7_32133319,7,99.94477983,8.06516371341675,11.0286291324012,-21092.6803545344,3333.12878375237,S7_31494503,7,93.27304403,6.54914859970159,S7_32940091,7,101.9471039,4.39773274075327,te_fit_total_23_BP14,wet,BP,14,raw
S9_6724364,9,34.93391023,12.3046199367768,17.8673336410483,20186.6842649647,2506.2027713409,S9_6501061,9,33.93753996,10.594459022674,S9_7142713,9,35.91474829,10.5033155481902,te_fit_total_23_BP14,wet,BP,14,raw
S2_44586954,2,96.05450929,9.17159633804774,13.5989302772385,18199.480386145,2667.85774400936,S2_44209808,2,93.99718694,7.1415637871249,S2_44908249,2,97.68940295,7.53260288975265,te_fit_total_24_BP14,wet,BP,14,raw
S5_43714262,5,109.7001769,5.34726124677817,7.51550759675287,-14835.4815189182,2925.35476184689,S5_42719546,5,103.4003774,3.04996331260161,S5_44003086,5,115.1315049,3.34832755337507,te_fit_total_24_BP14,wet,BP,14,raw
S7_32133319,7,99.94477983,8.42855666164467,12.3671238620148,-25477.394439876,3916.30681993016,S7_31429416,7,92.5060333,6.79745292588063,S7_32940091,7,101.9471039,4.38924183759219,te_fit_total_24_BP14,wet,BP,14,raw
S9_6724364,9,34.93391023,11.8959534837821,18.3335180455913,23375.2285235114,2951.13456961962,S9_6184858,9,32.79210864,8.910261779783,S9_7142713,9,35.91474829,9.90039237977647,te_fit_total_24_BP14,wet,BP,14,raw
S2_44752288,2,96.94547487,10.7446302340136,13.451762651881,19975.9679061208,2691.85761645774,S2_44257418,2,94.71205672,9.10495149397522,S2_45043544,2,98.51301522,8.61504377183523,te_fit_total_25_BP14,wet,BP,14,raw
S5_43714208,5,109.7001758,8.20984189211108,9.9168720198558,-19335.210244729,3034.55766967687,S5_43329831,5,106.5862469,6.40324371841657,S5_44003086,5,115.1315049,5.38974048973227,te_fit_total_25_BP14,wet,BP,14,raw
S6_31006529,6,59.39487638,3.32200461514774,3.74921234150261,10852.6998657822,2770.13940113554,S6_29065113,6,49.8232161,1.59810831351911,S6_33383362,6,78.16213009,1.56708307379414,te_fit_total_25_BP14,wet,BP,14,raw
S7_19532160,7,51.17962841,4.48507949045035,5.14365843648012,-12489.360027588,2721.68572275344,S7_16359609,7,32.72868696,2.65905370154326,S7_20791180,7,57.68635809,2.86168604885886,te_fit_total_25_BP14,wet,BP,14,raw
S7_32133319,7,99.94477983,8.66415905745276,10.5327189558019,-26327.8583353547,4009.39768476824,S7_31956171,7,96.48121012,5.70738148014122,S7_32940091,7,101.9471039,3.91587180899077,te_fit_total_25_BP14,wet,BP,14,raw
S9_6724364,9,34.93391023,12.7940075727521,16.4925940706293,24536.6386785984,2986.10059150307,S9_6501061,9,33.93753996,11.2202736379763,S9_7142713,9,35.91474829,10.6190021947689,te_fit_total_25_BP14,wet,BP,14,raw
S2_44752288,2,96.94547487,11.0558859051216,13.5835909572181,21592.4924763667,2862.10490336948,S2_44257418,2,94.71205672,9.33496267398367,S2_45043544,2,98.51301522,9.09702922419911,te_fit_total_26_BP14,wet,BP,14,raw
S5_43714208,5,109.7001758,8.44247737133357,9.99636482784319,-20881.4108846277,3226.47911718624,S5_43329831,5,106.5862469,6.61711213022653,S5_43769059,5,111.9145952,6.31047399999778,te_fit_total_26_BP14,wet,BP,14,raw
S6_31006529,6,59.39487638,3.4373759811809,3.79636786551146,11747.0593695214,2945.33764138691,S6_29065113,6,49.8232161,1.67999546603508,S6_33383362,6,78.16213009,1.67106473448713,te_fit_total_26_BP14,wet,BP,14,raw
S7_19532160,7,51.17962841,4.83168749834287,5.43995103055089,-13815.8899457616,2893.81949658021,S7_16414980,7,32.98157305,3.00450160012226,S7_20791180,7,57.68635809,3.06227813663267,te_fit_total_26_BP14,wet,BP,14,raw
S7_32133319,7,99.94477983,8.87188143010544,10.5684784217797,-28368.0028965351,4262.97316134944,S7_31956171,7,96.48121012,5.91732390134784,S7_32940091,7,101.9471039,4.09177004553155,te_fit_total_26_BP14,wet,BP,14,raw
S9_6724364,9,34.93391023,13.2218129075114,16.755207001127,26602.5168654903,3174.95735756706,S9_6501061,9,33.93753996,11.6235587178235,S9_7142713,9,35.91474829,11.0417129084252,te_fit_total_26_BP14,wet,BP,14,raw
S2_44752288,2,96.94547487,11.2027511162571,13.5579974732689,22563.0732769004,2967.98585249386,S2_44257418,2,94.71205672,9.44646519161137,S2_45043544,2,98.51301522,9.46008166107331,te_fit_total_27_BP14,wet,BP,14,raw
S5_43714208,5,109.7001758,8.69199760037914,10.1521689312839,-22010.1604381149,3345.83975657284,S5_43575577,5,107.8767063,7.19063632178769,S5_43769059,5,111.9145952,6.47250819365932,te_fit_total_27_BP14,wet,BP,14,raw
S6_31006529,6,59.39487638,3.56333310642644,3.87518876620711,12413.5629457614,3054.29770941051,S6_29065113,6,49.8232161,1.75474819334741,S6_33383362,6,78.16213009,1.77166651897094,te_fit_total_27_BP14,wet,BP,14,raw
S7_19532160,7,51.17962841,5.10987218795879,5.67703852224066,-14762.0710311143,3000.87369802889,S7_17849585,7,42.46452593,3.55590758900032,S7_20312115,7,54.97788472,3.41519351794695,te_fit_total_27_BP14,wet,BP,14,raw
S7_32133319,7,99.94477983,8.90147288855987,10.4275483275071,-29472.6126211776,4420.67794843956,S7_31956171,7,96.48121012,6.02779961670953,S7_32940091,7,101.9471039,4.16360105792215,te_fit_total_27_BP14,wet,BP,14,raw
S9_6724364,9,34.93391023,13.6431449118137,17.0979577098685,28107.6765870447,3292.41199665205,S9_6501061,9,33.93753996,11.992747636791,S9_7142713,9,35.91474829,11.4690408642162,te_fit_total_27_BP14,wet,BP,14,raw
S2_44752288,2,96.94547487,11.1980441612966,13.4215843960226,23037.4334669603,3031.12234043505,S2_44257418,2,94.71205672,9.44364205773221,S2_45043544,2,98.51301522,9.68032703075232,te_fit_total_28_BP14,wet,BP,14,raw
S5_43714262,5,109.7001769,8.86204930126724,10.2762140413508,-22724.3820554602,3417.0141427861,S5_43575577,5,107.8767063,7.30172816903006,S5_43769059,5,111.9145952,6.58523249410887,te_fit_total_28_BP14,wet,BP,14,raw
S6_31006529,6,59.39487638,3.61725296395166,3.8990380436195,12777.9291868848,3119.2702665786,S6_29065113,6,49.8232161,1.77765327807194,S6_33383362,6,78.16213009,1.83015454231708,te_fit_total_28_BP14,wet,BP,14,raw
S7_19532160,7,51.17962841,5.32071609543938,5.87179896468874,-15406.4890737147,3064.70979277402,S7_18223567,7,43.92895216,3.53281154612126,S7_19976887,7,53.27530926,3.55469800547718,te_fit_total_28_BP14,wet,BP,14,raw
S7_32133319,7,99.94477983,8.85396260310319,10.2656675022779,-30009.0915351688,4514.71683335209,S7_31956171,7,96.48121012,6.07588005425359,S7_32940091,7,101.9471039,4.18732942452612,te_fit_total_28_BP14,wet,BP,14,raw
S9_6724364,9,34.93391023,13.9458615708635,17.3854630810561,29085.5768300989,3362.4498407433,S9_6501061,9,33.93753996,12.2823518555864,S9_7142713,9,35.91474829,11.773331296499,te_fit_total_28_BP14,wet,BP,14,raw
S2_44752288,2,96.94547487,11.1071303777916,13.2401207482788,23056.1486550219,3047.94499458442,S2_44257418,2,94.71205672,9.38908085021923,S2_45156658,2,100.2097111,8.98443172975782,te_fit_total_29_BP14,wet,BP,14,raw
S5_43714262,5,109.7001769,9.02567976902937,10.446490205307,-23087.0956502061,3435.97848691064,S5_43575577,5,107.8767063,7.43093846167805,S5_43769059,5,111.9145952,6.69488599845577,te_fit_total_29_BP14,wet,BP,14,raw
S6_31006529,6,59.39487638,3.67075063580835,3.94315167081482,12948.2796894994,3136.58213954164,S6_30703582,6,56.23729456,2.17064891021035,S6_33383362,6,78.16213009,1.86323570628564,te_fit_total_29_BP14,wet,BP,14,raw
S7_19532160,7,51.17962841,5.46907182189901,6.02280478903023,-15722.6618764364,3081.71885645457,S7_18223567,7,43.92895216,3.55410598518846,S7_19976887,7,53.27530926,3.61878801699778,te_fit_total_29_BP14,wet,BP,14,raw
S7_32133319,7,99.94477983,8.7037410907827,10.0282918887667,-29886.9312505028,4539.7734003064,S7_31956171,7,96.48121012,6.03133873772386,S7_32940091,7,101.9471039,4.12542046509827,te_fit_total_29_BP14,wet,BP,14,raw
S9_6724364,9,34.93391023,14.1407355175513,17.6044262428177,29491.9899565086,3381.11135433873,S9_6501061,9,33.93753996,12.4713553718733,S9_7142713,9,35.91474829,12.0064748393016,te_fit_total_29_BP14,wet,BP,14,raw
S2_44752288,2,96.94547487,10.9333739161005,13.0076108482669,22583.964184947,3012.87289447991,S2_44257418,2,94.71205672,9.2811054281153,S2_45156658,2,100.2097111,9.00455040196935,te_fit_total_30_BP14,wet,BP,14,raw
S5_43714262,5,109.7001769,9.15481798925973,10.6207970721784,-23005.0549512425,3396.44136217119,S5_43575577,5,107.8767063,7.54608037846742,S5_43769059,5,111.9145952,6.78860186571955,te_fit_total_30_BP14,wet,BP,14,raw
S6_31006529,6,59.39487638,3.68923190470611,3.96607761522698,12833.0992517653,3100.49010934442,S6_30703582,6,56.23729456,2.14297241994005,S6_33383362,6,78.16213009,1.87051588107697,te_fit_total_30_BP14,wet,BP,14,raw
S7_19532160,7,51.17962841,5.56644455878573,6.14152504423659,-15690.089207305,3046.25812720271,S7_18223567,7,43.92895216,3.57976164592701,S7_19806344,7,52.34268693,3.74225942198801,te_fit_total_30_BP14,wet,BP,14,raw
S7_32133319,7,99.94477983,8.50397940117422,9.77571795771289,-29161.0253834276,4487.53512585256,S7_31956171,7,96.48121012,5.93896624025126,S7_32940091,7,101.9471039,4.02754414356023,te_fit_total_30_BP14,wet,BP,14,raw
S9_6724364,9,34.93391023,14.2408866509391,17.7639612261523,29276.804045338,3342.2055748399,S9_6501061,9,33.93753996,12.5887575467546,S9_7142713,9,35.91474829,12.1591907363542,te_fit_total_30_BP14,wet,BP,14,raw
S2_44752288,2,96.94547487,12.3536553452826,13.3061337771953,21596.3005388286,2684.05263021674,S2_44316069,2,95.42815792,10.7834358275437,S2_45156658,2,100.2097111,9.73408759265908,te_fit_total_31_BP14,wet,BP,14,raw
S3_7345986,3,47.38986671,3.76225325475166,3.57271816482063,11297.562130356,2709.71095376966,S3_6422015,3,45.16807388,1.24790360408591,S3_12575474,3,56.22627443,2.11009725642454,te_fit_total_31_BP14,wet,BP,14,raw
S5_43714208,5,109.7001758,10.3208512186085,10.7853963214205,-21751.7135445652,3002.70749945424,S5_42719546,5,103.4003774,8.61038681791699,S5_43769059,5,111.9145952,7.20313646482358,te_fit_total_31_BP14,wet,BP,14,raw
S6_31738921,6,62.88206621,4.99391613033475,4.82729593044336,13364.4348411511,2757.63157921467,S6_30877621,6,56.47248985,2.56798781641233,S6_33134238,6,74.06870704,3.15835524505798,te_fit_total_31_BP14,wet,BP,14,raw
S7_19532160,7,51.17962841,6.64581161166834,6.57995056165873,-15426.669034045,2726.45575607023,S7_19153030,7,49.2934369,4.35653340208504,S7_19644932,7,51.8739576,4.91921193951131,te_fit_total_31_BP14,wet,BP,14,raw
S7_32133319,7,99.94477983,11.3399152068228,12.0309704685156,-30538.5224320656,3991.49231679017,S7_31956171,7,96.48121012,7.26749860952329,S7_32940091,7,101.9471039,6.58570608349553,te_fit_total_31_BP14,wet,BP,14,raw
S9_6724364,9,34.93391023,13.43712347164,14.7099935372823,25961.6937441949,3068.77034771835,S9_6184858,9,32.79210864,11.5422576379078,S9_7142713,9,35.91474829,11.7486328417517,te_fit_total_31_BP14,wet,BP,14,raw
S2_44752288,2,96.94547487,12.0773221805346,12.9817844029145,20203.7617280032,2544.7939588874,S2_44316069,2,95.42815792,10.5637986999294,S2_45156658,2,100.2097111,9.71419083403303,te_fit_total_32_BP14,wet,BP,14,raw
S3_7345986,3,47.38986671,3.88752100297838,3.70600314498378,10898.0770278972,2569.12103281939,S3_6422015,3,45.16807388,1.29495664587837,S3_12575474,3,56.22627443,2.23469377988697,te_fit_total_32_BP14,wet,BP,14,raw
S5_43714208,5,109.7001758,10.5037591552263,11.0291582922341,-20833.307689403,2846.91582381526,S5_42719546,5,103.4003774,8.98560067239268,S5_43769059,5,111.9145952,7.32436671984723,te_fit_total_32_BP14,wet,BP,14,raw
S6_31738921,6,62.88206621,5.08790113137142,4.93505015258042,12798.4107298085,2614.55535730531,S6_30877621,6,56.47248985,2.48407020086686,S6_33134238,6,74.06870704,3.2157115398179,te_fit_total_32_BP14,wet,BP,14,raw
S7_19532160,7,51.17962841,6.76460609513062,6.7230890784676,-14769.1976243369,2584.99705226012,S7_19153030,7,49.2934369,4.43277178989588,S7_19644932,7,51.8739576,4.96536764749733,te_fit_total_32_BP14,wet,BP,14,raw
S7_32133319,7,99.94477983,11.0156871627705,11.6549052737934,-28468.4410904445,3784.39879321325,S7_31956171,7,96.48121012,7.04975460941707,S7_32940091,7,101.9471039,6.3845539876185,te_fit_total_32_BP14,wet,BP,14,raw
S9_6724364,9,34.93391023,13.4074973621253,14.7014655405428,24582.0851518545,2909.5510848667,S9_6184858,9,32.79210864,11.5975693433102,S9_7142713,9,35.91474829,11.8168466396118,te_fit_total_32_BP14,wet,BP,14,raw
S2_44586954,2,96.05450929,11.501819998772,10.3701414373026,16785.6975190635,2179.36974898119,S2_44257418,2,94.71205672,9.87977655210372,S2_44908249,2,97.68940295,9.54371837461201,te_fit_total_33_BP14,wet,BP,14,raw
S3_7095091,3,46.70151328,5.1678578484211,4.17851250660507,-62623.0817789076,12808.7706187663,S3_6422015,3,45.16807388,1.70361703999635,S3_7261171,3,47.15534623,0,te_fit_total_33_BP14,wet,BP,14,raw
S3_7261171,3,47.15534623,6.63706116167573,5.50200079402656,71812.5004562723,12800.4014349022,S3_7095091,3,46.70151328,0,S3_7345986,3,47.38986671,4.91573132879871,te_fit_total_33_BP14,wet,BP,14,raw
S5_5738550,5,39.12975592,6.17788869170076,5.08147715323027,13541.6737282067,2511.66215888757,S5_5107998,5,37.40304223,3.58249447350725,S5_7332670,5,43.68119887,4.39472055278891,te_fit_total_33_BP14,wet,BP,14,raw
S5_33184214,5,79.95790853,6.55786405721173,5.4290157319047,-13679.2333623686,2454.62455183201,S5_30043124,5,71.92483855,3.90084924815694,S5_33682130,5,82.14795514,3.67175855974858,te_fit_total_33_BP14,wet,BP,14,raw
S5_43706919,5,109.5147878,10.5562041257347,9.36189971181311,-18961.0240589562,2590.97762432149,S5_43575577,5,107.8767063,8.63544232613793,S5_44003086,5,115.1315049,8.02220209750337,te_fit_total_33_BP14,wet,BP,14,raw
S6_31888552,6,65.16886519,8.06731046784714,6.85332051057638,14535.0025362075,2321.39185209542,S6_31753064,6,63.71185205,6.00009804795899,S6_32411928,6,68.72506699,5.50976597263451,te_fit_total_33_BP14,wet,BP,14,raw
S7_17158322,7,34.01418318,5.91351964571789,4.84222587625338,-11390.7016331283,2164.27189330077,S7_12773905,7,19.91262658,3.64018241834014,S7_17322899,7,39.20278448,3.98252532603184,te_fit_total_33_BP14,wet,BP,14,raw
S7_32133319,7,99.94477983,15.8635287158605,15.4490565907565,-28742.5972938178,3057.4466910032,S7_31956171,7,96.48121012,9.17712941612685,S7_32940091,7,101.9471039,9.40546127249076,te_fit_total_33_BP14,wet,BP,14,raw
S9_6724364,9,34.93391023,20.064874667462,21.0807699329424,26515.479668127,2414.57177171844,S9_6184858,9,32.79210864,15.3224733685252,S9_7142713,9,35.91474829,17.9645901807415,te_fit_total_33_BP14,wet,BP,14,raw
S7_32133319,7,99.94477983,3.08316040656925,7.16271836391413,3893.66872668051,1020.87623076688,S7_756781,7,1.438924409,1.30348009548584,S7_32940091,7,101.9471039,1.21091143810348,te_fit_total_18_BP14,diff,BP,14,comp_diff
S9_6501061,9,33.93753996,4.1120896417558,9.68936123866678,-3470.18535336629,782.272619040311,S9_5633611,9,31.52841363,2.33840603172299,S9_8279734,9,37.58932098,2.33538446158088,te_fit_total_18_BP14,diff,BP,14,comp_diff
S9_6487121,9,33.93753891,4.12789856478182,10.5796248667081,0.0461229321275955,0.0103453544986064,S9_5686516,9,31.99307473,2.48466841805791,S9_8279734,9,37.58932098,2.50145077832572,te_fit_total_18_BP14,diff,BP,14,comp_rel_diff
S2_44586954,2,96.05450929,4.9013153226609,8.30965495300321,-4030.11997537504,835.153369372629,S2_42025292,2,84.60658262,2.44524948267837,S2_45043544,2,98.51301522,2.79147409569127,te_fit_total_19_BP14,diff,BP,14,comp_diff
S5_43714262,5,109.7001769,4.59168566272422,7.75143528035724,4265.9744194823,915.307333669139,S5_37793477,5,91.11566475,3.06725041374495,S5_44003086,5,115.1315049,2.74400130623991,te_fit_total_19_BP14,diff,BP,14,comp_diff
S7_14776325,7,25.13741186,3.47852405369794,5.78279384098364,3376.75097453061,838.822240394301,S7_9829477,7,10.19550719,1.85369234367913,S7_17697912,7,42.22766767,1.49048848165933,te_fit_total_19_BP14,diff,BP,14,comp_diff
S7_32133319,7,99.94477983,4.31888224385905,7.26347325085834,5526.35699814728,1224.91660952021,S7_31178325,7,89.28412826,2.45553469069655,S7_32940091,7,101.9471039,2.31133304818245,te_fit_total_19_BP14,diff,BP,14,comp_diff
S9_6724364,9,34.93391023,6.17174020808697,10.6497105264659,-5051.74924441949,924.725090249165,S9_6184858,9,32.79210864,4.57367844867023,S9_8182398,9,37.12013546,4.64460924284547,te_fit_total_19_BP14,diff,BP,14,comp_diff
S2_44586954,2,96.05450929,4.94363025123597,8.42510720450773,0.0389307916951057,0.00803059286144324,S2_42025292,2,84.60658262,2.46744811471479,S2_45043544,2,98.51301522,2.81914320632968,te_fit_total_19_BP14,diff,BP,14,comp_rel_diff
S5_43714262,5,109.7001769,4.58936686801989,7.7831158517987,-0.041009357926452,0.00880133016204165,S5_38161186,5,91.85580311,2.9273853705087,S5_44003086,5,115.1315049,2.81373274495294,te_fit_total_19_BP14,diff,BP,14,comp_rel_diff
S7_14776325,7,25.13741186,3.4468883274838,5.75420826780938,-0.0323148396513748,0.00806587166233981,S7_9829477,7,10.19550719,1.83135525353492,S7_17697912,7,42.22766767,1.47152378780783,te_fit_total_19_BP14,diff,BP,14,comp_rel_diff
S7_32133319,7,99.94477983,4.18336218126959,7.05489633069002,-0.052250580755652,0.0117784432668525,S7_31178325,7,89.28412826,2.38628657675055,S7_32940091,7,101.9471039,2.22549382114967,te_fit_total_19_BP14,diff,BP,14,comp_rel_diff
S9_6724364,9,34.93391023,6.08336813294466,10.5328214040824,0.0481974744359459,0.00889188858105298,S9_6184858,9,32.79210864,4.48986340529126,S9_8182398,9,37.12013546,4.57561184211088,te_fit_total_19_BP14,diff,BP,14,comp_rel_diff
S2_44586954,2,96.05450929,6.46477041655702,10.490699481303,-5991.2543411163,1069.37358224761,S2_43100924,2,89.4251276,4.65284032432559,S2_44908249,2,97.68940295,4.73721529849076,te_fit_total_20_BP14,diff,BP,14,comp_diff
S5_43714208,5,109.7001758,5.40105778103693,8.63585809034784,5977.055119616,1175.8405410769,S5_43240044,5,106.0943485,3.5380054999165,S5_44003086,5,115.1315049,3.1739729259017,te_fit_total_20_BP14,diff,BP,14,comp_diff
S7_16511236,7,33.24039283,3.65612025050469,5.70654171722068,4383.49709767783,1060.83573955224,S7_13950231,7,22.25953203,1.91693724761205,S7_17697912,7,42.22766767,1.88489727321543,te_fit_total_20_BP14,diff,BP,14,comp_diff
S7_32133319,7,99.94477983,4.7993138919734,7.61000037438132,7507.2412383574,1573.26525042708,S7_31178325,7,89.28412826,2.63403426147017,S7_32940091,7,101.9471039,2.46892924812658,te_fit_total_20_BP14,diff,BP,14,comp_diff
S9_6724364,9,34.93391023,7.76155787936964,12.8254681894401,-7328.05564507169,1182.94911072588,S9_6184858,9,32.79210864,5.29917122522187,S9_8182398,9,37.12013546,5.86137107294196,te_fit_total_20_BP14,diff,BP,14,comp_diff
S2_44586954,2,96.05450929,6.48585768857675,10.5474447565362,0.0449455437367811,0.00800806049181776,S2_43100924,2,89.4251276,4.66199898831955,S2_44908249,2,97.68940295,4.75354942763394,te_fit_total_20_BP14,diff,BP,14,comp_rel_diff
S5_43714208,5,109.7001758,5.39552503585404,8.64227107099686,-0.0447348442778408,0.00880534393030787,S5_43240044,5,106.0943485,3.53619698258125,S5_44003086,5,115.1315049,3.20671180555416,te_fit_total_20_BP14,diff,BP,14,comp_rel_diff
S7_16511236,7,33.24039283,3.64199265544005,5.69387534898438,-0.0327593803406049,0.00794412440632887,S7_13950231,7,22.25953203,1.9056190305845,S7_17697912,7,42.22766767,1.87640934374305,te_fit_total_20_BP14,diff,BP,14,comp_rel_diff
S7_32133319,7,99.94477983,4.74490424053491,7.53194016541864,-0.055877753675389,0.0117814798347784,S7_31178325,7,89.28412826,2.60655866228735,S7_32940091,7,101.9471039,2.43527546637302,te_fit_total_20_BP14,diff,BP,14,comp_rel_diff
S9_6724364,9,34.93391023,7.72315847238409,12.7786902074276,0.0547258846759574,0.00885857682917903,S9_6184858,9,32.79210864,5.26518223068919,S9_8182398,9,37.12013546,5.8315744172214,te_fit_total_20_BP14,diff,BP,14,comp_rel_diff
S7_32133319,7,99.94477983,3.5677385943467,9.21238552575422,0.0675320654018549,0.0163562086392967,S7_14686597,7,24.41187922,1.67074776685433,S7_33411071,7,104.8359143,1.50052948965519,te_fit_total_20_BP14,diff,BP,14,comp_ratio
S2_44586954,2,96.05450929,7.40430400504103,11.575052979137,-8082.76631933886,1339.23364349041,S2_43481897,2,90.13407682,5.71266341805088,S2_44908249,2,97.68940295,5.57449003536314,te_fit_total_21_BP14,diff,BP,14,comp_diff
S5_43714208,5,109.7001758,5.79961399305937,8.86578663011829,7778.14698235583,1472.56790155634,S5_43240044,5,106.0943485,3.77946714649834,S5_44003086,5,115.1315049,3.46520783345996,te_fit_total_21_BP14,diff,BP,14,comp_diff
S7_16511236,7,33.24039283,3.79573787584649,5.64380032200901,5598.90425643831,1328.54124714708,S7_13950231,7,22.25953203,1.88636764101763,S7_17944289,7,43.32050333,1.92380312045898,te_fit_total_21_BP14,diff,BP,14,comp_diff
S7_32133319,7,99.94477983,5.43405145325771,8.26488954181996,10048.2297235226,1970.28408825836,S7_31429416,7,92.5060333,3.91361979554951,S7_32940091,7,101.9471039,2.8092528860382,te_fit_total_21_BP14,diff,BP,14,comp_diff
S9_6724364,9,34.93391023,8.58637990644355,13.6474980036742,-9708.7129339068,1481.47034293795,S9_6184858,9,32.79210864,5.81736400508657,S9_7478538,9,36.4077051,6.43998761240292,te_fit_total_21_BP14,diff,BP,14,comp_diff
S2_44586954,2,96.05450929,7.40430400504107,11.5750529791371,0.0478450152536467,0.00792744112219198,S2_43481897,2,90.13407682,5.71266341805091,S2_44908249,2,97.68940295,5.57449003536314,te_fit_total_21_BP14,diff,BP,14,comp_rel_diff
S5_43714208,5,109.7001758,5.79961399305946,8.8657866301184,-0.0460418557598929,0.00871669808681993,S5_43240044,5,106.0943485,3.77946714649833,S5_44003086,5,115.1315049,3.46520783346006,te_fit_total_21_BP14,diff,BP,14,comp_rel_diff
S7_16511236,7,33.24039283,3.79573787584656,5.64380032200907,-0.0331420764834025,0.00786414869903728,S7_13950231,7,22.25953203,1.88636764101764,S7_17944289,7,43.32050333,1.92380312045902,te_fit_total_21_BP14,diff,BP,14,comp_rel_diff
S7_32133319,7,99.94477983,5.43405145325774,8.26488954181998,-0.0594793521673169,0.0116628724043638,S7_31429416,7,92.5060333,3.91361979554944,S7_32940091,7,101.9471039,2.80925288603814,te_fit_total_21_BP14,diff,BP,14,comp_rel_diff
S9_6724364,9,34.93391023,8.58637990644364,13.6474980036743,0.0574696211747023,0.00876939507530996,S9_6184858,9,32.79210864,5.81736400508669,S9_7478538,9,36.4077051,6.43998761240291,te_fit_total_21_BP14,diff,BP,14,comp_rel_diff
S3_14283723,3,60.37788402,3.29892657544289,7.66140333406524,-0.0402803379791768,0.0101947172784101,S3_7095091,3,46.70151328,1.4254221587267,S3_47360417,3,106.6982988,1.6241494834885,te_fit_total_21_BP14,diff,BP,14,comp_ratio
S7_32133319,7,99.94477983,4.54072424672938,10.7274067360612,0.0692090323251281,0.0148030650260176,S7_20568057,7,56.78183467,2.72357619461562,S7_32940091,7,101.9471039,2.67148006689499,te_fit_total_21_BP14,diff,BP,14,comp_ratio
S2_44586954,2,96.05450929,8.09997171238573,12.3588456152433,-10242.6465566688,1614.69776000591,S2_44209808,2,93.99718694,5.75348885647381,S2_44908249,2,97.68940295,6.21856981631583,te_fit_total_22_BP14,diff,BP,14,comp_diff
S5_43714208,5,109.7001758,6.02598966079486,8.93169941742017,9574.34916289248,1775.4572577064,S5_43240044,5,106.0943485,3.90274837343086,S5_44003086,5,115.1315049,3.61253800811986,te_fit_total_22_BP14,diff,BP,14,comp_diff
S7_16511236,7,33.24039283,3.86633435484783,5.56182943328819,6816.33235387213,1601.80606742592,S7_13950231,7,22.25953203,1.82064791410389,S7_19580554,7,51.64603332,2.1123566039773,te_fit_total_22_BP14,diff,BP,14,comp_diff
S7_32133319,7,99.94477983,5.98692084133722,8.86897001962926,12765.3382130573,2375.54762707009,S7_31429416,7,92.5060333,4.29545561837902,S7_32940091,7,101.9471039,3.1191237993982,te_fit_total_22_BP14,diff,BP,14,comp_diff
S9_6724364,9,34.93391023,9.06476926206507,14.019939759017,-12067.9337679809,1786.19082329993,S9_6184858,9,32.79210864,6.09508736927388,S9_7478538,9,36.4077051,6.81545227514797,te_fit_total_22_BP14,diff,BP,14,comp_diff
S2_44586954,2,96.05450929,8.09997171238576,12.3588456152433,0.0496245055398632,0.00782303455394036,S2_44209808,2,93.99718694,5.75348885647381,S2_44908249,2,97.68940295,6.21856981631587,te_fit_total_22_BP14,diff,BP,14,comp_rel_diff
S5_43714208,5,109.7001758,6.0259896607949,8.9316994174202,-0.0463866775491927,0.00860189678843089,S5_43240044,5,106.0943485,3.90274837343084,S5_44003086,5,115.1315049,3.61253800811993,te_fit_total_22_BP14,diff,BP,14,comp_rel_diff
S7_16511236,7,33.24039283,3.86633435484776,5.5618294332883,-0.0330243868891527,0.00776057570931321,S7_13950231,7,22.25953203,1.82064791410395,S7_19580554,7,51.64603332,2.11235660397741,te_fit_total_22_BP14,diff,BP,14,comp_rel_diff
S7_32133319,7,99.94477983,5.98692084133723,8.86897001962926,-0.0618466714991399,0.0115092691842418,S7_31429416,7,92.5060333,4.29545561837904,S7_32940091,7,101.9471039,3.11912379939815,te_fit_total_22_BP14,diff,BP,14,comp_rel_diff
S9_6724364,9,34.93391023,9.0647692620651,14.0199397590171,0.0584678230192335,0.00865389974316643,S9_6184858,9,32.79210864,6.09508736927391,S9_7478538,9,36.4077051,6.81545227514805,te_fit_total_22_BP14,diff,BP,14,comp_rel_diff
S3_14283723,3,60.37788402,3.35655315169349,7.7468012057071,-0.0383712993628645,0.0096240109993068,S3_7095091,3,46.70151328,1.43400556924631,S3_20423554,3,71.83639809,1.46432040014785,te_fit_total_22_BP14,diff,BP,14,comp_ratio
S7_32133319,7,99.94477983,4.7699657380857,11.2256326708678,0.0670698251578396,0.0139743807251577,S7_20568057,7,56.78183467,2.85488886584495,S7_32940091,7,101.9471039,2.76054618841382,te_fit_total_22_BP14,diff,BP,14,comp_ratio
S2_44586954,2,96.05450929,8.66612328899456,13.0352786001441,-12435.4393549302,1887.73656698881,S2_44209808,2,93.99718694,6.21911095440932,S2_44908249,2,97.68940295,6.81244042059726,te_fit_total_23_BP14,diff,BP,14,comp_diff
S5_43714208,5,109.7001758,6.22152172883335,9.0433454604996,11388.971719337,2075.67984022334,S5_43329831,5,106.5862469,4.6654221404161,S5_44003086,5,115.1315049,3.77054179797781,te_fit_total_23_BP14,diff,BP,14,comp_diff
S7_16511236,7,33.24039283,3.86260377448679,5.43401582124989,7964.8961178401,1872.66494176185,S7_14559796,7,22.95825909,1.97722713632351,S7_19644932,7,51.8739576,2.01518371445449,te_fit_total_23_BP14,diff,BP,14,comp_diff
S7_32133319,7,99.94477983,6.30938606761469,9.18229125550139,15354.9712022077,2777.24304406497,S7_31429416,7,92.5060333,4.55297615932896,S7_32940091,7,101.9471039,3.29161853411321,te_fit_total_23_BP14,diff,BP,14,comp_diff
S9_6724364,9,34.93391023,9.35035804250373,14.2007780850366,-14357.9903278959,2088.2284079906,S9_6184858,9,32.79210864,6.23094835409547,S9_7478538,9,36.4077051,7.06854953019254,te_fit_total_23_BP14,diff,BP,14,comp_diff
S2_44586954,2,96.05450929,8.66821616508267,13.0170377802576,0.0510382091527862,0.00774670201822709,S2_44209808,2,93.99718694,6.21576902243143,S2_44908249,2,97.68940295,6.81238871212648,te_fit_total_23_BP14,diff,BP,14,comp_rel_diff
S5_43714208,5,109.7001758,6.22733082588247,9.03740518202279,-0.0467606134829066,0.0085179645765408,S5_43329831,5,106.5862469,4.66718838953208,S5_44003086,5,115.1315049,3.77438559370656,te_fit_total_23_BP14,diff,BP,14,comp_rel_diff
S7_16511236,7,33.24039283,3.88956261469524,5.46483491150733,-0.0328054923120531,0.00768485260999642,S7_14596913,7,23.66485032,2.36380743503388,S7_19644932,7,51.8739576,2.00899941247572,te_fit_total_23_BP14,diff,BP,14,comp_rel_diff
S7_32133319,7,99.94477983,6.33451888852779,9.20669679041047,-0.0631486054274903,0.011396968555249,S7_31429416,7,92.5060333,4.57477394775529,S7_32940091,7,101.9471039,3.30653211569916,te_fit_total_23_BP14,diff,BP,14,comp_rel_diff
S9_6724364,9,34.93391023,9.38858738916398,14.2427128768357,0.0590571269495202,0.00856946011725788,S9_6184858,9,32.79210864,6.25546460133653,S9_7478538,9,36.4077051,7.09845251972694,te_fit_total_23_BP14,diff,BP,14,comp_rel_diff
S3_7095091,3,46.70151328,4.89237597994556,10.4171567791954,0.27461577127032,0.0566193527177319,S3_6422015,3,45.16807388,0.89908891951913,S3_7261171,3,47.15534623,0,te_fit_total_23_BP14,diff,BP,14,comp_ratio
S3_7261171,3,47.15534623,5.85405333324302,12.6322339479644,-0.302034211453992,0.0565496710901377,S3_7095091,3,46.70151328,0,S3_7345986,3,47.38986671,3.96328606725709,te_fit_total_23_BP14,diff,BP,14,comp_ratio
S7_32133319,7,99.94477983,5.523614287526,11.864601777954,0.0664956734298477,0.0128463819570827,S7_31956171,7,96.48121012,2.51065922057456,S7_32940091,7,101.9471039,3.6184656879634,te_fit_total_23_BP14,diff,BP,14,comp_ratio
S2_44586954,2,96.05450929,9.09900551686052,13.5535039988656,-14424.8825710875,2130.51116958907,S2_44257418,2,94.71205672,7.53475125701186,S2_44908249,2,97.68940295,7.27953252062929,te_fit_total_24_BP14,diff,BP,14,comp_diff
S5_43714208,5,109.7001758,6.2822589247813,8.99558699644455,12921.7169922375,2342.62511063224,S5_43329831,5,106.5862469,4.69453288647469,S5_44003086,5,115.1315049,3.82372434062889,te_fit_total_24_BP14,diff,BP,14,comp_diff
S7_16511236,7,33.24039283,3.76329290400109,5.20389281054393,8866.84986612484,2113.50124010451,S7_14596913,7,23.66485032,2.14819763126222,S7_19644932,7,51.8739576,2.25431203840038,te_fit_total_24_BP14,diff,BP,14,comp_diff
S7_32133319,7,99.94477983,6.67902359703878,9.61676087121521,17876.1257047192,3134.41368330449,S7_31429416,7,92.5060333,4.84643250863513,S7_32940091,7,101.9471039,3.55691733562605,te_fit_total_24_BP14,diff,BP,14,comp_diff
S9_6724364,9,34.93391023,9.54001110515562,14.2991337132635,-16389.9627647452,2356.78750185674,S9_6184858,9,32.79210864,6.34670672974804,S9_7478538,9,36.4077051,7.24203426904708,te_fit_total_24_BP14,diff,BP,14,comp_diff
S2_44586954,2,96.05450929,9.10686539655726,13.5239395864993,0.0515967604215915,0.00761697276376999,S2_44257418,2,94.71205672,7.53616368250762,S2_44908249,2,97.68940295,7.28299000871395,te_fit_total_24_BP14,diff,BP,14,comp_rel_diff
S5_43714208,5,109.7001758,6.2947524200315,8.98662082765175,-0.0462474734104275,0.00837531946234813,S5_43329831,5,106.5862469,4.69921850766893,S5_44003086,5,115.1315049,3.83189188222188,te_fit_total_24_BP14,diff,BP,14,comp_rel_diff
S7_16511236,7,33.24039283,3.81132730838643,5.25717537730583,-0.0319128615290982,0.00755615910954141,S7_14686597,7,24.41187922,2.30026598911561,S7_19644932,7,51.8739576,2.244047034118,te_fit_total_24_BP14,diff,BP,14,comp_rel_diff
S7_32133319,7,99.94477983,6.72753750145581,9.66261078413685,-0.064163872317915,0.01120611053202,S7_31429416,7,92.5060333,4.88819078670598,S7_32940091,7,101.9471039,3.58587632412819,te_fit_total_24_BP14,diff,BP,14,comp_rel_diff
S9_6724364,9,34.93391023,9.61137621000711,14.3751656872451,0.0588455822269341,0.00842595263891472,S9_6184858,9,32.79210864,6.39233518864091,S9_7478538,9,36.4077051,7.29786542438353,te_fit_total_24_BP14,diff,BP,14,comp_rel_diff
S2_44586954,2,96.05450929,6.11578301079884,9.23587688329948,-0.0389945950983465,0.00721749705640129,S2_44257418,2,94.71205672,4.59661342964948,S2_45043544,2,98.51301522,3.69346713328878,te_fit_total_24_BP14,diff,BP,14,comp_ratio
S5_43329831,5,106.5862469,3.30016870439166,4.79344584871962,0.0314270385624619,0.00807422436668008,S5_36886697,5,89.87760443,1.45916435795448,S5_43769059,5,111.9145952,1.56296588978791,te_fit_total_24_BP14,diff,BP,14,comp_ratio
S7_19036596,7,49.05801824,7.10688311939356,10.8820112027369,-0.269592643761761,0.0459700230031903,S7_19017756,7,48.58182999,2.63728783592151,S7_19236553,7,49.76776198,0,te_fit_total_24_BP14,diff,BP,14,comp_ratio
S7_19236553,7,49.76776198,8.44739361670605,13.1799800642088,0.295965340997393,0.0458569057757824,S7_19153030,7,49.2934369,1.40878312271309,S7_19338119,7,50.48837552,6.29629449759778,te_fit_total_24_BP14,diff,BP,14,comp_ratio
S7_32133319,7,99.94477983,4.13860915570944,6.08108267158838,0.0469300621855891,0.010704883459008,S7_31814279,7,95.55378553,2.4675050881784,S7_32940091,7,101.9471039,2.46510828886703,te_fit_total_24_BP14,diff,BP,14,comp_ratio
S9_4775142,9,30.60506955,4.50846777990409,6.65845642531308,0.111075673354079,0.0242132698107719,S9_4412130,9,29.20598698,2.89871732831347,S9_5686516,9,31.99307473,0,te_fit_total_24_BP14,diff,BP,14,comp_ratio
S9_5686516,9,31.99307473,6.23386966331511,9.42969765815661,-0.128298078246553,0.0235013350874502,S9_5633611,9,31.52841363,2.49064667000154,S9_6184858,9,32.79210864,4.34241486192133,te_fit_total_24_BP14,diff,BP,14,comp_ratio
S2_44586954,2,96.05450929,9.36155925292904,13.8899048779655,-15993.1846837875,2324.47556884672,S2_44257418,2,94.71205672,7.74089379653967,S2_44908249,2,97.68940295,7.65227949678334,te_fit_total_25_BP14,diff,BP,14,comp_diff
S5_43714208,5,109.7001758,6.25265432320996,8.88144678113049,14061.969584538,2555.90062814915,S5_43575577,5,107.8767063,4.69226570508227,S5_44003086,5,115.1315049,3.81437940520688,te_fit_total_25_BP14,diff,BP,14,comp_diff
S7_16511236,7,33.24039283,3.6312927425849,4.97412670843239,9494.28862750042,2305.91703412555,S7_14686597,7,24.41187922,2.10131429508607,S7_21663918,7,60.36847472,1.68616678419655,te_fit_total_25_BP14,diff,BP,14,comp_diff
S7_32133319,7,99.94477983,6.90211250789359,9.89316070353105,19857.5354995569,3419.77462193049,S7_31429416,7,92.5060333,5.06538944279437,S7_32940091,7,101.9471039,3.76246514323612,te_fit_total_25_BP14,diff,BP,14,comp_diff
S9_6724364,9,34.93391023,9.66222564944152,14.3970247858431,-18011.8492610138,2571.35238116867,S9_6184858,9,32.79210864,6.40756310992084,S9_7478538,9,36.4077051,7.35231012743855,te_fit_total_25_BP14,diff,BP,14,comp_diff
S2_44586954,2,96.05450929,9.37566304372743,13.8579551793575,0.0513932948154435,0.00746322199793615,S2_44257418,2,94.71205672,7.74628444028479,S2_44908249,2,97.68940295,7.6607715240186,te_fit_total_25_BP14,diff,BP,14,comp_rel_diff
S5_43714208,5,109.7001758,6.26997025947784,8.8725637276925,-0.0452168628227403,0.00820626125229859,S5_43575577,5,107.8767063,4.70180326147834,S5_44003086,5,115.1315049,3.82558486017426,te_fit_total_25_BP14,diff,BP,14,comp_rel_diff
S7_16511236,7,33.24039283,3.68875757420902,5.03661693748292,-0.0307358365033063,0.00740363588464816,S7_14686597,7,24.41187922,2.09566868348604,S7_21479861,7,59.36936369,2.17441748586229,te_fit_total_25_BP14,diff,BP,14,comp_rel_diff
S7_32133319,7,99.94477983,6.96425740430017,9.95094784913351,-0.0640710157596098,0.0109799119975429,S7_31429416,7,92.5060333,5.11886462306445,S7_32940091,7,101.9471039,3.79997597489035,te_fit_total_25_BP14,diff,BP,14,comp_rel_diff
S9_6724364,9,34.93391023,9.75184781019494,14.4908002698599,0.058135268312033,0.00825587238376732,S9_6184858,9,32.79210864,6.46463671469322,S9_7478538,9,36.4077051,7.42235516996029,te_fit_total_25_BP14,diff,BP,14,comp_rel_diff
S2_44586954,2,96.05450929,6.29233921456325,9.42690342534518,-0.0378314590441094,0.00689479630689977,S2_44257418,2,94.71205672,4.71559501822948,S2_45043544,2,98.51301522,3.9704794217225,te_fit_total_25_BP14,diff,BP,14,comp_ratio
S5_43329831,5,106.5862469,3.25469170230356,4.67534100054057,0.0298050192103055,0.00771321857278644,S5_41688423,5,99.18153707,1.17376712506128,S5_43769059,5,111.9145952,1.56647876399861,te_fit_total_25_BP14,diff,BP,14,comp_ratio
S7_19036596,7,49.05801824,7.75140755648726,11.8520149348992,-0.27017972962307,0.0439146621541582,S7_19017756,7,48.58182999,2.82152465456507,S7_19236553,7,49.76776198,0,te_fit_total_25_BP14,diff,BP,14,comp_ratio
S7_19236553,7,49.76776198,9.11861599558119,14.2131048097542,0.295142106771774,0.0438066024991719,S7_19153030,7,49.2934369,1.30970366782732,S7_19338119,7,50.48837552,6.68049181009037,te_fit_total_25_BP14,diff,BP,14,comp_ratio
S7_32133319,7,99.94477983,4.0537798070535,5.88764541871989,0.0443439844911077,0.0102262585439504,S7_31814279,7,95.55378553,2.48733444829736,S7_32940091,7,101.9471039,2.43609714748141,te_fit_total_25_BP14,diff,BP,14,comp_ratio
S9_4775142,9,30.60506955,4.609609800655,6.74651007332479,0.107368027514153,0.0231306728585655,S9_4412130,9,29.20598698,3.08163446643015,S9_5686516,9,31.99307473,0,te_fit_total_25_BP14,diff,BP,14,comp_ratio
S9_5686516,9,31.99307473,6.2528405642475,9.36257617531795,-0.122764320272284,0.0224505693735549,S9_5633611,9,31.52841363,2.33442880758489,S9_6184858,9,32.79210864,4.30591519939772,te_fit_total_25_BP14,diff,BP,14,comp_ratio
S2_44586954,2,96.05450929,9.36891952966885,13.8105198482603,-17018.2492618871,2472.35990880692,S2_44257418,2,94.71205672,7.4812266490108,S2_44908249,2,97.68940295,7.78606515238397,te_fit_total_26_BP14,diff,BP,14,comp_diff
S5_43714208,5,109.7001758,6.23257818087809,8.79204542986042,14932.1446382311,2718.81120838547,S5_42719546,5,103.4003774,4.31269854656576,S5_44003086,5,115.1315049,3.75924783849729,te_fit_total_26_BP14,diff,BP,14,comp_diff
S7_19532160,7,51.17962841,3.61332373077584,4.91563173466738,10236.2157516723,2492.59423820942,S7_14686597,7,24.41187922,1.88836780258559,S7_21663918,7,60.36847472,1.76126806110287,te_fit_total_26_BP14,diff,BP,14,comp_diff
S7_32133319,7,99.94477983,6.05678629025606,8.52318066663858,19899.2829346964,3679.92023590475,S7_31429416,7,92.5060333,4.26073185424307,S7_32940091,7,101.9471039,3.03442374553749,te_fit_total_26_BP14,diff,BP,14,comp_diff
S9_6724364,9,34.93391023,8.99705630670682,13.1929807218956,-18454.5452525027,2743.04990853651,S9_6184858,9,32.79210864,6.89840651378797,S9_7142713,9,35.91474829,7.4256601887413,te_fit_total_26_BP14,diff,BP,14,comp_diff
S2_44586954,2,96.05450929,9.37231405506029,13.7848325136587,0.0503799630200667,0.00731754814826893,S2_44257418,2,94.71205672,7.47818121921879,S2_44908249,2,97.68940295,7.7845039909021,te_fit_total_26_BP14,diff,BP,14,comp_rel_diff
S5_43714208,5,109.7001758,6.23619392403844,8.77762452641255,-0.0442092305603948,0.00804698047907376,S5_42719546,5,103.4003774,4.31110437974037,S5_44003086,5,115.1315049,3.75831273328522,te_fit_total_26_BP14,diff,BP,14,comp_rel_diff
S7_19532160,7,51.17962841,3.60618719187092,4.89430917614177,-0.0302651403318331,0.00737743654846637,S7_14686597,7,24.41187922,1.88367570759778,S7_21663918,7,60.36847472,1.75252921440249,te_fit_total_26_BP14,diff,BP,14,comp_rel_diff
S7_32133319,7,99.94477983,6.10912621580257,8.5835750231954,-0.0591722268901773,0.0108916155014893,S7_31429416,7,92.5060333,4.30705121510249,S7_32940091,7,101.9471039,3.06342593729536,te_fit_total_26_BP14,diff,BP,14,comp_rel_diff
S9_6724364,9,34.93391023,9.06869300868628,13.2812539875658,0.0548654133478498,0.00811872078467201,S9_6184858,9,32.79210864,6.95168076857429,S9_7142713,9,35.91474829,7.48607427327077,te_fit_total_26_BP14,diff,BP,14,comp_rel_diff
S7_32133319,7,99.94477983,4.12313187709825,8.82675951378341,0.0511926673357686,0.0115585139147003,S7_17322899,7,39.20278448,2.4036064303366,S7_32940091,7,101.9471039,2.09725306499793,te_fit_total_26_BP14,diff,BP,14,comp_ratio
S9_13387210,9,59.29751876,6.89420717199289,15.3378359668041,-0.283130233030441,0.0484952375197014,S9_13026067,9,58.47173265,1.71701169505537,S9_13868930,9,59.84738764,-4.44089209850063e-16,te_fit_total_26_BP14,diff,BP,14,comp_ratio
S9_13868930,9,59.84738764,6.41790774984608,14.1836275046407,0.271936588887361,0.0484360674998415,S9_13387210,9,59.29751876,0,S9_13900821,9,60.08717152,2.91493660675431,te_fit_total_26_BP14,diff,BP,14,comp_ratio
S2_44586954,2,96.05450929,9.48326510636537,13.8836363412848,-17691.856791957,2552.61565587463,S2_44257418,2,94.71205672,7.57660134999577,S2_45043544,2,98.51301522,7.33947534690354,te_fit_total_27_BP14,diff,BP,14,comp_diff
S5_43714208,5,109.7001758,6.25942130200488,8.75875399813253,15452.9117350626,2807.06705814576,S5_42719546,5,103.4003774,4.34495841450102,S5_44003086,5,115.1315049,3.79428275557371,te_fit_total_27_BP14,diff,BP,14,comp_diff
S7_19532160,7,51.17962841,3.77944311930968,5.10995837878171,10821.0742280899,2573.50681570737,S7_14686597,7,24.41187922,1.70719323731664,S7_21663918,7,60.36847472,1.82165619670713,te_fit_total_27_BP14,diff,BP,14,comp_diff
S7_32133319,7,99.94477983,6.09810456505593,8.51388208743508,20621.1237617178,3799.37482931976,S7_31429416,7,92.5060333,4.36521122619135,S7_32940091,7,101.9471039,3.12221552076996,te_fit_total_27_BP14,diff,BP,14,comp_diff
S9_6724364,9,34.93391023,9.13426075667449,13.3069825094664,-19216.9124011407,2832.09257537049,S9_6184858,9,32.79210864,6.98050475459106,S9_7142713,9,35.91474829,7.58258736299405,te_fit_total_27_BP14,diff,BP,14,comp_diff
S2_44586954,2,96.05450929,9.48661078225272,13.8743065829198,0.0492165246721608,0.00709963628172038,S2_44257418,2,94.71205672,7.57681161521238,S2_45043544,2,98.51301522,7.33934562225336,te_fit_total_27_BP14,diff,BP,14,comp_rel_diff
S5_43714208,5,109.7001758,6.26219468621843,8.7535825050844,-0.0429898147758534,0.00780734658794732,S5_42719546,5,103.4003774,4.3451524495975,S5_44003086,5,115.1315049,3.79464718208171,te_fit_total_27_BP14,diff,BP,14,comp_rel_diff
S7_19532160,7,51.17962841,3.77736387948108,5.10152802577868,-0.0300881394167175,0.00715774124396739,S7_14686597,7,24.41187922,1.705445423203,S7_21663918,7,60.36847472,1.81837056974272,te_fit_total_27_BP14,diff,BP,14,comp_rel_diff
S7_32133319,7,99.94477983,6.12132560774907,8.53990323811323,-0.0574722881053453,0.0105672702132085,S7_31429416,7,92.5060333,4.3857955692073,S7_32940091,7,101.9471039,3.13521493984766,te_fit_total_27_BP14,diff,BP,14,comp_rel_diff
S9_6724364,9,34.93391023,9.16630172348762,13.3453794945432,0.0535541068889282,0.00787695051349273,S9_6184858,9,32.79210864,7.00425238993083,S9_7142713,9,35.91474829,7.60967662762471,te_fit_total_27_BP14,diff,BP,14,comp_rel_diff
S7_32133319,7,99.94477983,4.04554498476529,8.64971384418006,0.0476651701809359,0.0108705843174116,S7_17322899,7,39.20278448,2.28638542258019,S7_32940091,7,101.9471039,2.0633515975274,te_fit_total_27_BP14,diff,BP,14,comp_ratio
S9_13387210,9,59.29751876,6.97828820136628,15.540113245196,-0.268055336796696,0.0456089400714699,S9_13026067,9,58.47173265,1.75525643336279,S9_13868930,9,59.84738764,4.44089209850063e-16,te_fit_total_27_BP14,diff,BP,14,comp_ratio
S9_13868930,9,59.84738764,6.49864745476366,14.3754368046592,0.257500263859673,0.0455532916814869,S9_13387210,9,59.29751876,0,S9_13900821,9,60.08717152,2.97226379281714,te_fit_total_27_BP14,diff,BP,14,comp_ratio
S2_44586954,2,96.05450929,12.0236089662763,13.976804937709,-18142.8710839951,2304.38324187871,S2_44257418,2,94.71205672,10.2809148369295,S2_44908249,2,97.68940295,10.159436303958,te_fit_total_28_BP14,diff,BP,14,comp_diff
S5_5909140,5,40.32890934,5.39971253308654,5.7180597804239,-13997.4439744659,2779.56630161976,S5_5107998,5,37.40304223,3.42295478116981,S5_6876512,5,42.79131694,3.18141273173101,te_fit_total_28_BP14,diff,BP,14,comp_diff
S5_32800961,5,79.00989287,4.29935396720763,4.48401315342421,11644.0416147178,2611.09669836993,62,5,71.02984202,2.22543149696183,87,5,88.39590531,2.29556326586419,te_fit_total_28_BP14,diff,BP,14,comp_diff
S5_43714208,5,109.7001758,8.10512460442831,8.91326502658786,16932.3715668504,2693.09718406613,S5_43575577,5,107.8767063,6.56696747079677,S5_44003086,5,115.1315049,5.7088304343912,te_fit_total_28_BP14,diff,BP,14,comp_diff
S6_33052891,6,73.8397152,4.16406172651669,4.33480729996748,-10115.7956455774,2307.1073086544,S6_31888552,6,65.16886519,2.57119270673135,S6_33383362,6,78.16213009,2.40788583787283,te_fit_total_28_BP14,diff,BP,14,comp_diff
S7_19532160,7,51.17962841,4.79886857779448,5.03965941339646,11038.0666792985,2334.77516610058,S7_17849585,7,42.46452593,3.06209655850953,S7_20312115,7,54.97788472,3.25565450282075,te_fit_total_28_BP14,diff,BP,14,comp_diff
S7_32133319,7,99.94477983,9.20248108029006,10.2775374380133,23304.1439850008,3451.76536607144,S7_31429416,7,92.5060333,7.31471959877834,S7_32940091,7,101.9471039,5.03292466626063,te_fit_total_28_BP14,diff,BP,14,comp_diff
S9_6724364,9,34.93391023,9.55154838725964,10.7200815269266,-17716.0578724368,2569.33475678937,S9_6184858,9,32.79210864,7.40031643548221,S9_8182398,9,37.12013546,7.56986369580193,te_fit_total_28_BP14,diff,BP,14,comp_diff
S2_44586954,2,96.05450929,12.0236089662762,13.9768049377089,0.0480012470001759,0.00609678967922913,S2_44257418,2,94.71205672,10.2809148369295,S2_44908249,2,97.68940295,10.1594363039579,te_fit_total_28_BP14,diff,BP,14,comp_rel_diff
S5_5909140,5,40.32890934,5.39971253308643,5.71805978042376,0.0370335412999864,0.00735399860252083,S5_5107998,5,37.40304223,3.42295478116974,S5_6876512,5,42.79131694,3.18141273173102,te_fit_total_28_BP14,diff,BP,14,comp_rel_diff
S5_32800961,5,79.00989287,4.29935396720762,4.48401315342421,-0.0308070599763815,0.00690827250987663,62,5,71.02984202,2.22543149696183,87,5,88.39590531,2.2955632658642,te_fit_total_28_BP14,diff,BP,14,comp_rel_diff
S5_43714208,5,109.7001758,8.10512460442835,8.91326502658774,-0.0447985848610333,0.00712522414613169,S5_43575577,5,107.8767063,6.56696747079675,S5_44003086,5,115.1315049,5.70883043439112,te_fit_total_28_BP14,diff,BP,14,comp_rel_diff
S6_33052891,6,73.8397152,4.16406172651661,4.3348072999674,0.0267637246133011,0.00610399684073845,S6_31888552,6,65.16886519,2.5711927067314,S6_33383362,6,78.16213009,2.40788583787286,te_fit_total_28_BP14,diff,BP,14,comp_rel_diff
S7_19532160,7,51.17962841,4.79886857779443,5.03965941339639,-0.0292038102803268,0.00617719868696726,S7_17849585,7,42.46452593,3.06209655850947,S7_20312115,7,54.97788472,3.25565450282076,te_fit_total_28_BP14,diff,BP,14,comp_rel_diff
S7_32133319,7,99.94477983,9.20248108028993,10.2775374380132,-0.0616566124717985,0.00913245986020435,S7_31429416,7,92.5060333,7.31471959877831,S7_32940091,7,101.9471039,5.0329246662606,te_fit_total_28_BP14,diff,BP,14,comp_rel_diff
S9_6724364,9,34.93391023,9.55154838725951,10.7200815269264,0.0468720119250824,0.00679778143799859,S9_6184858,9,32.79210864,7.40031643548218,S9_8182398,9,37.12013546,7.56986369580186,te_fit_total_28_BP14,diff,BP,14,comp_rel_diff
S2_42812846,2,87.01798226,3.25154030855883,7.02266099630803,-0.0269415797279122,0.00689116287578469,S2_35294590,2,64.3241446,1.73768221430006,S2_45322381,2,101.3191103,1.56281490366212,te_fit_total_28_BP14,diff,BP,14,comp_ratio
S3_14283723,3,60.37788402,3.43421419875337,7.43585152603754,-0.0279429637878761,0.00694588235130942,S3_7095091,3,46.70151328,1.59772869085292,S3_20423554,3,71.83639809,1.31988803267722,te_fit_total_28_BP14,diff,BP,14,comp_ratio
S7_32133319,7,99.94477983,4.84133413260053,10.6880914301325,0.0487906155303384,0.0101159465684144,S7_31956171,7,96.48121012,2.27178236839468,S7_32940091,7,101.9471039,3.0930453801601,te_fit_total_28_BP14,diff,BP,14,comp_ratio
S2_44586954,2,96.05450929,11.9814223904847,13.8828715661108,-18057.9752319558,2298.32673551057,S2_44257418,2,94.71205672,10.2618718656177,S2_44908249,2,97.68940295,10.2665163955656,te_fit_total_29_BP14,diff,BP,14,comp_diff
S5_5909140,5,40.32890934,5.39891857404101,5.70216121509689,-13959.5518298042,2772.26089308334,S5_5107998,5,37.40304223,3.4815918502395,S5_6876512,5,42.79131694,3.107525963843,te_fit_total_29_BP14,diff,BP,14,comp_diff
S5_32800961,5,79.00989287,4.37097132519389,4.55124905759923,11715.5571908696,2604.23407088068,62,5,71.02984202,2.22459793529449,87,5,88.39590531,2.39661143666245,te_fit_total_29_BP14,diff,BP,14,comp_diff
S5_43714208,5,109.7001758,8.12137978383879,8.90974981608941,16906.724363731,2686.01903840491,S5_43575577,5,107.8767063,6.58836062984783,S5_44003086,5,115.1315049,5.71863880392007,te_fit_total_29_BP14,diff,BP,14,comp_diff
S6_33052891,6,73.8397152,4.29406829188307,4.46642837815644,-10254.6932524984,2301.04364274463,S6_31888552,6,65.16886519,2.58192509838609,S6_33383362,6,78.16213009,2.43453950527771,te_fit_total_29_BP14,diff,BP,14,comp_diff
S7_19532160,7,51.17962841,4.97408623612117,5.22262101902957,11221.8384740058,2328.63878201105,S7_17849585,7,42.46452593,3.04244098547811,S7_20312115,7,54.97788472,3.38690863174229,te_fit_total_29_BP14,diff,BP,14,comp_diff
S7_32133319,7,99.94477983,9.05786756157172,10.0689422361876,23036.0431499468,3442.69324710225,S7_31429416,7,92.5060333,7.31950923642593,S7_32940091,7,101.9471039,4.99638640151262,te_fit_total_29_BP14,diff,BP,14,comp_diff
S9_6724364,9,34.93391023,9.56049194296074,10.7033289007513,-17678.8828997208,2562.58189032447,S9_6184858,9,32.79210864,7.44126852967137,S9_8182398,9,37.12013546,7.64234451755116,te_fit_total_29_BP14,diff,BP,14,comp_diff
S2_44586954,2,96.05450929,11.9814223904846,13.8828715661107,0.0460846322301251,0.00586541630443898,S2_44257418,2,94.71205672,10.2618718656176,S2_44908249,2,97.68940295,10.2665163955656,te_fit_total_29_BP14,diff,BP,14,comp_rel_diff
S5_5909140,5,40.32890934,5.39891857404087,5.70216121509672,0.0356253015030977,0.00707491410651728,S5_5107998,5,37.40304223,3.4815918502394,S5_6876512,5,42.79131694,3.10752596384292,te_fit_total_29_BP14,diff,BP,14,comp_rel_diff
S5_32800961,5,79.00989287,4.37097132519389,4.55124905759923,-0.0298985427533864,0.00664610333418313,62,5,71.02984202,2.22459793529451,87,5,88.39590531,2.39661143666249,te_fit_total_29_BP14,diff,BP,14,comp_rel_diff
S5_43714208,5,109.7001758,8.12137978383879,8.90974981608941,-0.0431465966981644,0.0068548216484954,S5_43575577,5,107.8767063,6.58836062984797,S5_44003086,5,115.1315049,5.71863880392013,te_fit_total_29_BP14,diff,BP,14,comp_rel_diff
S6_33052891,6,73.8397152,4.294068291883,4.46642837815637,0.0261703630171027,0.00587234995392496,S6_31888552,6,65.16886519,2.58192509838619,S6_33383362,6,78.16213009,2.43453950527764,te_fit_total_29_BP14,diff,BP,14,comp_rel_diff
S7_19532160,7,51.17962841,4.97408623612102,5.2226210190294,-0.0286385540115959,0.00594277378761045,S7_17849585,7,42.46452593,3.04244098547797,S7_20312115,7,54.97788472,3.38690863174219,te_fit_total_29_BP14,diff,BP,14,comp_rel_diff
S7_32133319,7,99.94477983,9.05786756157157,10.0689422361874,-0.0587888488585334,0.00878588269924541,S7_31429416,7,92.5060333,7.31950923642583,S7_32940091,7,101.9471039,4.99638640151253,te_fit_total_29_BP14,diff,BP,14,comp_rel_diff
S9_6724364,9,34.93391023,9.56049194296065,10.7033289007513,0.0451171743347685,0.00653980540222456,S9_6184858,9,32.79210864,7.4412685296714,S9_8182398,9,37.12013546,7.64234451755123,te_fit_total_29_BP14,diff,BP,14,comp_rel_diff
S2_42812846,2,87.01798226,3.22998559375127,7.01669649105653,-0.024821173272329,0.00637089380702033,S2_39217273,2,74.47865868,1.69617239608068,S2_45322381,2,101.3191103,1.63240444426794,te_fit_total_29_BP14,diff,BP,14,comp_ratio
S3_14283723,3,60.37788402,3.42476791158652,7.45978379304503,-0.0257960962719538,0.00642148207115337,S3_7095091,3,46.70151328,1.60455835101057,S3_20423554,3,71.83639809,1.32464887806066,te_fit_total_29_BP14,diff,BP,14,comp_ratio
S7_32133319,7,99.94477983,4.59190482695635,10.1643053956569,0.0438539609215403,0.00935221275516894,S7_31956171,7,96.48121012,2.16920768490239,S7_32940091,7,101.9471039,2.93640964863335,te_fit_total_29_BP14,diff,BP,14,comp_ratio
S2_44586954,2,96.05450929,11.6725899518741,12.3944101584633,-16776.2718231594,2174.79558293754,S2_44257418,2,94.71205672,9.68378420259552,S2_44908249,2,97.68940295,9.84481543995976,te_fit_total_30_BP14,diff,BP,14,comp_diff
S3_10844641,3,53.40431196,3.25797474037579,3.07497645925359,-8647.98080490755,2250.76285458818,S3_7095091,3,46.70151328,1.72253645140511,S3_15496244,3,64.25922531,1.14762992903237,te_fit_total_30_BP14,diff,BP,14,comp_diff
S5_5909140,5,40.32890934,5.90155528934823,5.77740064074635,-13755.4325736571,2611.82412843628,S5_5107998,5,37.40304223,3.77299675477874,S5_6876512,5,42.79131694,3.61404390529567,te_fit_total_30_BP14,diff,BP,14,comp_diff
S5_32800961,5,79.00989287,5.04502037162064,4.88051923291511,11882.7093278051,2454.81280047134,63,5,71.92483855,2.80030781955048,78,5,82.14795514,3.22571746325101,te_fit_total_30_BP14,diff,BP,14,comp_diff
S5_43714208,5,109.7001758,7.17604680532013,7.15104458097117,15008.5945317461,2561.48137314346,S5_43240044,5,106.0943485,5.20048467723625,S5_43769059,5,111.9145952,4.75244835446111,te_fit_total_30_BP14,diff,BP,14,comp_diff
S6_33052891,6,73.8397152,4.80282959378308,4.63067145258361,-10220.2070870775,2167.57249390764,S6_32411928,6,68.72506699,2.30634169251201,S6_33383362,6,78.16213009,2.88521978995578,te_fit_total_30_BP14,diff,BP,14,comp_diff
S7_19532160,7,51.17962841,5.22434930720518,5.06657684382185,10827.3765721373,2195.34027325735,S7_19153030,7,49.2934369,3.15517898547339,S7_20791180,7,57.68635809,3.54007059312664,te_fit_total_30_BP14,diff,BP,14,comp_diff
S7_32133319,7,99.94477983,9.31943280955417,9.57085984836323,21985.9786772836,3243.44280506191,S7_31178325,7,89.28412826,5.96110324570416,S7_32940091,7,101.9471039,5.42113536669865,te_fit_total_30_BP14,diff,BP,14,comp_diff
S9_6724364,9,34.93391023,9.83612485747206,10.1755092940884,-16884.6147216888,2415.73336392707,S9_6501061,9,33.93753996,8.29701738074262,S9_8182398,9,37.12013546,8.03194154925788,te_fit_total_30_BP14,diff,BP,14,comp_diff
S2_44586954,2,96.05450929,11.672589951874,12.3944101584632,0.0417975361855237,0.00541843253567586,S2_44257418,2,94.71205672,9.68378420259546,S2_44908249,2,97.68940295,9.84481543995966,te_fit_total_30_BP14,diff,BP,14,comp_rel_diff
S3_10844641,3,53.40431196,3.25797474037573,3.07497645925355,0.0215461632021151,0.00560770252481311,S3_7095091,3,46.70151328,1.72253645140515,S3_15496244,3,64.25922531,1.14762992903238,te_fit_total_30_BP14,diff,BP,14,comp_rel_diff
S5_5909140,5,40.32890934,5.90155528934815,5.77740064074628,0.0342712133426011,0.00650727495770751,S5_5107998,5,37.40304223,3.77299675477867,S5_6876512,5,42.79131694,3.6140439052956,te_fit_total_30_BP14,diff,BP,14,comp_rel_diff
S5_32800961,5,79.00989287,5.04502037162056,4.88051923291506,-0.0296053842204291,0.00611608633538847,63,5,71.92483855,2.80030781955055,78,5,82.14795514,3.22571746325102,te_fit_total_30_BP14,diff,BP,14,comp_rel_diff
S5_43714208,5,109.7001758,7.17604680531995,7.15104458097102,-0.0373934256458877,0.00638184761853398,S5_43240044,5,106.0943485,5.20048467723615,S5_43769059,5,111.9145952,4.75244835446109,te_fit_total_30_BP14,diff,BP,14,comp_rel_diff
S6_33052891,6,73.8397152,4.80282959378297,4.63067145258354,0.025463313902434,0.00540043644403637,S6_32411928,6,68.72506699,2.306341692512,S6_33383362,6,78.16213009,2.8852197899557,te_fit_total_30_BP14,diff,BP,14,comp_rel_diff
S7_19532160,7,51.17962841,5.22434930720505,5.06657684382175,-0.0269760569474948,0.00546961896410969,S7_19153030,7,49.2934369,3.15517898547342,S7_20791180,7,57.68635809,3.54007059312652,te_fit_total_30_BP14,diff,BP,14,comp_rel_diff
S7_32133319,7,99.94477983,9.31943280955417,9.57085984836325,-0.054777351548948,0.00808093236919911,S7_31178325,7,89.28412826,5.96110324570424,S7_32940091,7,101.9471039,5.4211353666987,te_fit_total_30_BP14,diff,BP,14,comp_rel_diff
S9_6724364,9,34.93391023,9.83612485747202,10.1755092940884,0.0420674689971436,0.00601872118893118,S9_6501061,9,33.93753996,8.29701738074275,S9_8182398,9,37.12013546,8.03194154925788,te_fit_total_30_BP14,diff,BP,14,comp_rel_diff
S3_7095091,3,46.70151328,6.09345157598861,13.0785367148108,0.199643359927276,0.0365765193985646,S3_6422015,3,45.16807388,1.28900497147153,S3_7261171,3,47.15534623,0,te_fit_total_30_BP14,diff,BP,14,comp_ratio
S3_7261171,3,47.15534623,7.17022612299232,15.6225585171364,-0.217929767497899,0.0365315045532673,S3_7095091,3,46.70151328,0,S3_7345986,3,47.38986671,5.14992315403093,te_fit_total_30_BP14,diff,BP,14,comp_ratio
S7_32133319,7,99.94477983,4.44065829609537,9.31514709434848,0.0382283964633823,0.00829885748071176,S7_31956171,7,96.48121012,2.27527458703244,S7_33411071,7,104.8359143,1.85687587419865,te_fit_total_30_BP14,diff,BP,14,comp_ratio
S2_44784129,2,96.94547802,10.2812698474173,13.8500295269326,-16739.0669444555,2307.66128165011,S2_44257418,2,94.71205672,8.45010644918532,S2_45156658,2,100.2097111,8.31130815182858,te_fit_total_31_BP14,diff,BP,14,comp_diff
S3_7345986,3,47.38986671,3.97797291408109,4.88476060307717,-10043.9718895919,2331.57834614704,S3_7095091,3,46.70151328,2.43812502937409,S3_12575474,3,56.22627443,2.46099834445829,te_fit_total_31_BP14,diff,BP,14,comp_diff
S5_42739726,5,104.1345531,7.01600580355205,9.00560480269499,14929.0707397994,2552.36335321679,S5_42251884,5,101.3829046,4.23468931278751,S5_43769059,5,111.9145952,3.59759766549445,te_fit_total_31_BP14,diff,BP,14,comp_diff
S7_19532160,7,51.17962841,5.38891263367815,6.75437719091396,11823.7219841539,2334.14440867229,S7_19153030,7,49.2934369,3.42929526514589,S7_22850966,7,63.3307682,3.60597634671174,te_fit_total_31_BP14,diff,BP,14,comp_diff
S7_32133319,7,99.94477983,7.88564729824651,10.2522174464065,21342.8977571699,3419.87825920056,S7_31814279,7,95.55378553,5.90735052387187,S7_32940091,7,101.9471039,5.68925844083779,te_fit_total_31_BP14,diff,BP,14,comp_diff
S9_6724364,9,34.93391023,7.30963782396152,9.42307865053889,-15891.0784372822,2655.96978545353,S9_5686516,9,31.99307473,5.6897529514705,S9_7478538,9,36.4077051,5.33051047695586,te_fit_total_31_BP14,diff,BP,14,comp_diff
S2_44784129,2,96.94547802,10.2812698474172,13.8500295269325,0.0412968463853522,0.00569321657975063,S2_44257418,2,94.71205672,8.4501064491853,S2_45156658,2,100.2097111,8.31130815182854,te_fit_total_31_BP14,diff,BP,14,comp_rel_diff
S3_7345986,3,47.38986671,3.977972914081,4.88476060307706,0.024779419641467,0.00575222221858316,S3_7095091,3,46.70151328,2.4381250293741,S3_12575474,3,56.22627443,2.4609983444582,te_fit_total_31_BP14,diff,BP,14,comp_rel_diff
S5_42739726,5,104.1345531,7.01600580355199,9.00560480269491,-0.0368314161753063,0.00629691951571469,S5_42251884,5,101.3829046,4.23468931278747,S5_43769059,5,111.9145952,3.59759766549445,te_fit_total_31_BP14,diff,BP,14,comp_rel_diff
S7_19532160,7,51.17962841,5.38891263367811,6.75437719091391,-0.0291702298642429,0.00575855293523973,S7_19153030,7,49.2934369,3.42929526514591,S7_22850966,7,63.3307682,3.60597634671169,te_fit_total_31_BP14,diff,BP,14,comp_rel_diff
S7_32133319,7,99.94477983,7.88564729824649,10.2522174464065,-0.0526549283195303,0.00843716006366717,S7_31814279,7,95.55378553,5.90735052387181,S7_32940091,7,101.9471039,5.68925844083788,te_fit_total_31_BP14,diff,BP,14,comp_rel_diff
S9_6724364,9,34.93391023,7.30963782396149,9.42307865053885,0.0392047792926353,0.00655252629062111,S9_5686516,9,31.99307473,5.68975295147055,S9_7478538,9,36.4077051,5.33051047695594,te_fit_total_31_BP14,diff,BP,14,comp_rel_diff
S2_44477541,2,95.90686042,4.67641383001636,9.24930349515144,-0.0230589197634291,0.00488060974935074,S2_42025292,2,84.60658262,2.28929436055329,S2_46205850,2,108.8915883,2.3552774050922,te_fit_total_31_BP14,diff,BP,14,comp_ratio
S7_20770814,7,57.44453059,4.21517414958616,8.28141412262151,0.0214367453673129,0.00479508420406778,S7_17407685,7,40.98306996,2.58167116326638,S7_32940091,7,101.9471039,1.62395703756219,te_fit_total_31_BP14,diff,BP,14,comp_ratio
S9_13387210,9,59.29751876,6.29379757864455,12.7453587144141,-0.164386437392745,0.0296400950468837,S9_13026067,9,58.47173265,1.97087436963613,S9_13868930,9,59.84738764,0,te_fit_total_31_BP14,diff,BP,14,comp_ratio
S9_13868930,9,59.84738764,5.16010606701339,10.2780334816897,0.147765312007958,0.0296692877828912,S9_13387210,9,59.29751876,0,S9_13900821,9,60.08717152,1.92583735199665,te_fit_total_31_BP14,diff,BP,14,comp_ratio
S2_44586954,2,96.05450929,10.4902903197658,13.9437024440233,-15788.9659465759,2150.7855684813,S2_44257418,2,94.71205672,8.13114903168829,S2_44908249,2,97.68940295,8.78102233027213,te_fit_total_32_BP14,diff,BP,14,comp_diff
S3_7345986,3,47.38986671,4.26210485007911,5.16620014706323,-9703.82029885355,2171.64889149437,S3_7095091,3,46.70151328,2.58625055288222,S3_10923979,3,54.12476288,2.62993430150114,te_fit_total_32_BP14,diff,BP,14,comp_diff
S5_43329831,5,106.5862469,8.25548307703775,10.6128693418612,15382.1703063701,2401.78255218359,S5_42366438,5,102.9057427,6.23713390238336,S5_43769059,5,111.9145952,4.21288591389726,te_fit_total_32_BP14,diff,BP,14,comp_diff
S7_19532160,7,51.17962841,5.36214432043945,6.60503058242998,11034.2135626631,2183.91860344214,S7_19153030,7,49.2934369,3.37147794929214,S7_21663918,7,60.36847472,3.75260617716177,te_fit_total_32_BP14,diff,BP,14,comp_diff
S7_32133319,7,99.94477983,6.59136666775621,8.2673088008689,18061.0666978705,3195.16871699454,S7_31429416,7,92.5060333,4.8849475952578,S7_32940091,7,101.9471039,4.87442432577459,te_fit_total_32_BP14,diff,BP,14,comp_diff
S9_6724364,9,34.93391023,7.59385349413279,9.66691545178851,-15117.6437715274,2473.276245366,S9_5686516,9,31.99307473,5.97307138221455,S9_7478538,9,36.4077051,5.65329273458086,te_fit_total_32_BP14,diff,BP,14,comp_diff
S2_44586954,2,96.05450929,10.4902903197657,13.9437024440234,0.0388209930353883,0.00528822671840229,S2_44257418,2,94.71205672,8.13114903168829,S2_44908249,2,97.68940295,8.78102233027211,te_fit_total_32_BP14,diff,BP,14,comp_rel_diff
S3_7345986,3,47.38986671,4.26210485007917,5.1662001470633,0.0238591901149898,0.00533952424606344,S3_7095091,3,46.70151328,2.58625055288228,S3_10923979,3,54.12476288,2.62993430150121,te_fit_total_32_BP14,diff,BP,14,comp_rel_diff
S5_43329831,5,106.5862469,8.2554830770378,10.6128693418612,-0.0378207875267637,0.0059053635333894,S5_42366438,5,102.9057427,6.23713390238339,S5_43769059,5,111.9145952,4.21288591389729,te_fit_total_32_BP14,diff,BP,14,comp_rel_diff
S7_19532160,7,51.17962841,5.36214432043948,6.60503058243,-0.0271302838524413,0.00536969230163354,S7_19153030,7,49.2934369,3.3714779492922,S7_21663918,7,60.36847472,3.75260617716179,te_fit_total_32_BP14,diff,BP,14,comp_rel_diff
S7_32133319,7,99.94477983,6.5913666677562,8.26730880086887,-0.0444075024838324,0.00785609538515955,S7_31429416,7,92.5060333,4.8849475952578,S7_32940091,7,101.9471039,4.87442432577453,te_fit_total_32_BP14,diff,BP,14,comp_rel_diff
S9_6724364,9,34.93391023,7.59385349413289,9.66691545178841,0.0371703850367239,0.00608114807650006,S9_5686516,9,31.99307473,5.97307138221446,S9_7478538,9,36.4077051,5.65329273458079,te_fit_total_32_BP14,diff,BP,14,comp_rel_diff
S2_44586954,2,96.05450929,5.27711878189266,10.3950925016075,-0.0220003558660414,0.00436379552238998,S2_44073549,2,93.52620611,3.24788457963788,S2_45322381,2,101.3191103,3.28312245822671,te_fit_total_32_BP14,diff,BP,14,comp_ratio
S5_43329831,5,106.5862469,4.12791448226822,7.99584368943321,0.021263932302994,0.00480906114411169,S5_42366438,5,102.9057427,2.59854900941344,S5_43575577,5,107.8767063,2.46258617037533,te_fit_total_32_BP14,diff,BP,14,comp_ratio
S7_19036596,7,49.05801824,4.9945940095374,9.79792067304687,-0.133904978652812,0.0273576400278665,S7_18926544,7,48.34846759,2.19881583171092,S7_19236553,7,49.76776198,0,te_fit_total_32_BP14,diff,BP,14,comp_ratio
S7_19236553,7,49.76776198,6.34951320142419,12.7062461300074,0.152472960793821,0.0273547699992104,S7_19153030,7,49.2934369,0.154511608750283,S7_19580554,7,51.64603332,3.05125175368449,te_fit_total_32_BP14,diff,BP,14,comp_ratio
S2_44586954,2,96.05450929,7.84827419413655,11.1894955085423,-12514.951990381,2006.00074039636,S2_42487620,2,85.66812681,6.28351561250604,S2_44908249,2,97.68940295,6.15878978160542,te_fit_total_33_BP14,diff,BP,14,comp_diff
S3_7095091,3,46.70151328,4.33459785107417,5.81650028481187,36787.9323857756,8178.65063518094,S3_1763620,3,11.38674971,2.52613978237082,S3_7261171,3,47.15534623,0.916803603880894,te_fit_total_33_BP14,diff,BP,14,comp_diff
S3_7345986,3,47.38986671,6.15297202149709,8.51841118858097,-44518.8022588833,8178.45607975574,S3_7095091,3,46.70151328,0,S3_7475161,3,47.62432066,2.20490988305205,te_fit_total_33_BP14,diff,BP,14,comp_diff
S5_43329831,5,106.5862469,7.54870236212934,10.706437444666,13610.5386399941,2230.28300550263,S5_42366438,5,102.9057427,5.29619741959046,S5_43769059,5,111.9145952,3.44762377399401,te_fit_total_33_BP14,diff,BP,14,comp_diff
S7_17158322,7,34.01418318,3.47609304905949,4.59672157470199,7952.93373163054,1988.88841615349,S7_9691609,7,9.989300124,1.86191540491865,S7_23977851,7,64.81124352,1.55449077765329,te_fit_total_33_BP14,diff,BP,14,comp_diff
S7_32133319,7,99.94477983,7.92271881559295,11.3102880876789,17548.3134453751,2797.72938131047,S7_31956171,7,96.48121012,4.73914791753455,S7_32940091,7,101.9471039,5.91122221896909,te_fit_total_33_BP14,diff,BP,14,comp_diff
S9_6724364,9,34.93391023,8.06808742789087,11.5470275935126,-14185.8399373986,2238.34542139508,S9_5686516,9,31.99307473,6.05999791639631,S9_7478538,9,36.4077051,5.77745567405786,te_fit_total_33_BP14,diff,BP,14,comp_diff
S2_44586954,2,96.05450929,7.84827419413663,11.1894955085424,0.0311923157837995,0.00499976417049552,S2_42487620,2,85.66812681,6.28351561250608,S2_44908249,2,97.68940295,6.15878978160541,te_fit_total_33_BP14,diff,BP,14,comp_rel_diff
S3_7095091,3,46.70151328,4.33459785107426,5.816500284812,-0.0916903880168414,0.02038450115462,S3_1763620,3,11.38674971,2.52613978237088,S3_7261171,3,47.15534623,0.916803603880943,te_fit_total_33_BP14,diff,BP,14,comp_rel_diff
S3_7345986,3,47.38986671,6.15297202149718,8.51841118858113,0.110958838631017,0.0203840162439096,S3_7095091,3,46.70151328,0,S3_7475161,3,47.62432066,2.20490988305218,te_fit_total_33_BP14,diff,BP,14,comp_rel_diff
S5_43329831,5,106.5862469,7.54870236212935,10.706437444666,-0.0339229602776428,0.00555876617412109,S5_42366438,5,102.9057427,5.29619741959049,S5_43769059,5,111.9145952,3.44762377399398,te_fit_total_33_BP14,diff,BP,14,comp_rel_diff
S7_17158322,7,34.01418318,3.47609304905943,4.59672157470192,-0.0198219234524685,0.00495711334594675,S7_9691609,7,9.989300124,1.86191540491857,S7_23977851,7,64.81124352,1.55449077765322,te_fit_total_33_BP14,diff,BP,14,comp_rel_diff
S7_32133319,7,99.94477983,7.92271881559294,11.3102880876789,-0.0437374857595894,0.00697307176300188,S7_31956171,7,96.48121012,4.73914791753454,S7_32940091,7,101.9471039,5.91122221896908,te_fit_total_33_BP14,diff,BP,14,comp_rel_diff
S9_6724364,9,34.93391023,8.06808742789086,11.5470275935126,0.0353568435041436,0.00557886097134373,S9_5686516,9,31.99307473,6.05999791639622,S9_7478538,9,36.4077051,5.77745567405785,te_fit_total_33_BP14,diff,BP,14,comp_rel_diff
