S5_38161186,5,91.85580311,3.46410565075581,14.3483344310147,-12.5605772937133,3.05362761511035,S5_30043124,5,71.92483855,1.45064557988089,S5_44003086,5,115.1315049,1.77579826819712,wue_day_17_BP14,dry,BP,14,raw
S2_45043544,2,98.51301522,6.99320553011357,13.188199421941,14.7031758262176,2.50089263911521,S2_44687927,2,96.29854627,5.01063073563822,S2_45322381,2,101.3191103,5.30379430899615,wue_day_18_BP14,dry,BP,14,raw
S5_38761953,5,93.06952405,5.21300494658647,9.59601684896649,-12.6465566375112,2.5217582063357,S5_36886697,5,89.87760443,3.6709059176677,S5_40536310,5,95.70458987,3.61127062511399,wue_day_18_BP14,dry,BP,14,raw
S9_6184858,9,32.79210864,7.57243653836303,14.3939717162783,16.8368443700521,2.74123977931469,S9_5633611,9,31.52841363,5.20178340282099,S9_9448732,9,40.40441084,5.20030805523277,wue_day_18_BP14,dry,BP,14,raw
S2_45043544,2,98.51301522,7.40574717876676,13.9410441117497,14.5020620906691,2.39025521261886,S2_44784129,2,96.94547802,5.80882847408303,S2_45205644,2,100.5702577,5.65202184804523,wue_day_19_BP14,dry,BP,14,raw
S5_38761953,5,93.06952405,4.67991378487501,8.48948164447079,-11.4111940540878,2.41019770436479,S5_36726739,5,88.88556146,2.98415268882559,S5_44445575,5,121.4629871,2.85018239129973,wue_day_19_BP14,dry,BP,14,raw
S9_6184858,9,32.79210864,8.03914601640927,15.2651288740867,16.6335261095395,2.61996959368205,S9_5686516,9,31.99307473,6.1203553574002,S9_8378425,9,38.05852079,6.27718438179052,wue_day_19_BP14,dry,BP,14,raw
S2_45043544,2,98.51301522,6.46288200555287,10.9879136093162,13.0513822149196,2.32442569698051,S2_44687927,2,96.29854627,4.25988841856848,S2_46820675,2,113.8524469,4.26816172328587,wue_day_20_BP14,dry,BP,14,raw
S5_38761953,5,93.06952405,6.06611200364847,10.2578457423507,-12.7520261514489,2.35054132269561,S5_36886697,5,89.87760443,4.52190791655044,S5_42085155,5,100.6567954,4.34142486396095,wue_day_20_BP14,dry,BP,14,raw
S9_6184858,9,32.79210864,8.94540209660505,15.7340579322037,16.9784108684761,2.52693135537489,S9_5686516,9,31.99307473,6.81077923503864,S9_7478538,9,36.4077051,6.49166601769317,wue_day_20_BP14,dry,BP,14,raw
S9_47431030,9,127.0399063,3.67269527070038,6.01284486324737,9.71678984004466,2.33937361872544,S9_41860152,9,106.4582302,1.94307757640664,S9_52013831,9,141.4757725,1.76921314868694,wue_day_20_BP14,dry,BP,14,raw
S2_46536006,2,112.8190907,5.62137561747457,10.0110545137473,13.1735025960201,2.53008303471378,S2_44784129,2,96.94547802,3.67172303471894,S2_46901860,2,114.5694173,4.08985821528682,wue_day_21_BP14,dry,BP,14,raw
S5_38761953,5,93.06952405,4.09292280231463,7.14000328057459,-11.5993173609524,2.63788981862391,S5_33587455,5,80.92708184,2.28561225868999,S5_44445575,5,121.4629871,2.24249900668782,wue_day_21_BP14,dry,BP,14,raw
S9_6184858,9,32.79210864,6.48482026946861,11.6850326663042,15.6722561022908,2.78605689319085,S9_5686516,9,31.99307473,4.82052577423299,S9_9448732,9,40.40441084,4.66606076610775,wue_day_21_BP14,dry,BP,14,raw
S9_46916335,9,126.2796557,4.72713235210262,8.31722384769525,12.0644579831083,2.54209658055115,S9_45818943,9,122.8442473,2.9145453077718,S9_51925480,9,140.7152872,3.21011043545437,wue_day_21_BP14,dry,BP,14,raw
S2_46536006,2,112.8190907,6.70440297090515,13.8882085474809,16.3189330944529,2.8404601512362,S2_46205850,2,108.8915883,5.07032320053681,S2_46901860,2,114.5694173,5.00257464737861,wue_day_22_BP14,dry,BP,14,raw
S9_6184858,9,32.79210864,4.47477896814655,8.9934837480039,14.7335159210727,3.18685624444517,S9_4775142,9,30.60506955,2.80011287881869,S9_7142713,9,35.91474829,2.8835835121949,wue_day_22_BP14,dry,BP,14,raw
S9_46916335,9,126.2796557,3.4586387161098,6.8567689261111,11.6667273599553,2.89007654707502,S9_45322472,9,122.0030918,1.92227804605754,S9_50756637,9,138.0504115,1.3267669419078,wue_day_22_BP14,dry,BP,14,raw
S2_46701398,2,113.0877388,6.73251680631285,15.2098515021771,18.416121465287,3.18881751893798,S2_46205850,2,108.8915883,4.52841723741045,S2_47052010,2,115.3816967,4.6726679862592,wue_day_23_BP14,dry,BP,14,raw
S9_46869047,9,126.0276157,3.653281081625,7.91641640343984,13.5085896779984,3.24219908426618,S9_5686516,9,31.99307473,2.01297255560864,S9_50393843,9,136.5093366,1.92878023969405,wue_day_23_BP14,dry,BP,14,raw
S2_1558172,2,5.312472497,3.56427785836551,7.44323455987144,-15.4136931339378,3.75859529881569,S2_697842,2,1.200339294,0.659682693442735,S2_34165928,2,58.93359384,1.51336654625498,wue_day_24_BP14,dry,BP,14,raw
S2_46701398,2,113.0877388,3.94190710991432,8.27375668687854,13.3354176747278,3.08428825735351,S2_33448706,2,57.13183029,2.27211459611014,S2_47291882,2,116.6054444,2.10352391624508,wue_day_24_BP14,dry,BP,14,raw
S9_46776010,9,125.7813951,4.40762076144245,9.30950035806849,14.3954414629552,3.13878458947856,S9_45818943,9,122.8442473,2.4364063679327,S9_49135130,9,133.0181616,2.64203157391852,wue_day_24_BP14,dry,BP,14,raw
S2_33996396,2,58.40960484,4.95977563891284,8.89868865938291,16.6253619333477,3.42475195868489,S2_31533805,2,53.89396375,2.85945329929499,S2_34314494,2,59.64786994,3.28341477783232,wue_day_25_BP14,dry,BP,14,raw
S2_41447940,2,82.72432845,5.56333610866543,10.0634871986268,-22.8213823888045,4.42067633738773,S2_39217273,2,74.47865868,4.05277733763789,S2_41581565,2,83.18720827,3.2940033446165,wue_day_25_BP14,dry,BP,14,raw
S2_43374008,2,89.65964759,7.78881883527045,14.5228343832946,25.3885702494144,4.09386551874219,S2_42765994,2,86.67570213,5.91461201545161,S2_43829684,2,92.81876812,3.38553959188248,wue_day_25_BP14,dry,BP,14,raw
S3_1078088,3,4.847176955,6.52998302444434,11.9681991461205,-16.4825132322367,2.92772343968822,S3_658739,3,1.659592054,3.4582537892776,S3_1755336,3,11.07765808,4.83378583373865,wue_day_25_BP14,dry,BP,14,raw
S9_46528686,9,124.3534958,3.82810673870959,6.76422658032054,12.0097813439981,2.83757302794158,S9_45818943,9,122.8442473,1.68977844047026,S9_49787310,9,133.5579462,2.28813680285779,wue_day_25_BP14,dry,BP,14,raw
S9_47533424,9,127.290632,4.0468014617629,10.1568354558614,14.3477395511305,3.25373795182326,S9_45818943,9,122.8442473,2.2462077394358,S9_50024273,9,134.179624,2.45324006109962,wue_day_26_BP14,dry,BP,14,raw
S2_1558172,2,5.312472497,3.56907232847985,9.01366322599384,-15.9641564354704,3.86740075467423,S2_776895,2,3.196301789,2.0649032801858,S2_2504271,2,11.41378601,1.97012560677605,wue_day_27_BP14,dry,BP,14,raw
S2_1558172,2,5.312472497,3.27990133200187,7.3893904939463,-15.3423270376918,3.89602193636168,S2_697842,2,1.200339294,0.666794561386335,S2_2777337,2,13.70429638,1.00547250217748,wue_day_28_BP14,dry,BP,14,raw
S9_6724364,9,34.93391023,4.46675811219779,10.2253412179323,-16.4185372904646,3.5442963327295,S9_6184858,9,32.79210864,2.46843353131694,S9_9022705,9,39.59727801,2.89077304468654,wue_day_28_BP14,dry,BP,14,raw
S9_6724364,9,34.93391023,5.74595338020702,14.1076354197373,-21.666778120681,4.07643271226104,S9_6184858,9,32.79210864,3.24322223648865,S9_8378425,9,38.05852079,4.11036395555091,wue_day_29_BP14,dry,BP,14,raw
S9_6724364,9,34.93391023,6.32200027009627,15.4072136356891,-26.2874695627626,4.69666054410948,S9_6184858,9,32.79210864,3.55475215249092,S9_8279734,9,37.58932098,4.77188798794633,wue_day_30_BP14,dry,BP,14,raw
S9_6724364,9,34.93391023,4.84189549801027,12.6404561675852,-28.7028767105799,5.9102442431479,S9_6184858,9,32.79210864,3.04212408982834,S9_8378425,9,38.05852079,3.10737011014118,wue_day_31_BP14,dry,BP,14,raw
S9_6724364,9,34.93391023,3.57903453416951,9.56152357278912,-32.6511038634271,7.88957174425619,S9_6184858,9,32.79210864,1.94750851561948,S9_10484578,9,47.68579448,1.70325718723739,wue_day_32_BP14,dry,BP,14,raw
S9_6368482,9,33.93753786,6.62453749603303,17.7395101420261,-44.0369830886686,7.63214452192505,S9_6184858,9,32.79210864,5.0361450621828,S9_8378425,9,38.05852079,4.21226018970277,wue_day_33_BP14,dry,BP,14,raw
S9_34338749,9,87.94089861,3.3160054920712,8.40713051909487,27.0845357923594,6.81863338140457,78,9,68.20134413,1.40261242735969,119,9,96.57646152,1.75777821585599,wue_day_33_BP14,dry,BP,14,raw
S2_44586954,2,96.05450929,7.61619475941773,11.1421051746609,14.9470220319773,2.43825867209886,S2_44209808,2,93.99718694,5.72201396402522,S2_45156658,2,100.2097111,5.14676745540622,wue_day_17_BP14,wet,BP,14,raw
S3_10157778,3,52.17926891,4.95794147812385,6.98956573418711,12.2810980230355,2.52941931527949,S3_7095091,3,46.70151328,3.27663400632904,S3_12821696,3,56.45293875,3.22437256761467,wue_day_17_BP14,wet,BP,14,raw
S5_33587455,5,80.92708184,6.53022190450839,9.40947084084396,-13.9309688069265,2.47290509345779,S5_31260652,5,76.16548797,4.95979625308313,S5_38859599,5,93.79879919,4.37693634596693,wue_day_17_BP14,wet,BP,14,raw
S7_32133319,7,99.94477983,6.64764020526028,9.59435975866708,-20.3310980892222,3.57405775133821,S7_31956171,7,96.48121012,4.53806322077894,S7_32940091,7,101.9471039,3.83690119290621,wue_day_17_BP14,wet,BP,14,raw
S9_6724364,9,34.93391023,4.78378961391589,6.72781319618218,12.9292262548628,2.71421535409484,S9_5633611,9,31.52841363,2.76482862771652,S9_7478538,9,36.4077051,3.16145941186255,wue_day_17_BP14,wet,BP,14,raw
S2_44586954,2,96.05450929,8.67880854414046,12.6188608614442,17.1376039610427,2.59940509355125,S2_44209808,2,93.99718694,6.58090206456242,S2_45156658,2,100.2097111,5.81837970968432,wue_day_18_BP14,wet,BP,14,raw
S3_10157778,3,52.17926891,4.9360119244328,6.81151220085434,13.0617945669273,2.69659061489348,S3_7095091,3,46.70151328,3.33708537785507,S3_12821696,3,56.45293875,3.28702730124601,wue_day_18_BP14,wet,BP,14,raw
S5_33587455,5,80.92708184,6.81306935649925,9.65037941113312,-15.1998706503363,2.63634132397843,S5_30043124,5,71.92483855,4.3306696486627,S5_37776258,5,91.1156637,5.15433238896859,wue_day_18_BP14,wet,BP,14,raw
S7_32133319,7,99.94477983,7.23569898145957,10.309721214038,-22.7062426971717,3.81027002171089,S7_31956171,7,96.48121012,5.10072312188897,S7_32940091,7,101.9471039,4.11783315098188,wue_day_18_BP14,wet,BP,14,raw
S9_6724364,9,34.93391023,3.96308987950033,5.39589197031275,12.4748742056056,2.89359996835605,S9_5633611,9,31.52841363,2.33259972731886,S9_8182398,9,37.12013546,2.01077689682502,wue_day_18_BP14,wet,BP,14,raw
S2_44784129,2,96.94547802,12.0701856979319,18.5197732709753,22.3981685260152,2.81234265194163,S2_44257418,2,94.71205672,10.0507263018534,S2_45043544,2,98.51301522,10.4530619551101,wue_day_19_BP14,wet,BP,14,raw
S3_7671407,3,48.57267674,7.47399719811288,10.7460008281958,16.9991697943941,2.8020626105954,S3_7261171,3,47.15534623,5.62900374690203,S3_8325193,3,50.73315615,5.35079885719759,wue_day_19_BP14,wet,BP,14,raw
S5_42739726,5,104.1345531,8.55433917923458,12.487201436009,-20.7910341167949,3.17919444160195,S5_41688423,5,99.18153707,6.39600128333589,S5_43769059,5,111.9145952,4.42018785501329,wue_day_19_BP14,wet,BP,14,raw
S6_31142354,6,59.88938247,3.1854995143715,4.31557076568361,10.9236209344262,2.84132595150869,S6_25117279,6,44.72684694,1.54184431327468,S6_34082781,6,81.7006444,1.06019188301672,wue_day_19_BP14,wet,BP,14,raw
S7_32133319,7,99.94477983,7.69205268033976,11.0933509270493,-25.4904176603547,4.13541533402722,S7_31956171,7,96.48121012,5.15945979237893,S7_32940091,7,101.9471039,5.02193533782932,wue_day_19_BP14,wet,BP,14,raw
S2_44784129,2,96.94547802,11.6742818746879,20.2579870156108,23.1208991420372,2.95127049113184,S2_44257418,2,94.71205672,9.79413375782844,S2_45156658,2,100.2097111,8.34382165478144,wue_day_20_BP14,wet,BP,14,raw
S3_7671407,3,48.57267674,6.23186828247438,10.0156118884436,16.1876039286929,2.93863919395566,S3_7261171,3,47.15534623,4.58647860056347,S3_8325193,3,50.73315615,4.45170408120747,wue_day_20_BP14,wet,BP,14,raw
S5_42739726,5,104.1345531,6.12448222647616,9.82832039693202,-17.9325535061299,3.28628271777157,S5_33184214,5,79.95790853,4.13599939939025,S5_43240044,5,106.0943485,4.478701440493,wue_day_20_BP14,wet,BP,14,raw
S7_32133319,7,99.94477983,5.00922138626348,7.91507387735759,-21.2517269802359,4.33979466873074,S7_31652984,7,94.85882286,3.24795822463108,S7_33411071,7,104.8359143,2.90777060868101,wue_day_20_BP14,wet,BP,14,raw
S2_44908249,2,97.68940295,9.13361843759116,19.3824242348175,23.6517589937028,3.45436484911938,S2_44209808,2,93.99718694,7.20517304333868,S2_45980428,2,106.3362737,6.34791361145428,wue_day_21_BP14,wet,BP,14,raw
S5_41875724,5,100.1689707,5.69876109439166,11.5256277336523,-19.0965198340517,3.61685203687147,S5_32800961,5,79.00989287,3.65475908966531,S5_42757204,5,104.3715333,3.90646553286811,wue_day_21_BP14,wet,BP,14,raw
S2_46014879,2,106.7975269,8.25378579908998,15.1849941278464,19.1709477764243,2.98159508734157,S2_44687927,2,96.29854627,6.72927131661091,S2_46500150,2,111.3909002,6.74670488017554,wue_day_22_BP14,wet,BP,14,raw
S3_1536460,3,10.15677378,3.78096959934145,6.53641315933202,-12.5661440047626,2.97882286444514,S3_658739,3,1.659592054,1.72818174185625,S3_2762714,3,18.04500157,1.90255126303743,wue_day_22_BP14,wet,BP,14,raw
S3_10157778,3,52.17926891,4.2430797826954,7.38218682911725,13.9390815633151,3.10923850539854,S3_7095091,3,46.70151328,2.31636959585268,S3_10923979,3,54.12476288,2.62160890569051,wue_day_22_BP14,wet,BP,14,raw
S5_33587455,5,80.92708184,3.95772665192167,6.85867167636728,-13.0591143987299,3.02208109212908,S5_25351129,5,62.27832806,1.89449587861763,S5_37997803,5,91.36022511,2.13761272741559,wue_day_22_BP14,wet,BP,14,raw
S2_46701398,2,113.0877388,8.10524581245327,18.042321319698,18.9549609792242,2.96011249403085,S2_44784129,2,96.94547802,6.51518119549025,S2_46901860,2,114.5694173,5.72616931045935,wue_day_23_BP14,wet,BP,14,raw
S3_1536460,3,10.15677378,3.9743266411474,8.3527208108782,-12.955485737601,2.97352261343625,S3_658739,3,1.659592054,2.03613670064172,S3_3346389,3,23.38668286,2.13205133845815,wue_day_23_BP14,wet,BP,14,raw
S2_46536006,2,112.8190907,6.79487868420909,15.2568518148389,15.9310849982202,2.74224645789327,S2_45205644,2,100.5702577,4.95432700320012,S2_46901860,2,114.5694173,4.60718563536393,wue_day_24_BP14,wet,BP,14,raw
S3_1536460,3,10.15677378,4.33856534863502,9.41493793809084,-12.5506844776231,2.75012398852628,S3_658739,3,1.659592054,2.34566768115386,S3_2313861,3,15.68965386,2.76108319857893,wue_day_24_BP14,wet,BP,14,raw
S3_1475874,3,9.449682849,3.66244663513673,9.44500883696021,-12.1894294606811,2.91194890025548,S3_658739,3,1.659592054,1.81558237726778,S3_2762714,3,18.04500157,1.6409114364432,wue_day_25_BP14,wet,BP,14,raw
S3_1536460,3,10.15677378,3.24114544212108,8.40560948020434,-11.395246926285,2.90214383932321,S3_882154,3,3.183724647,1.44709971385262,S3_3652352,3,27.40286465,0.951709822744458,wue_day_26_BP14,wet,BP,14,raw
S7_32133319,7,99.94477983,3.59683611515728,9.2839188165379,18.336283288055,4.42214666800967,S7_31956171,7,96.48121012,1.01175569984541,S7_32940091,7,101.9471039,1.97553363961779,wue_day_27_BP14,wet,BP,14,raw
S3_8119264,3,49.77537052,4.20187558164598,9.80145138874021,-13.856314867096,3.08811781992791,S3_6422015,3,45.16807388,2.02669298816859,S3_15496244,3,64.25922531,1.30437597903528,wue_day_28_BP14,wet,BP,14,raw
S7_32133319,7,99.94477983,4.08699852696394,9.51838558246928,19.9784496714388,4.51826240999325,S7_31956171,7,96.48121012,2.0856387880385,S7_32940091,7,101.9471039,2.24392549494804,wue_day_28_BP14,wet,BP,14,raw
S3_10844641,3,53.40431196,4.86310085155242,8.46611988429962,-15.7496363415866,3.27742942693219,S3_7261171,3,47.15534623,3.20559897640305,S3_15496244,3,64.25922531,1.9897922138079,wue_day_29_BP14,wet,BP,14,raw
S5_43575577,5,107.8767063,4.34143399558178,7.50363959821319,15.7633105920857,3.48430749266773,S5_41688423,5,99.18153707,2.20738170297322,S5_43769059,5,111.9145952,2.40870047745245,wue_day_29_BP14,wet,BP,14,raw
S7_31834678,7,96.02018118,3.18803359707229,5.42327521359952,15.1632991533359,3.94246554496517,S7_30982237,7,88.83862293,1.5551705519283,S7_32940091,7,101.9471039,1.00500900571006,wue_day_29_BP14,wet,BP,14,raw
S8_2959300,8,35.90897138,4.19769577711128,7.24082264937782,13.9395859780022,3.13661305048348,S8_2524830,8,32.47334536,2.37891801491653,S8_4643788,8,39.09768355,2.09887644042087,wue_day_29_BP14,wet,BP,14,raw
S9_6501061,9,33.93753996,5.37298375688219,9.42009452090792,-18.0705803545075,3.56491759785348,S9_5633611,9,31.52841363,3.4687396477754,S9_8279734,9,37.58932098,3.73541226178527,wue_day_29_BP14,wet,BP,14,raw
S3_10844641,3,53.40431196,4.80980267384232,8.78356631884294,-19.3945842113001,4.04740285264398,S3_7261171,3,47.15534623,3.27948002783894,S3_11383115,3,55.06652941,2.91022065912789,wue_day_30_BP14,wet,BP,14,raw
S5_42139210,5,101.1443376,4.47115370030015,8.12698479225719,19.2502072098117,4.1764000032772,S5_41688423,5,99.18153707,2.56255485030328,S5_43769059,5,111.9145952,2.11780009618323,wue_day_30_BP14,wet,BP,14,raw
S8_2959300,8,35.90897138,3.52835411285151,6.33047070399309,15.6350603772233,3.84337679208935,S8_2454124,8,30.95861552,1.82125860129971,S8_4643788,8,39.09768355,1.91259824260793,wue_day_30_BP14,wet,BP,14,raw
S9_6724364,9,34.93391023,5.08732330182425,9.3261393363892,-21.2484618099829,4.30336267933389,S9_5633611,9,31.52841363,2.81420639294469,S9_8378425,9,38.05852079,3.47413721995289,wue_day_30_BP14,wet,BP,14,raw
S3_7641393,3,48.57267569,5.28465786778744,9.97119892394911,-23.5934663714741,4.6774964600023,S3_6422015,3,45.16807388,2.79985763862438,S3_11383115,3,55.06652941,2.91348298629328,wue_day_31_BP14,wet,BP,14,raw
S5_42251884,5,101.3829046,6.82848752710615,13.1763872960892,28.3385360724585,4.88736349772475,S5_41688423,5,99.18153707,4.02526273252934,S5_42719546,5,103.4003774,5.23185633358276,wue_day_31_BP14,wet,BP,14,raw
S7_31711920,7,95.32348365,3.55008702211711,6.53291001473168,23.4287853783345,5.73841352118824,S7_30982237,7,88.83862293,1.83944837685298,S7_32940091,7,101.9471039,1.24863842859236,wue_day_31_BP14,wet,BP,14,raw
S9_6930910,9,35.42306752,3.45273324476825,6.34488267189411,-21.163894195925,5.25992060886036,S9_5686516,9,31.99307473,1.86199709169788,S9_8458511,9,38.57941159,1.5976437777234,wue_day_31_BP14,wet,BP,14,raw
S3_7641393,3,48.57267569,5.38877723335445,12.4883618531242,-32.4507563649559,6.32631782193241,S3_6422015,3,45.16807388,2.99944100240849,S3_10844641,3,53.40431196,3.6613617963724,wue_day_32_BP14,wet,BP,14,raw
S5_42139210,5,101.1443376,5.19199630715053,11.9980953944313,33.7796951589058,6.71859542889341,S5_41688423,5,99.18153707,3.04020813788572,S5_42996052,5,104.8464874,3.607103967995,wue_day_32_BP14,wet,BP,14,raw
S3_10844641,3,53.40431196,5.3623927480258,11.4253225477454,-35.9343085350385,7.04160133219277,S3_7095091,3,46.70151328,3.23578505186692,S3_15496244,3,64.25922531,2.89946326598935,wue_day_33_BP14,wet,BP,14,raw
S5_43326465,5,106.5862458,3.41222354559638,7.03529995217971,30.4149945911593,7.59526288417577,S5_41688423,5,99.18153707,1.13126004770036,S5_43866387,5,112.9382883,1.67390837074482,wue_day_33_BP14,wet,BP,14,raw
S8_2959300,8,35.90897138,4.51791339566589,9.48969950922246,31.747360712116,6.82618056256288,S8_2212612,8,29.20494363,2.73832557711994,S8_6891711,8,42.40326203,2.85001812319067,wue_day_33_BP14,wet,BP,14,raw
S9_7218054,9,35.91475039,5.6190479509648,12.0243329900036,-39.1102318854455,7.47061351714357,S9_4775142,9,30.60506955,3.91643377251699,S9_8279734,9,37.58932098,3.19617228452671,wue_day_33_BP14,wet,BP,14,raw
S2_45980428,2,106.3362737,3.24343836959055,13.4991023760681,-12.7033514827996,3.19974588510061,S2_4217718,2,20.91597796,1.67463436580324,S2_47811870,2,119.7658678,1.76603948012475,wue_day_17_BP14,diff,BP,14,comp_diff
S6_3916880,6,26.57162159,3.58907038127517,14.8255548792741,-0.0495119290099569,0.0118085980010128,S6_3378336,6,21.40489387,1.9536702409601,S6_5854971,6,37.17391067,0.675717230299622,wue_day_17_BP14,diff,BP,14,comp_rel_diff
S2_45980428,2,106.3362737,4.67149784285115,16.1892338537526,-0.159562389421002,0.0331075077756923,S2_43829684,2,92.81876812,2.47023542669811,S2_46536006,2,112.8190907,2.99578557897353,wue_day_17_BP14,diff,BP,14,comp_ratio
S7_32133319,7,99.94477983,3.74724296627587,12.7123941195878,0.296627043782069,0.0694554254575076,S7_31956171,7,96.48121012,0.500232843178315,S7_32940091,7,101.9471039,0.971471835456216,wue_day_17_BP14,diff,BP,14,comp_ratio
S7_32133319,7,99.94477983,3.87639848036691,9.9683287487463,18.3141614471216,4.2463802115887,S7_31956171,7,96.48121012,1.05741018954097,S7_32940091,7,101.9471039,1.50949854677851,wue_day_18_BP14,diff,BP,14,comp_diff
S7_32133319,7,99.94477983,3.27455441634265,8.48846706557771,0.0455594351767534,0.0115410938228794,S7_31956171,7,96.48121012,1.15273065688749,S7_33411071,7,104.8359143,1.43274361353868,wue_day_18_BP14,diff,BP,14,comp_rel_diff
S7_32133319,7,99.94477983,5.53070258194397,13.9139242643805,0.275694224798808,0.0529071863092047,S7_31956171,7,96.48121012,2.01400842101402,S7_32940091,7,101.9471039,3.02324882690442,wue_day_18_BP14,diff,BP,14,comp_ratio
S3_10157778,3,52.17926891,3.70788806924231,7.83768093519373,-12.2735367243087,2.93060417976407,S3_7095091,3,46.70151328,1.95401602975827,S3_47948105,3,116.5959488,1.63595877016209,wue_day_19_BP14,diff,BP,14,comp_diff
S6_4213734,6,30.6392567,3.43334774517592,7.22999145303429,-14.5761433638933,3.62372279034699,S6_2808226,6,19.97576945,1.80452549531076,S6_5854971,6,37.17391067,0.76880320133716,wue_day_19_BP14,diff,BP,14,comp_diff
S7_32133319,7,99.94477983,5.38812432007351,11.6569574427319,21.2971630100773,4.16975345979171,S7_31956171,7,96.48121012,2.19381134089245,S7_32940091,7,101.9471039,2.55501792647698,wue_day_19_BP14,diff,BP,14,comp_diff
S7_32133319,7,99.94477983,4.18682360048206,10.7222468702298,0.0446389973934301,0.00993776025959366,S7_31956171,7,96.48121012,2.20710090377558,S7_33411071,7,104.8359143,2.28820571139756,wue_day_19_BP14,diff,BP,14,comp_rel_diff
S2_44586954,2,96.05450929,3.47027843061505,7.2529942107324,-0.102519403152309,0.0252685684074733,S2_43563669,2,90.6458407,1.38364676167374,S2_46820675,2,113.8524469,1.73854060777793,wue_day_19_BP14,diff,BP,14,comp_ratio
S7_32133319,7,99.94477983,8.69055196562405,19.5321658087596,0.248097739606212,0.037263259437287,S7_31956171,7,96.48121012,3.0067350806572,S7_32940091,7,101.9471039,4.90045911945328,wue_day_19_BP14,diff,BP,14,comp_ratio
S3_10157778,3,52.17926891,3.90887596257381,8.27842822752919,-12.407042522943,2.88132182336771,S3_7261171,3,47.15534623,2.26904140273462,S3_10923979,3,54.12476288,2.367934944237,wue_day_20_BP14,diff,BP,14,comp_diff
S6_4213734,6,30.6392567,3.53925997515674,7.45757622651607,-14.5609925612272,3.56278464002678,S6_3916880,6,26.57162159,1.76762671867114,S6_5854971,6,37.17391067,0.772560726392565,wue_day_20_BP14,diff,BP,14,comp_diff
S7_32133319,7,99.94477983,5.15192470276068,11.1001048374807,20.4414208715817,4.09963301244187,S7_31956171,7,96.48121012,2.85467933421795,S7_32940091,7,101.9471039,2.85728331746315,wue_day_20_BP14,diff,BP,14,comp_diff
S7_32133319,7,99.94477983,3.82718590691912,9.84822469419909,0.0386038803267276,0.00901123855826136,S7_31956171,7,96.48121012,1.90069215556672,S7_33411071,7,104.8359143,2.07995350867437,wue_day_20_BP14,diff,BP,14,comp_rel_diff
S2_44586954,2,96.05450929,3.71832543403133,7.17805555996329,-0.0791876913257799,0.0188800663520896,S2_2387967,2,9.515531011,1.55099300291339,S2_46205850,2,108.8915883,1.99291355593527,wue_day_20_BP14,diff,BP,14,comp_ratio
S3_10157778,3,52.17926891,3.22900244742616,6.19161989055481,-0.0759894001809825,0.0195074326226865,S3_7095091,3,46.70151328,1.51176103563702,S3_14612000,3,61.05843093,1.53360755607688,wue_day_20_BP14,diff,BP,14,comp_ratio
S7_32133319,7,99.94477983,8.48327546815866,17.4994236199202,0.181145416868337,0.0276607989935465,S7_31956171,7,96.48121012,3.80996484592103,S7_32940091,7,101.9471039,5.20025592994757,wue_day_20_BP14,diff,BP,14,comp_ratio
S2_44586954,2,96.05450929,3.88670823201263,8.9188187968249,-12.7307743261947,2.95648341477475,S2_43563669,2,90.6458407,1.5654190243358,S2_46820675,2,113.8524469,2.07999491591405,wue_day_21_BP14,diff,BP,14,comp_diff
S7_32133319,7,99.94477983,4.7627685067634,11.0621302430679,20.9083969022026,4.35989117904301,S7_31956171,7,96.48121012,2.19322022092209,S7_32940091,7,101.9471039,2.81961780897805,wue_day_21_BP14,diff,BP,14,comp_diff
S2_44586954,2,96.05450929,4.60982333070421,9.80402771208425,-0.0740630515643396,0.0157146048742054,S2_43829684,2,92.81876812,2.92336141556266,S2_46205850,2,108.8915883,2.42229915243272,wue_day_21_BP14,diff,BP,14,comp_ratio
S7_32133319,7,99.94477983,7.61446895155326,16.8858043604742,0.143337694913948,0.0231741422362806,S7_31956171,7,96.48121012,3.47239397142928,S7_32940091,7,101.9471039,4.72769724779027,wue_day_21_BP14,diff,BP,14,comp_ratio
S7_32133319,7,99.94477983,4.01570948570511,10.3074525585125,0.0311635960633063,0.00709243611873764,S7_31814279,7,95.55378553,2.08817354472385,S7_33411071,7,104.8359143,1.85950281342821,wue_day_22_BP14,diff,BP,14,comp_rel_diff
S2_44586954,2,96.05450929,3.36806127888793,7.80253727578473,-0.0547636522293007,0.0137108512621922,S2_43563669,2,90.6458407,0.879964499333611,S2_46536006,2,112.8190907,1.58399848846982,wue_day_22_BP14,diff,BP,14,comp_ratio
S7_32133319,7,99.94477983,4.58695812834738,10.8063581612814,0.0950417357192565,0.0202192304467086,S7_31956171,7,96.48121012,2.14317953472864,S7_32940091,7,101.9471039,2.66767365041278,wue_day_22_BP14,diff,BP,14,comp_ratio
S1_34847089,1,76.40489489,3.22960070133712,8.37695993460109,0.0205012636475486,0.00523100481192775,S1_31715906,1,68.33962958,1.3861396302962,S1_36520779,1,84.0138963,1.55334923572565,wue_day_23_BP14,diff,BP,14,comp_rel_diff
S1_4203850,1,24.99841678,5.99941082652206,14.7293580982147,0.335014173518582,0.0617117715461701,35,1,20.77007968,0.519188148483633,37,1,25.51325511,1.11022302462516e-16,wue_day_23_BP14,diff,BP,14,comp_ratio
S1_4354034,1,25.51325511,6.58330870074451,16.2948979911275,-0.353117097095181,0.0618428741929672,S1_4203850,1,24.99841678,1.11022302462516e-16,S1_5255067,1,33.32814593,0.0812069747560735,wue_day_23_BP14,diff,BP,14,comp_ratio
S3_16155298,3,64.47579298,3.26880542616474,8.47421433820274,16.8581192924255,4.27441310228034,S3_10844641,3,53.40431196,1.6806693269485,S3_19489073,3,69.19885477,1.25021602811904,wue_day_29_BP14,diff,BP,14,comp_diff
S3_16155298,3,64.47579298,3.32801126790446,3.29082154813649,0.0996147730493994,0.0254652160823889,S3_10844641,3,53.40431196,1.79614656121379,S3_35265479,3,78.79010492,1.73124838207059,wue_day_29_BP14,diff,BP,14,comp_ratio
S5_42251884,5,101.3829046,3.09844116431533,3.05416710539973,-0.106011465544304,0.0279562264247537,S5_1221447,5,13.74211329,1.56783494837786,S5_44163859,5,116.340362,1.48121590221692,wue_day_29_BP14,diff,BP,14,comp_ratio
S9_48675151,9,130.9881179,19.7198374590286,24.629125602874,-1158337.43995805,107973.304982187,S9_48257823,9,127.7999636,0.0376106999825936,S9_48729556,9,130.9881189,3.32940944218763e-05,wue_day_29_BP14,diff,BP,14,comp_ratio
S9_48729556,9,130.9881189,19.7198374590286,24.6291792765133,1158339.93951925,107973.416560327,S9_48675151,9,130.9881179,0,S9_48859174,9,131.4758092,0,wue_day_29_BP14,diff,BP,14,comp_ratio
S9_48859174,9,131.4758092,30.3294358818287,44.4442710765397,-2.35271746849751,0.163460363665746,1,9,130.9881189,0,3,9,133.0181616,6.9729669490262,wue_day_29_BP14,diff,BP,14,comp_ratio
S9_51520267,9,139.5132784,2.98775481932969,2.94058988785338,-0.132078092968183,0.0356076479282415,S9_50690449,9,136.5093397,1.41715807646396,S9_52254840,9,144.4352927,0.263622215364641,wue_day_29_BP14,diff,BP,14,comp_ratio
S3_16155298,3,64.47579298,3.46278106983084,8.95388913103832,20.5921377470243,5.06607525887199,S3_10844641,3,53.40431196,1.88479059619836,S3_19489073,3,69.19885477,1.4023173598797,wue_day_30_BP14,diff,BP,14,comp_diff
S3_12927099,3,57.64133659,3.60283039846144,9.73474520999119,25.4307893152946,6.12206392711805,S3_10157778,3,52.17926891,2.00101565683016,S3_18206380,3,67.97502173,1.8761241078645,wue_day_31_BP14,diff,BP,14,comp_diff
S3_12927099,3,57.64133659,3.30966356609578,9.03251938854134,31.2359320902486,7.86130307783101,S3_10157778,3,52.17926891,1.74452616438424,S3_18206380,3,67.97502173,1.79237094699058,wue_day_32_BP14,diff,BP,14,comp_diff
