S9_6724364,9,34.93391023,4.79502524252706,19.2964361032148,384.675738326803,78.2783951310923,S9_6184858,9,32.79210864,1.79312274635692,S9_8279734,9,37.58932098,2.95528481086914,te_fit_day_17_BP14,dry,BP,14,raw
S2_45043544,2,98.51301522,5.01347814472733,8.78971657416304,310.910154812488,63.3033717776777,S2_44073549,2,93.52620611,3.42409599708161,S2_45980428,2,106.3362737,1.96346730344971,te_fit_day_18_BP14,dry,BP,14,raw
S7_32133319,7,99.94477983,6.54187644243558,11.7096996831911,-524.901692407118,92.59434546327,S7_31178325,7,89.28412826,2.89838724621337,S7_32940091,7,101.9471039,3.98413243996024,te_fit_day_18_BP14,dry,BP,14,raw
S9_6724364,9,34.93391023,9.5929833262754,17.9042330211066,479.768314444753,68.4436360111682,S9_6184858,9,32.79210864,7.52511312954785,S9_8458511,9,38.57941159,7.56817010753496,te_fit_day_18_BP14,dry,BP,14,raw
S2_45043544,2,98.51301522,5.37767182266085,9.25961293934633,352.824858867079,69.1915432142445,S2_44209808,2,93.99718694,3.86073580936698,S2_45980428,2,106.3362737,2.13568670921433,te_fit_day_19_BP14,dry,BP,14,raw
S7_32133319,7,99.94477983,6.99132449540564,12.3050885369899,-594.925733333396,101.207020662613,S7_31178325,7,89.28412826,3.46955555630329,S7_32940091,7,101.9471039,4.34606911106828,te_fit_day_19_BP14,dry,BP,14,raw
S9_6724364,9,34.93391023,9.96338145484962,18.2663174273041,535.789860195157,74.8099298002432,S9_6184858,9,32.79210864,8.02501613935067,S9_8458511,9,38.57941159,7.95237575648638,te_fit_day_19_BP14,dry,BP,14,raw
S2_45043544,2,98.51301522,5.7806043575723,9.78454044588068,404.327470011503,76.2695663426854,S2_44209808,2,93.99718694,4.04618290717236,S2_45980428,2,106.3362737,2.40456368290438,te_fit_day_20_BP14,dry,BP,14,raw
S7_32133319,7,99.94477983,7.18851164105117,12.4030621502204,-665.863355686278,111.560101396663,S7_31178325,7,89.28412826,3.7821112670677,S7_32940091,7,101.9471039,4.53423267819966,te_fit_day_20_BP14,dry,BP,14,raw
S9_6724364,9,34.93391023,10.5331514732976,19.029217763153,609.648809604234,82.4626918108201,S9_6184858,9,32.79210864,8.57139149507358,S9_8458511,9,38.57941159,8.30364227965609,te_fit_day_20_BP14,dry,BP,14,raw
S2_45043544,2,98.51301522,5.65346298666569,9.45038707471583,442.96999429753,84.5660884490079,S2_44209808,2,93.99718694,3.87388082763264,S2_45980428,2,106.3362737,2.54475182382624,te_fit_day_21_BP14,dry,BP,14,raw
S7_32133319,7,99.94477983,7.15633893012437,12.2097583255288,-736.47950872448,123.695490278546,S7_31178325,7,89.28412826,3.80511703816832,S7_32940091,7,101.9471039,4.51527733464684,te_fit_day_21_BP14,dry,BP,14,raw
S9_6724364,9,34.93391023,11.1842917821463,20.1701558790936,699.697574074883,91.4328955023079,S9_6184858,9,32.79210864,9.20417763642539,S9_8458511,9,38.57941159,8.62937498105559,te_fit_day_21_BP14,dry,BP,14,raw
S2_45043544,2,98.51301522,5.37441378051298,8.83584520971012,475.038144479334,93.1887542766235,S2_44209808,2,93.99718694,3.6409571003164,S2_45980428,2,106.3362737,2.66228889519435,te_fit_day_22_BP14,dry,BP,14,raw
S7_32133319,7,99.94477983,7.05060200862632,11.8587887570522,-804.974687344753,136.307932175963,S7_31494503,7,93.27304403,5.30057778681857,S7_32940091,7,101.9471039,4.58595197527448,te_fit_day_22_BP14,dry,BP,14,raw
S9_6724364,9,34.93391023,12.1105636091725,21.8416917151224,807.520955034056,100.755725942113,S9_6184858,9,32.79210864,10.0261723697894,S9_8378425,9,38.05852079,10.3212160892013,te_fit_day_22_BP14,dry,BP,14,raw
S2_45043544,2,98.51301522,4.90302408488142,8.05616483680845,544.121844971409,112.111453742673,S2_44209808,2,93.99718694,3.30972541133995,S2_45980428,2,106.3362737,2.86823540577161,te_fit_day_23_BP14,dry,BP,14,raw
S7_32133319,7,99.94477983,6.59293683820607,11.0841278647328,-933.556005146062,163.986315210765,S7_31494503,7,93.27304403,4.68824831682936,S7_32940091,7,101.9471039,4.26539060606673,te_fit_day_23_BP14,dry,BP,14,raw
S9_6724364,9,34.93391023,12.6013111549456,23.015972607053,994.38115758894,121.214957705495,S9_6184858,9,32.79210864,10.5819002422079,S9_8378425,9,38.05852079,10.5056075262003,te_fit_day_23_BP14,dry,BP,14,raw
S5_44050206,5,115.8565285,3.68871636906787,6.06600304779403,-523.443290627171,125.364143788367,S5_33184214,5,79.95790853,1.93180191186839,S5_44418942,5,120.9842738,1.88832158816056,te_fit_day_24_BP14,dry,BP,14,raw
S7_31711920,7,95.32348365,6.70292556084256,11.4818453629079,-855.353581171354,148.900050392811,S7_31429416,7,92.5060333,5.17230683151241,S7_32133319,7,99.94477983,4.94241187764537,te_fit_day_24_BP14,dry,BP,14,raw
S9_6724364,9,34.93391023,13.9115950355781,26.3290001657278,1142.72948622755,131.365481990079,S9_6184858,9,32.79210864,11.990049410999,S9_7478538,9,36.4077051,11.1829168469264,te_fit_day_24_BP14,dry,BP,14,raw
S5_44050206,5,115.8565285,4.33730471338015,7.20461177718603,-546.011575303828,120.070541815424,S5_43866387,5,112.9382883,2.82657614423441,S5_44418942,5,120.9842738,2.14690686429271,te_fit_day_25_BP14,dry,BP,14,raw
S7_31711920,7,95.32348365,5.89544657721516,10.0014791164257,-764.099965331977,142.612625801443,S7_31178325,7,89.28412826,3.00437569953281,S7_32133319,7,99.94477983,4.27100740977762,te_fit_day_25_BP14,dry,BP,14,raw
S9_6724364,9,34.93391023,14.0134381646129,26.594584667608,1099.26167983274,125.818468676501,S9_6184858,9,32.79210864,12.0628134398529,S9_7478538,9,36.4077051,11.1539384415892,te_fit_day_25_BP14,dry,BP,14,raw
S4_30351975,4,56.40459876,3.77153476945809,5.30550355677288,423.916906282491,100.946422613299,S4_9295193,4,46.17739222,2.09963468752151,S4_32232256,4,62.40241389,1.79565070073722,te_fit_day_26_BP14,dry,BP,14,raw
S5_44050206,5,115.8565285,5.5075117765548,7.93131018471293,-537.514168953736,104.68656505113,S5_42719546,5,103.4003774,3.14276411797003,S5_44201295,5,117.5333042,3.70276931882772,te_fit_day_26_BP14,dry,BP,14,raw
S6_31345498,6,61.39299496,3.59313507510956,5.04243259201733,402.124507020358,98.2231802794927,S6_4213734,6,30.6392567,0.338061011547964,S6_35267769,6,92.0202595,1.89472445066036,te_fit_day_26_BP14,dry,BP,14,raw
S7_31711920,7,95.32348365,5.44232907657555,7.8305206967771,-613.770720317865,120.305185371789,S7_31494503,7,93.27304403,3.93271386168662,S7_32940091,7,101.9471039,2.03172426718879,te_fit_day_26_BP14,dry,BP,14,raw
S9_6295446,9,33.93753681,16.037689656272,26.7251722901704,1015.37710139651,107.730979615692,S9_6184858,9,32.79210864,13.6092223260627,S9_7142713,9,35.91474829,14.4220437040703,te_fit_day_26_BP14,dry,BP,14,raw
S4_30351975,4,56.40459876,3.82390499626219,5.41249321050068,340.931044926446,80.5989244779701,S4_9295193,4,46.17739222,1.98712080010032,S4_32232256,4,62.40241389,1.82834410581492,te_fit_day_27_BP14,dry,BP,14,raw
S5_44050206,5,115.8565285,5.80928885263304,8.44628735118213,-441.672958954366,83.5851764924505,S5_42719546,5,103.4003774,3.58337707411011,S5_44179618,5,116.8150866,4.20287199957936,te_fit_day_27_BP14,dry,BP,14,raw
S6_31345498,6,61.39299496,3.51875870214715,4.96018239423545,317.570204982299,78.42459875631,S6_4213734,6,30.6392567,0.490831126246171,S6_35267769,6,92.0202595,1.90725571878713,te_fit_day_27_BP14,dry,BP,14,raw
S7_31711920,7,95.32348365,4.90797655695662,7.04925150860817,-463.695396220227,96.0555936413302,S7_31429416,7,92.5060333,3.22607387259967,S7_32940091,7,101.9471039,1.78007970635396,te_fit_day_27_BP14,dry,BP,14,raw
S9_6295446,9,33.93753681,15.9079775888152,26.6055104737923,806.683811177048,86.0159366245734,S9_6184858,9,32.79210864,13.4192801975505,S9_7142713,9,35.91474829,14.3090625373545,te_fit_day_27_BP14,dry,BP,14,raw
S4_28902914,4,52.90088541,5.31442581861738,7.70520041948519,322.661550746301,64.0568938843192,S4_9295193,4,46.17739222,3.53476633323597,S4_31798268,4,59.58808437,3.53741292117428,te_fit_day_28_BP14,dry,BP,14,raw
S5_33587455,5,80.92708184,5.83013856067935,8.51222623891127,-336.34701817076,63.5296747548806,S5_31260652,5,76.16548797,3.80720114181591,S5_42996052,5,104.8464874,3.93782688387521,te_fit_day_28_BP14,dry,BP,14,raw
S6_35005650,6,89.29289545,3.94063645986186,5.60838085997264,269.969791600489,62.8213190567298,S6_33383362,6,78.16213009,2.12216861313836,S6_35267769,6,92.0202595,3.18559433142065,te_fit_day_28_BP14,dry,BP,14,raw
S7_31834678,7,96.02018118,5.33781942315498,7.74157047190132,-394.741181290752,78.1823156808816,S7_31429416,7,92.5060333,3.69359399752718,S7_32940091,7,101.9471039,2.21899722095499,te_fit_day_28_BP14,dry,BP,14,raw
S9_6724364,9,34.93391023,13.9228789868286,22.7314375987083,590.044058787345,68.1995673361546,S9_6184858,9,32.79210864,10.9110531036175,S9_7478538,9,36.4077051,11.4195205801757,te_fit_day_28_BP14,dry,BP,14,raw
S4_28902914,4,52.90088541,5.18197985319384,7.63008004456052,268.098627695643,53.9489460333706,S4_9295193,4,46.17739222,3.35139272388323,S4_30500340,4,57.16528154,3.52626777693833,te_fit_day_29_BP14,dry,BP,14,raw
S5_33587455,5,80.92708184,5.91843119549843,8.80189208889094,-285.580677721794,53.5049201895136,S5_31260652,5,76.16548797,3.73751858788301,S5_42996052,5,104.8464874,4.04146466229738,te_fit_day_29_BP14,dry,BP,14,raw
S6_35005650,6,89.29289545,3.98072877493318,5.76703701710882,228.584926571234,52.9083404770945,S6_33383362,6,78.16213009,2.167023057871,S6_35267769,6,92.0202595,3.30126857203181,te_fit_day_29_BP14,dry,BP,14,raw
S7_31834678,7,96.02018118,4.79531708741395,7.02392099373166,-313.951459723811,65.8454269894646,S7_31429416,7,92.5060333,3.18751537090105,S7_32940091,7,101.9471039,1.91021809832812,te_fit_day_29_BP14,dry,BP,14,raw
S9_6724364,9,34.93391023,13.4276027470064,22.1494617547957,486.325874113763,57.4379204892746,S9_6184858,9,32.79210864,10.1295846076469,S9_7478538,9,36.4077051,11.0363127324882,te_fit_day_29_BP14,dry,BP,14,raw
S5_44003086,5,115.1315049,4.9205172719092,8.88730927066055,-217.05344528792,44.6370805620582,S5_33184214,5,79.95790853,2.96906101733269,S5_44336611,5,119.8635321,3.08517611471229,te_fit_day_30_BP14,dry,BP,14,raw
S7_31834678,7,96.02018118,3.33801465043124,5.90183827481594,-211.038192039652,53.2576072506062,S7_19446572,7,50.71621801,1.30133167422878,S7_32940091,7,101.9471039,1.28659596122003,te_fit_day_30_BP14,dry,BP,14,raw
S9_6724364,9,34.93391023,12.0518269567339,24.0065430627148,371.153956199519,46.4412099773134,S9_6184858,9,32.79210864,9.39168871581144,S9_7478538,9,36.4077051,9.25684740829968,te_fit_day_30_BP14,dry,BP,14,raw
S5_44003086,5,115.1315049,3.74559079916736,8.23380850741433,-118.164349911028,27.9665427650979,S5_31260652,5,76.16548797,2.19037294279197,S5_44418942,5,120.9842738,1.98095816104128,te_fit_day_31_BP14,dry,BP,14,raw
S9_6724364,9,34.93391023,7.79362517234786,18.1556420367747,188.213590231302,29.9983844496621,S9_6184858,9,32.79210864,5.75243664594506,S9_7478538,9,36.4077051,6.01362992557571,te_fit_day_31_BP14,dry,BP,14,raw
S9_7218054,9,35.91475039,4.45435930691702,11.7573493526545,51.2699010982226,11.03543694246,S9_6184858,9,32.79210864,2.44519310202227,S9_8182398,9,37.12013546,2.8592513119698,te_fit_day_32_BP14,dry,BP,14,raw
S9_7218054,9,35.91475039,3.91120562855419,11.8346728471634,163.564602349471,37.5967711637181,S9_5497941,9,31.29811037,2.371566431588,S9_8182398,9,37.12013546,2.22434940666297,te_fit_day_33_BP14,dry,BP,14,raw
S2_44586954,2,96.05450929,6.15612000033107,10.4298433425873,993.712023772511,181.597076439629,S2_43374008,2,89.65964759,4.54913663889107,S2_44908249,2,97.68940295,4.58241717277355,te_fit_day_17_BP14,wet,BP,14,raw
S5_43714208,5,109.7001758,4.18532965176218,6.89980708404071,-886.249491415147,199.124512351957,S5_42251884,5,101.3829046,2.035726098118,S5_44003086,5,115.1315049,2.33503916458348,te_fit_day_17_BP14,wet,BP,14,raw
S7_32133319,7,99.94477983,5.61378131779163,9.43954897458994,-1387.75025143101,266.577133107489,S7_31178325,7,89.28412826,3.14993137297637,S7_32940091,7,101.9471039,2.77088250871034,te_fit_day_17_BP14,wet,BP,14,raw
S9_6724364,9,34.93391023,8.92657120287497,15.7219579784454,1349.58832560157,200.879305210706,S9_6184858,9,32.79210864,6.84653853935114,S9_6930910,9,35.42306752,7.39806362030132,te_fit_day_17_BP14,wet,BP,14,raw
S2_44687927,2,96.29854627,7.70206057569457,11.7401757905502,1334.24373954402,216.304004067951,S2_43481897,2,90.13407682,5.66886273079523,S2_44908249,2,97.68940295,6.02932786209398,te_fit_day_18_BP14,wet,BP,14,raw
S5_43714208,5,109.7001758,5.17170844999404,7.61000496595744,-1182.00266059388,238.008610593254,S5_42719546,5,103.4003774,3.03028059978137,S5_44003086,5,115.1315049,3.34722750390103,te_fit_day_18_BP14,wet,BP,14,raw
S7_17165775,7,34.01418423,3.2739540116475,4.69296628922464,-843.254979355807,216.222996728938,S7_756781,7,1.438924409,1.72976673995277,S7_18745312,7,46.86094211,1.44073518094141,te_fit_day_18_BP14,wet,BP,14,raw
S7_32133319,7,99.94477983,6.28704584909112,9.39567496442833,-1759.68193718709,318.887039807353,S7_31178325,7,89.28412826,2.98473695686214,S7_32940091,7,101.9471039,3.10182066428083,te_fit_day_18_BP14,wet,BP,14,raw
S9_6724364,9,34.93391023,9.85928351119746,15.4919166055693,1699.4393104864,239.838980669429,S9_6184858,9,32.79210864,6.82853254304686,S9_7142713,9,35.91474829,8.23822687036657,te_fit_day_18_BP14,wet,BP,14,raw
S2_44687927,2,96.29854627,8.45707363851166,12.5303164106443,1732.28703562607,266.588298513346,S2_44209808,2,93.99718694,6.38500889526512,S2_44908249,2,97.68940295,6.7638312808367,te_fit_day_19_BP14,wet,BP,14,raw
S5_43714208,5,109.7001758,5.46099326770937,7.75954357366511,-1499.97850172174,293.338585214763,S5_43329831,5,106.5862469,3.91468073115624,S5_44003086,5,115.1315049,3.6157223149701,te_fit_day_19_BP14,wet,BP,14,raw
S7_17165775,7,34.01418423,3.38191652825599,4.66931831467753,-1057.06793764711,266.4884593598,S7_756781,7,1.438924409,1.66883347985267,S7_19580554,7,51.64603332,1.76813278916376,te_fit_day_19_BP14,wet,BP,14,raw
S7_32133319,7,99.94477983,6.8537294450798,9.92914153232045,-2273.3536284127,393.018861238896,S7_31494503,7,93.27304403,5.35350044298707,S7_32940091,7,101.9471039,3.38893464404508,te_fit_day_19_BP14,wet,BP,14,raw
S9_6724364,9,34.93391023,10.4846961935098,15.9858011977009,2169.50797534812,295.594462290916,S9_6501061,9,33.93753996,8.96437759651771,S9_7142713,9,35.91474829,8.84797730618289,te_fit_day_19_BP14,wet,BP,14,raw
S2_44586954,2,96.05450929,9.13371844619967,13.2206125629108,2006.61799227595,295.735248162767,S2_44209808,2,93.99718694,6.90577526916366,S2_44908249,2,97.68940295,7.45732280857306,te_fit_day_20_BP14,wet,BP,14,raw
S5_43714208,5,109.7001758,5.76580445150258,7.96135036991272,-1709.81920986871,324.72894456819,S5_43575577,5,107.8767063,4.25374423847011,S5_44003086,5,115.1315049,3.88499422945858,te_fit_day_20_BP14,wet,BP,14,raw
S7_17165775,7,34.01418423,3.27526556261424,4.36942402847992,-1149.47188921414,294.679847246189,S7_9428033,7,8.555063982,1.17197076814719,S7_19644932,7,51.8739576,1.63568370581353,te_fit_day_20_BP14,wet,BP,14,raw
S7_32133319,7,99.94477983,7.29640551023188,10.2921160439352,-2602.33875589731,434.686016943462,101,7,93.27304403,5.77183855472421,112,7,101.9471039,3.62170584553906,te_fit_day_20_BP14,wet,BP,14,raw
S9_6724364,9,34.93391023,11.3633425207583,16.9758514448036,2515.35340272066,327.150362406871,S9_6501061,9,33.93753996,9.72656201203117,S9_7142713,9,35.91474829,9.67635390583846,te_fit_day_20_BP14,wet,BP,14,raw
S2_44586954,2,96.05450929,9.707463429107,13.771124487181,2366.90657829453,337.001048997593,S2_44209808,2,93.99718694,7.34942474466208,S2_44908249,2,97.68940295,8.09489211153739,te_fit_day_21_BP14,wet,BP,14,raw
S5_43714208,5,109.7001758,5.94588998243805,8.00151714801843,-1981.07307432303,370.040418378302,S5_43575577,5,107.8767063,4.2964923228238,S5_44003086,5,115.1315049,4.04316115936211,te_fit_day_21_BP14,wet,BP,14,raw
S7_17165775,7,34.01418423,3.24004667645818,4.20010400995933,-1302.48815619246,335.798381347358,S7_9428033,7,8.555063982,0.957436695132738,S7_19976887,7,53.27530926,1.62418679343589,te_fit_day_21_BP14,wet,BP,14,raw
S7_32133319,7,99.94477983,7.79516698744976,10.7645586908972,-3075.8638582504,495.340493243833,101,7,93.27304403,6.26367028913666,112,7,101.9471039,3.9416305130281,te_fit_day_21_BP14,wet,BP,14,raw
S9_6724364,9,34.93391023,11.8892981477331,17.3971856160686,2942.93200777,372.799711890883,S9_6501061,9,33.93753996,10.1667135967666,S9_7142713,9,35.91474829,10.2164998242046,te_fit_day_21_BP14,wet,BP,14,raw
S2_44586954,2,96.05450929,10.0945847341469,13.8810824242349,2479.63178658802,345.268179842253,S2_44257418,2,94.71205672,8.58667046905175,S2_45043544,2,98.51301522,7.95303166062244,te_fit_day_22_BP14,wet,BP,14,raw
S5_43714262,5,109.7001769,6.2419458952073,8.13124873978263,-2086.9954913813,379.685414695691,S5_42719546,5,103.4003774,3.92738641846107,S5_44003086,5,115.1315049,4.32037740870371,te_fit_day_22_BP14,wet,BP,14,raw
S7_19532160,7,51.17962841,3.32506455759518,4.1601477353423,-1368.5787723228,348.093929468833,S7_14596913,7,23.66485032,1.76536837971892,S7_21479861,7,59.36936369,1.71077487264808,te_fit_day_22_BP14,wet,BP,14,raw
S7_32133319,7,99.94477983,7.4898750129606,9.92841675044666,-3121.34835539917,513.90550271194,S7_31956171,7,96.48121012,5.0727306518446,S7_32940091,7,101.9471039,3.74982445855447,te_fit_day_22_BP14,wet,BP,14,raw
S9_6724364,9,34.93391023,11.6871829669983,16.4389061976146,2993.87734572392,383.070379750371,S9_6184858,9,32.79210864,9.10257786971361,S9_7142713,9,35.91474829,9.72604754427174,te_fit_day_22_BP14,wet,BP,14,raw
S2_44784129,2,96.94547802,11.3556294732087,14.0037538557411,2554.12080459643,333.341388515764,S2_44257418,2,94.71205672,9.48747799558273,S2_45043544,2,98.51301522,9.36929467638424,te_fit_day_23_BP14,wet,BP,14,raw
S5_43714208,5,109.7001758,8.27220190179251,9.76593612755244,-2404.4703819881,375.77902204226,S5_43329831,5,106.5862469,6.43556013437966,S5_44003086,5,115.1315049,5.53789906672593,te_fit_day_23_BP14,wet,BP,14,raw
S6_31006529,6,59.39487638,3.56172205827042,3.93825852763974,1393.86539793191,343.035262425752,S6_29065113,6,49.8232161,1.72701212571351,S6_33383362,6,78.16213009,1.78002976220473,te_fit_day_23_BP14,wet,BP,14,raw
S7_19532160,7,51.17962841,5.2973557214068,5.99952782889739,-1690.29930221979,337.035087357899,S7_17849585,7,42.46452593,3.79662454680709,S7_19976887,7,53.27530926,3.59147455221238,te_fit_day_23_BP14,wet,BP,14,raw
S7_32133319,7,99.94477983,8.84783559836523,10.5304425861984,-3298.90302392217,496.496597321781,S7_31956171,7,96.48121012,5.97375999750161,S7_32940091,7,101.9471039,4.02724541866325,te_fit_day_23_BP14,wet,BP,14,raw
S9_6724364,9,34.93391023,12.7043937180595,15.9717044720381,3025.84841532699,369.77843021083,S9_6501061,9,33.93753996,11.0572880932894,S9_7142713,9,35.91474829,10.7178098425796,te_fit_day_23_BP14,wet,BP,14,raw
S2_44752288,2,96.94547487,11.5251764092303,14.0514358660309,2441.21649368132,315.872293240681,S2_44257418,2,94.71205672,9.58952093084463,S2_45043544,2,98.51301522,9.97936152762425,te_fit_day_24_BP14,wet,BP,14,raw
S5_43714262,5,109.7001769,8.37643148845179,9.7674013757065,-2294.45091333716,356.085955000672,S5_43575577,5,107.8767063,6.83034111863388,S5_44003086,5,115.1315049,5.8652427599818,te_fit_day_24_BP14,wet,BP,14,raw
S6_31006529,6,59.39487638,3.62598010399357,3.95771790168903,1333.26936547738,325.058160536086,S6_29065113,6,49.8232161,1.82630851694121,S6_33383362,6,78.16213009,1.91802062324449,te_fit_day_24_BP14,wet,BP,14,raw
S7_19532160,7,51.17962841,5.66812769894639,6.36390434334199,-1661.0918787086,319.372430946406,S7_18223567,7,43.92895216,3.63370299567706,S7_19806344,7,52.34268693,3.86347422809499,te_fit_day_24_BP14,wet,BP,14,raw
S7_32133319,7,99.94477983,8.87930437878832,10.4273064364106,-3132.26906908453,470.477202605605,S7_31956171,7,96.48121012,6.15596888129737,S7_32940091,7,101.9471039,4.21638635113864,te_fit_day_24_BP14,wet,BP,14,raw
S9_6724364,9,34.93391023,12.95300472366,16.117805023364,2900.355550448,350.399826471509,S9_6501061,9,33.93753996,11.3094475248509,S9_7142713,9,35.91474829,11.157561993626,te_fit_day_24_BP14,wet,BP,14,raw
S2_44784129,2,96.94547802,11.7245980730093,10.8007561176926,1862.11430058872,240.770306350965,S2_44209808,2,93.99718694,9.76834427544069,S2_45156658,2,100.2097111,10.168762073107,te_fit_day_25_BP14,wet,BP,14,raw
S5_5909140,5,40.32890934,4.53433158087314,3.77592086940268,1313.18988144559,287.170454375879,S5_5107998,5,37.40304223,2.6685927521321,S5_6876512,5,42.79131694,2.60833843489489,te_fit_day_25_BP14,wet,BP,14,raw
S5_32800961,5,79.00989287,4.98687592392369,4.17885592064408,-1288.76723061695,267.897990361757,S5_30043124,5,71.92483855,3.30338902804693,S5_33682130,5,82.14795514,3.20363071533426,te_fit_day_25_BP14,wet,BP,14,raw
S5_43714262,5,109.7001769,7.36787460754692,6.38215535038231,-1644.32976310768,276.585177428313,S5_43575577,5,107.8767063,4.9241505649514,S5_44163859,5,116.340362,5.374645107249,te_fit_day_25_BP14,wet,BP,14,raw
S6_33052891,6,73.8397152,6.33853271270626,5.41217322879832,1306.6590646339,238.671251887672,S6_31738921,6,62.88206621,4.30172140852344,S6_33383362,6,78.16213009,4.14722403140021,te_fit_day_25_BP14,wet,BP,14,raw
S7_19153030,7,49.2934369,3.90551668157908,3.2241759717771,3493.75959316075,826.81304300522,S7_19017756,7,48.58182999,1.76283149902219,S7_19236553,7,49.76776198,1.67891297201585,te_fit_day_25_BP14,wet,BP,14,raw
S7_19532160,7,51.17962841,6.83370644321752,5.87541605002282,-4709.93667594311,825.694563916407,4,7,50.71621801,2.83221192468441,6,7,51.64603332,2.45270095514646,te_fit_day_25_BP14,wet,BP,14,raw
S7_32133319,7,99.94477983,13.2269487784944,12.4494468122515,-2941.53502256073,354.260447052074,S7_31956171,7,96.48121012,8.39812979435701,S7_32940091,7,101.9471039,7.92900831888725,te_fit_day_25_BP14,wet,BP,14,raw
S9_6724364,9,34.93391023,14.8567042144468,14.315481670569,2345.69952609495,263.446884692304,S9_6501061,9,33.93753996,13.2838137079421,S9_7478538,9,36.4077051,12.8188538439386,te_fit_day_25_BP14,wet,BP,14,raw
S2_44752288,2,96.94547487,10.4935410523484,9.68439419010082,1461.78265665492,201.54379323622,S2_44209808,2,93.99718694,8.93361350454916,S2_45322381,2,101.3191103,8.02442397220278,te_fit_day_26_BP14,wet,BP,14,raw
S5_5909140,5,40.32890934,4.30621921691083,3.64447939192689,1070.34062646902,240.562048398062,S5_3784105,5,31.79416992,2.63986930604083,S5_6876512,5,42.79131694,2.4027536540568,te_fit_day_26_BP14,wet,BP,14,raw
S5_32842706,5,79.24736643,4.98947282355481,4.26282477718544,-1087.73025750036,226.045216621563,S5_30043124,5,71.92483855,3.36000551760781,S5_33682130,5,82.14795514,3.33841569967573,te_fit_day_26_BP14,wet,BP,14,raw
S5_43714262,5,109.7001769,6.93950415798462,6.09187229073106,-1332.82461436578,231.697027396889,S5_43575577,5,107.8767063,4.47804012725728,S5_44163859,5,116.340362,5.35667246510903,te_fit_day_26_BP14,wet,BP,14,raw
S6_33052891,6,73.8397152,6.29112101313969,5.47296306497789,1086.79385233655,199.323620439062,S6_31738921,6,62.88206621,4.24461470697786,S6_33383362,6,78.16213009,4.15483648288439,te_fit_day_26_BP14,wet,BP,14,raw
S7_19142249,7,49.29343585,4.36645232987718,3.69853161030547,3098.60726989876,691.312994835043,S7_19017756,7,48.58182999,2.05059049846088,S7_19236553,7,49.76776198,1.8693796798381,te_fit_day_26_BP14,wet,BP,14,raw
S7_19532160,7,51.17962841,7.36640382331127,6.50534141557111,-4103.88491133397,690.37169687472,S7_19446572,7,50.71621801,3.18396721006201,S7_19580554,7,51.64603332,2.54082026756198,te_fit_day_26_BP14,wet,BP,14,raw
S7_32133319,7,99.94477983,12.0027729230725,11.3177466965175,-2319.41479411864,295.815748164627,S7_31956171,7,96.48121012,7.80117007864553,S7_32940091,7,101.9471039,7.58631607885265,te_fit_day_26_BP14,wet,BP,14,raw
S9_6724364,9,34.93391023,14.5716070205346,14.2561135309712,1939.88322493908,220.443789129623,S9_6184858,9,32.79210864,11.881824938192,S9_7478538,9,36.4077051,12.5681552231339,te_fit_day_26_BP14,wet,BP,14,raw
S2_45043544,2,98.51301522,7.92443858130741,7.20435935471235,889.656157009603,143.732709216731,S2_44257418,2,94.71205672,6.19497418188332,S2_45383324,2,101.8130854,6.38639717020955,te_fit_day_27_BP14,wet,BP,14,raw
S5_5909140,5,40.32890934,4.05262282306049,3.4911794483979,738.385750171302,171.367447216692,S5_3305368,5,29.69245615,1.35507831184704,S5_6876512,5,42.79131694,2.15526955916484,te_fit_day_27_BP14,wet,BP,14,raw
S5_33184214,5,79.95790853,7.2001667043772,6.47983028801955,-929.827039245977,158.398645000876,S5_31260652,5,76.16548797,5.40967213941206,S5_33682130,5,82.14795514,5.45840271935216,te_fit_day_27_BP14,wet,BP,14,raw
S5_44003086,5,115.1315049,5.41807277064068,4.75646770126909,-774.80677175887,154.05728447602,S5_43575577,5,107.8767063,2.9776100376805,S5_44336611,5,119.8635321,3.40974654814553,te_fit_day_27_BP14,wet,BP,14,raw
S6_32699814,6,72.8434198,5.81858416153479,5.13656426492227,737.047123031183,141.023016138438,S6_31738921,6,62.88206621,4.02906629780674,S6_33383362,6,78.16213009,3.56524690565869,te_fit_day_27_BP14,wet,BP,14,raw
S7_19142249,7,49.29343585,4.70147053811291,4.08659749810371,2284.40752941706,490.03122821494,S7_19017756,7,48.58182999,2.20917006023375,S7_19236553,7,49.76776198,2.05269958288358,te_fit_day_27_BP14,wet,BP,14,raw
S7_19532160,7,51.17962841,7.90120399197784,7.1808951422728,-3029.71970822813,490.280100124948,S7_19446572,7,50.71621801,3.20964726219527,S7_19580554,7,51.64603332,2.74088660065969,te_fit_day_27_BP14,wet,BP,14,raw
S7_32133319,7,99.94477983,9.87807827615543,9.23108423151899,-1471.29087562178,209.992261840593,S7_31956171,7,96.48121012,7.15316782563725,S7_32940091,7,101.9471039,6.2720939661325,te_fit_day_27_BP14,wet,BP,14,raw
S9_6724364,9,34.93391023,17.2870873640002,17.970106894622,1521.06663384509,155.598002048082,S9_6501061,9,33.93753996,15.3726370757038,S9_7478538,9,36.4077051,14.7822458064908,te_fit_day_27_BP14,wet,BP,14,raw
S2_45043544,2,98.51301522,6.77204459164248,7.56897141442975,629.752342642528,110.263510028682,S2_44257418,2,94.71205672,4.65071378244607,S2_46205850,2,108.8915883,5.00680507164174,te_fit_day_28_BP14,wet,BP,14,raw
S5_36228372,5,87.89272881,5.23603566547814,5.72848116682783,-561.283338328489,112.964727671001,S5_32611224,5,78.29328827,3.73071904241065,S5_37515682,5,90.62442906,3.55996174683974,te_fit_day_28_BP14,wet,BP,14,raw
S5_44003086,5,115.1315049,4.97123844693159,5.41886058341038,-566.635459413444,117.254687616659,S5_43575577,5,107.8767063,2.44057349243428,S5_44418942,5,120.9842738,3.04166713731526,te_fit_day_28_BP14,wet,BP,14,raw
S6_33052891,6,73.8397152,4.39261341414475,4.74996884557576,494.528413607083,109.301550574045,S6_31888552,6,65.16886519,2.31160553574745,S6_34951956,6,89.06997041,2.40237407470163,te_fit_day_28_BP14,wet,BP,14,raw
S7_19532160,7,51.17962841,6.81609109640809,7.62288700576801,-635.675630331372,110.906314941259,S7_19153030,7,49.2934369,4.24786116392865,S7_19644932,7,51.8739576,5.06349065156636,te_fit_day_28_BP14,wet,BP,14,raw
S7_31582647,7,94.06477091,7.30766150527091,8.22898454931442,-797.917259786228,133.987779561201,S7_31178325,7,89.28412826,4.27958179867501,S7_32940091,7,101.9471039,3.77820191509962,te_fit_day_28_BP14,wet,BP,14,raw
S9_6724364,9,34.93391023,14.9802167976822,18.814190435713,1097.23283963769,121.853072315264,S9_6184858,9,32.79210864,12.8431159334107,S9_7478538,9,36.4077051,12.5173237614484,te_fit_day_28_BP14,wet,BP,14,raw
S2_45043544,2,98.51301522,6.23111147330076,7.23679420910415,376.468978134355,68.977272556085,S2_44316069,2,95.42815792,4.70898559409211,S2_46329239,2,110.0512946,4.40949865928344,te_fit_day_29_BP14,wet,BP,14,raw
S5_36330301,5,87.89272986,5.93229051363946,6.86115292970482,-375.09673438344,70.5821149359652,S5_33076702,5,79.72354181,4.20767806568021,S5_37515682,5,90.62442906,4.14968730247541,te_fit_day_29_BP14,wet,BP,14,raw
S5_44003086,5,115.1315049,4.53237656264479,5.14128192087806,-337.126448549365,73.283642957211,52,5,107.8767063,2.06030677459889,65,5,120.9842738,2.84301604467822,te_fit_day_29_BP14,wet,BP,14,raw
S6_33052891,6,73.8397152,4.38527827034594,4.96432141257657,308.436787099381,68.2316947794779,S6_31888552,6,65.16886519,2.31927055722185,S6_34951956,6,89.06997041,2.44375890150201,te_fit_day_29_BP14,wet,BP,14,raw
S7_19532160,7,51.17962841,6.1957778669561,7.19221842641193,-377.806633494034,69.4365411034714,S7_19153030,7,49.2934369,3.83532936356771,S7_19644932,7,51.8739576,4.6426858864353,te_fit_day_29_BP14,wet,BP,14,raw
S7_31582647,7,94.06477091,6.15176793771223,7.13675649822837,-454.429033021447,83.8427596982835,S7_31178325,7,89.28412826,3.85596992004952,S7_32940091,7,101.9471039,3.02259569540821,te_fit_day_29_BP14,wet,BP,14,raw
S9_6930910,9,35.42306752,14.2794150993425,18.5875809897668,661.637789342969,75.641267760859,S9_6184858,9,32.79210864,11.9432325618789,S9_7478538,9,36.4077051,12.1000926510368,te_fit_day_29_BP14,wet,BP,14,raw
S2_45980428,2,106.3362737,5.07540373775962,8.21710395144061,145.300289737849,29.4640312074144,S2_44908249,2,97.68940295,2.85218317170769,S2_46462460,2,111.1160166,3.47316872831023,te_fit_day_30_BP14,wet,BP,14,raw
S5_33587455,5,80.92708184,4.62190508510816,7.43606519555334,-140.922817215348,30.0396451629406,S5_29994074,5,71.02984202,3.09536586569036,S5_43054075,5,105.0885057,3.10750490879392,te_fit_day_30_BP14,wet,BP,14,raw
S7_31834678,7,96.02018118,4.30636883896394,6.89826532373753,-166.367627477807,36.820014246557,S7_19236553,7,49.76776198,2.68921571212498,S7_32940091,7,101.9471039,2.32273906559435,te_fit_day_30_BP14,wet,BP,14,raw
S9_6930910,9,35.42306752,12.5336470160092,22.5392618299977,265.8165253556,32.5459691586645,S9_6501061,9,33.93753996,10.1529306743637,S9_7478538,9,36.4077051,10.159816640322,te_fit_day_30_BP14,wet,BP,14,raw
S2_45043544,2,98.51301522,4.23176330958285,7.75647718170962,-41.761348216191,9.32279336910609,S2_44073549,2,93.52620611,2.66809437269613,S2_46329239,2,110.0512946,1.78856435101003,te_fit_day_31_BP14,wet,BP,14,raw
S5_42739726,5,104.1345531,5.38986385676908,10.0458515068761,51.4735954198431,10.0970599495979,S5_35318061,5,85.14836478,3.46404121557997,S5_43769059,5,111.9145952,2.11488097030786,te_fit_day_31_BP14,wet,BP,14,raw
S7_19532160,7,51.17962841,3.24052664053141,5.85558885949023,35.9830171940667,9.24519542511121,S7_18926544,7,48.34846759,1.58030925574235,S7_32940091,7,101.9471039,1.13995330151886,te_fit_day_31_BP14,wet,BP,14,raw
S9_6930910,9,35.42306752,7.62621405308234,14.6844637321455,-63.9617339023617,10.3775537171029,S9_6501061,9,33.93753996,5.51538300164447,S9_8279734,9,37.58932098,5.9320198270127,te_fit_day_31_BP14,wet,BP,14,raw
S5_42739726,5,104.1345531,3.28339668815553,7.83182959555916,83.3984861302677,21.1474416924955,S5_31260652,5,76.16548797,1.46246352582248,S5_43769059,5,111.9145952,1.24203879577613,te_fit_day_32_BP14,wet,BP,14,raw
S9_6930910,9,35.42306752,4.50000257130401,10.9232839380441,-100.586861747302,21.5971244535329,S9_6501061,9,33.93753996,2.65161736947834,S9_8378425,9,38.05852079,2.78684874947963,te_fit_day_32_BP14,wet,BP,14,raw
S9_6295446,9,33.93753681,4.24694244166677,13.0380251591159,-98.2616633455372,21.6024673663811,S9_4775142,9,30.60506955,2.20587933702726,S9_8378425,9,38.05852079,2.29134176193135,te_fit_day_33_BP14,wet,BP,14,raw
S5_41101118,5,96.20937263,4.08131071519319,14.3615479144396,1019.5921162275,227.881480560318,S5_34213576,5,82.61997163,1.94725837811558,S5_42996052,5,104.8464874,2.46320678498136,te_fit_day_17_BP14,diff,BP,14,comp_diff
S7_11830162,7,13.30505905,4.3866298420904,15.5449851712499,1106.45650904463,237.69627804571,S7_8788035,7,2.203193294,2.34516645497915,S7_11958277,7,18.91083692,2.31934085290462,te_fit_day_17_BP14,diff,BP,14,comp_diff
S5_41101118,5,96.20937263,4.08131071519313,14.3615479144395,-0.0568970729391978,0.0127166432680025,S5_34213576,5,82.61997163,1.94725837811555,S5_42996052,5,104.8464874,2.46320678498137,te_fit_day_17_BP14,diff,BP,14,comp_rel_diff
S7_11830162,7,13.30505905,4.38662984209038,15.5449851712499,-0.0617444325992767,0.0132643458635031,S7_8788035,7,2.203193294,2.34516645497921,S7_11958277,7,18.91083692,2.31934085290471,te_fit_day_17_BP14,diff,BP,14,comp_rel_diff
S5_41101118,5,96.20937263,3.35217708652633,13.9186275151956,0.0494005023497317,0.0122243862430736,S5_36886697,5,89.87760443,1.6070487772494,S5_42739726,5,104.1345531,1.67197770023302,te_fit_day_17_BP14,diff,BP,14,comp_ratio
S2_44586954,2,96.05450929,6.64286556864019,10.8891280742326,-1048.53441639355,184.397023005264,S2_43374008,2,89.65964759,5.13409677219723,S2_44908249,2,97.68940295,4.81954222283745,te_fit_day_18_BP14,diff,BP,14,comp_diff
S5_43706919,5,109.5147878,5.39156088303206,8.68543679125249,1024.56827182714,201.749672774649,S5_43240044,5,106.0943485,3.42332515723244,S5_44003086,5,115.1315049,3.14639393029069,te_fit_day_18_BP14,diff,BP,14,comp_diff
S7_16511236,7,33.24039283,3.76131664450774,5.92419416818196,766.325070346903,182.711616446057,S7_13950231,7,22.25953203,1.92478108869248,S7_17697912,7,42.22766767,2.05999189331745,te_fit_day_18_BP14,diff,BP,14,comp_diff
S7_32133319,7,99.94477983,4.36056127426206,6.92502532998198,1228.33702324986,270.878556960761,S7_31178325,7,89.28412826,2.08545719270374,S7_32940091,7,101.9471039,2.09037936091959,te_fit_day_18_BP14,diff,BP,14,comp_diff
S9_6724364,9,34.93391023,7.9969295298767,13.3594645744947,-1281.58740384827,203.479879678938,S9_6184858,9,32.79210864,5.50772177666442,S9_8182398,9,37.12013546,6.1133828463331,te_fit_day_18_BP14,diff,BP,14,comp_diff
S2_44586954,2,96.05450929,6.6428655686402,10.8891280742326,0.0469853621645212,0.00826292468087188,S2_43374008,2,89.65964759,5.13409677219715,S2_44908249,2,97.68940295,4.81954222283743,te_fit_day_18_BP14,diff,BP,14,comp_rel_diff
S5_43706919,5,109.5147878,5.39156088303213,8.68543679125258,-0.0459114269988896,0.00904050577042059,S5_43240044,5,106.0943485,3.42332515723244,S5_44003086,5,115.1315049,3.14639393029073,te_fit_day_18_BP14,diff,BP,14,comp_rel_diff
S7_16511236,7,33.24039283,3.76131664450782,5.92419416818208,-0.0343394173839755,0.00818740075305349,S7_13950231,7,22.25953203,1.92478108869256,S7_17697912,7,42.22766767,2.05999189331741,te_fit_day_18_BP14,diff,BP,14,comp_rel_diff
S7_32133319,7,99.94477983,4.36056127426211,6.92502532998201,-0.0550424087136714,0.0121382063405988,S7_31178325,7,89.28412826,2.08545719270366,S7_32940091,7,101.9471039,2.09037936091962,te_fit_day_18_BP14,diff,BP,14,comp_rel_diff
S9_6724364,9,34.93391023,7.99692952987679,13.3594645744948,0.0574285854368162,0.00911803722455942,S9_6184858,9,32.79210864,5.50772177666448,S9_8182398,9,37.12013546,6.11338284633313,te_fit_day_18_BP14,diff,BP,14,comp_rel_diff
S2_44586954,2,96.05450929,7.67157336843462,12.0816426947097,-1423.45502143436,231.274183008449,S2_43481897,2,90.13407682,5.78610639279323,S2_44908249,2,97.68940295,5.74572126697954,te_fit_day_19_BP14,diff,BP,14,comp_diff
S5_43706919,5,109.5147878,5.79690774249872,8.89355503576185,1336.21821334332,253.038199764465,S5_43240044,5,106.0943485,3.68843823723001,S5_44003086,5,115.1315049,3.53476436818226,te_fit_day_19_BP14,diff,BP,14,comp_diff
S7_16511236,7,33.24039283,3.84569642024653,5.7428374608897,972.425349827117,229.160314689617,S7_13950231,7,22.25953203,1.87620170236352,S7_18647587,7,45.61589714,2.1682665261435,te_fit_day_19_BP14,diff,BP,14,comp_diff
S7_32133319,7,99.94477983,5.04139236723304,7.6537910815635,1664.33129167249,339.740934721159,S7_31429416,7,92.5060333,3.46877728812687,S7_32940091,7,101.9471039,2.43418864650479,te_fit_day_19_BP14,diff,BP,14,comp_diff
S9_6724364,9,34.93391023,8.97257152179262,14.3912561586452,-1714.34282275737,255.208257511079,S9_6184858,9,32.79210864,6.09105853342667,S9_7478538,9,36.4077051,6.75961754592898,te_fit_day_19_BP14,diff,BP,14,comp_diff
S2_44586954,2,96.05450929,7.67157336843477,12.08164269471,0.0516928120627846,0.00839872893572919,S2_43481897,2,90.13407682,5.78610639279333,S2_44908249,2,97.68940295,5.7457212669796,te_fit_day_19_BP14,diff,BP,14,comp_rel_diff
S5_43706919,5,109.5147878,5.7969077424988,8.89355503576196,-0.0485248047441807,0.00918908986105467,S5_43240044,5,106.0943485,3.68843823723003,S5_44003086,5,115.1315049,3.53476436818228,te_fit_day_19_BP14,diff,BP,14,comp_rel_diff
S7_16511236,7,33.24039283,3.84569642024654,5.74283746088967,-0.0353136559264431,0.00832196374393499,S7_13950231,7,22.25953203,1.87620170236337,S7_18647587,7,45.61589714,2.16826652614344,te_fit_day_19_BP14,diff,BP,14,comp_rel_diff
S7_32133319,7,99.94477983,5.0413923672332,7.65379108156373,-0.0604402410860475,0.0123377022976665,S7_31429416,7,92.5060333,3.46877728812699,S7_32940091,7,101.9471039,2.43418864650486,te_fit_day_19_BP14,diff,BP,14,comp_rel_diff
S9_6724364,9,34.93391023,8.97257152179278,14.3912561586454,0.0622564113467262,0.00926789557361457,S9_6184858,9,32.79210864,6.09105853342681,S9_7478538,9,36.4077051,6.75961754592903,te_fit_day_19_BP14,diff,BP,14,comp_rel_diff
S3_14283723,3,60.37788402,3.26240847489253,7.60624149864914,-0.0385391797458562,0.0098109418306814,S3_7095091,3,46.70151328,1.46965369426208,S3_47360417,3,106.6982988,1.68598718976279,te_fit_day_19_BP14,diff,BP,14,comp_ratio
S7_32133319,7,99.94477983,4.39747782263666,10.4142438725917,0.0654798603038837,0.0142458104447504,S7_20568057,7,56.78183467,2.48572974370473,S7_32940091,7,101.9471039,2.42426484457514,te_fit_day_19_BP14,diff,BP,14,comp_ratio
S2_44586954,2,96.05450929,8.15808526386143,12.5608941400213,-1632.46430129221,256.326312472684,S2_43481897,2,90.13407682,5.99811450584693,S2_44908249,2,97.68940295,6.23377803904726,te_fit_day_20_BP14,diff,BP,14,comp_diff
S5_43714208,5,109.7001758,6.00940642791918,8.97884814524459,1517.61883269522,281.846190100048,S5_43329831,5,106.5862469,4.43634094645516,S5_44003086,5,115.1315049,3.68805692935279,te_fit_day_20_BP14,diff,BP,14,comp_diff
S7_16511236,7,33.24039283,3.77809380005887,5.47326537735508,1068.99422659203,254.279811819493,S7_13950231,7,22.25953203,1.74791342965342,S7_19580554,7,51.64603332,2.06270999268627,te_fit_day_20_BP14,diff,BP,14,comp_diff
S7_32133319,7,99.94477983,5.56800417437289,8.26845345138791,1948.57917681676,377.107950746079,S7_31956171,7,96.48121012,3.47709485616048,S7_32940091,7,101.9471039,2.73769196174039,te_fit_day_20_BP14,diff,BP,14,comp_diff
S9_6724364,9,34.93391023,9.0941311230293,14.1877630034163,-1919.22984629142,283.550097392434,S9_6184858,9,32.79210864,6.06142783037131,S9_7478538,9,36.4077051,6.84674933621046,te_fit_day_20_BP14,diff,BP,14,comp_diff
S2_44586954,2,96.05450929,8.15808526386164,12.5608941400217,0.0522157092757938,0.00819880728859761,S2_43481897,2,90.13407682,5.99811450584708,S2_44908249,2,97.68940295,6.23377803904733,te_fit_day_20_BP14,diff,BP,14,comp_rel_diff
S5_43714208,5,109.7001758,6.00940642791931,8.97884814524483,-0.048542282790966,0.00901508150046824,S5_43329831,5,106.5862469,4.43634094645518,S5_44003086,5,115.1315049,3.68805692935282,te_fit_day_20_BP14,diff,BP,14,comp_rel_diff
S7_16511236,7,33.24039283,3.77809380005888,5.47326537735513,-0.0341926568985595,0.00813334828710202,S7_13950231,7,22.25953203,1.74791342965334,S7_19580554,7,51.64603332,2.06270999268627,te_fit_day_20_BP14,diff,BP,14,comp_rel_diff
S7_32133319,7,99.94477983,5.56800417437303,8.26845345138815,-0.06232690277943,0.0120621070281052,S7_31956171,7,96.48121012,3.4770948561605,S7_32940091,7,101.9471039,2.73769196174045,te_fit_day_20_BP14,diff,BP,14,comp_rel_diff
S9_6724364,9,34.93391023,9.09413112302936,14.1877630034165,0.0613881403765171,0.00906958237239648,S9_6184858,9,32.79210864,6.06142783037122,S9_7478538,9,36.4077051,6.84674933621038,te_fit_day_20_BP14,diff,BP,14,comp_rel_diff
S3_12246613,3,55.99471535,3.24438554012213,7.59921176759584,-0.0362404541637702,0.00925248931491834,S3_7095091,3,46.70151328,1.47272660450616,S3_20423554,3,71.83639809,1.28969855461621,te_fit_day_20_BP14,diff,BP,14,comp_ratio
S7_32133319,7,99.94477983,4.02630213411706,9.53273325240034,0.057795221367267,0.0131744485391443,S7_19236553,7,49.76776198,2.28975982317829,S7_32940091,7,101.9471039,2.27901422001249,te_fit_day_20_BP14,diff,BP,14,comp_ratio
S2_44586954,2,96.05450929,8.88199720401784,13.3964590829485,-1959.81065971911,293.421163206103,S2_44209808,2,93.99718694,6.44928469465203,S2_44908249,2,97.68940295,6.98637547748729,te_fit_day_21_BP14,diff,BP,14,comp_diff
S5_43714208,5,109.7001758,6.14087069350509,8.9133022396529,1757.75118717983,322.634208507866,S5_43329831,5,106.5862469,4.48418758683934,S5_44003086,5,115.1315049,3.7979791931354,te_fit_day_21_BP14,diff,BP,14,comp_diff
S7_16511236,7,33.24039283,3.71155568664613,5.20902982560681,1212.31706417028,291.078498512928,S7_14559796,7,22.95825909,1.82913401450335,S7_19644932,7,51.8739576,1.95912008028736,te_fit_day_21_BP14,diff,BP,14,comp_diff
S7_32133319,7,99.94477983,6.1466958361656,8.9224807381311,2353.06765034034,431.681993529151,S7_31956171,7,96.48121012,4.00439255994939,S7_32940091,7,101.9471039,3.10793027643709,te_fit_day_21_BP14,diff,BP,14,comp_diff
S9_6724364,9,34.93391023,9.56225688999798,14.5615552197962,-2260.26622946748,324.584700655568,S9_6184858,9,32.79210864,6.3268825329989,S9_7478538,9,36.4077051,7.23771512688266,te_fit_day_21_BP14,diff,BP,14,comp_diff
S2_44586954,2,96.05450929,8.88199720401782,13.3964590829486,0.0543144957155668,0.0081319194957837,S2_44209808,2,93.99718694,6.44928469465205,S2_44908249,2,97.68940295,6.98637547748733,te_fit_day_21_BP14,diff,BP,14,comp_rel_diff
S5_43714208,5,109.7001758,6.14087069350511,8.91330223965296,-0.0487145882443537,0.00894153435118441,S5_43329831,5,106.5862469,4.48418758683934,S5_44003086,5,115.1315049,3.79797919313546,te_fit_day_21_BP14,diff,BP,14,comp_rel_diff
S7_16511236,7,33.24039283,3.71155568664616,5.20902982560687,-0.0335983426058223,0.0080669945241751,S7_14559796,7,22.95825909,1.82913401450337,S7_19644932,7,51.8739576,1.95912008028747,te_fit_day_21_BP14,diff,BP,14,comp_rel_diff
S7_32133319,7,99.94477983,6.14669583616561,8.92248073813116,-0.0652132807723207,0.0119637015299156,S7_31956171,7,96.48121012,4.00439255994944,S7_32940091,7,101.9471039,3.10793027643708,te_fit_day_21_BP14,diff,BP,14,comp_rel_diff
S9_6724364,9,34.93391023,9.56225688999796,14.5615552197962,0.0626413678421603,0.00899559059221679,S9_6184858,9,32.79210864,6.32688253299894,S9_7478538,9,36.4077051,7.2377151268827,te_fit_day_21_BP14,diff,BP,14,comp_rel_diff
S7_32133319,7,99.94477983,4.03002721858634,10.3422336461344,0.0572605361761006,0.0130073119101916,S7_19876481,7,52.570595,2.3717156288408,S7_32940091,7,101.9471039,2.11108091576159,te_fit_day_21_BP14,diff,BP,14,comp_ratio
S2_44586954,2,96.05450929,9.515876075609,14.1790917768269,-2078.1928855952,299.262569252933,S2_44257418,2,94.71205672,7.94050995144263,S2_44908249,2,97.68940295,7.74655670607953,te_fit_day_22_BP14,diff,BP,14,comp_diff
S5_43714208,5,109.7001758,6.12026572989511,8.69543367850717,1789.47752914736,329.05718562342,S5_43575577,5,107.8767063,4.60715615648062,S5_44003086,5,115.1315049,3.82206029651099,te_fit_day_22_BP14,diff,BP,14,comp_diff
S7_16511236,7,33.24039283,3.51583200005794,4.81832097684948,1201.7889383476,296.873266970448,S7_14596913,7,23.66485032,1.90689373973476,S7_21479861,7,59.36936369,1.89823876157454,te_fit_day_22_BP14,diff,BP,14,comp_diff
S7_32133319,7,99.94477983,6.97492964413949,10.0285183834067,2571.29871977674,440.275885597998,S7_31956171,7,96.48121012,4.73002172838957,S7_32940091,7,101.9471039,3.64361207931851,te_fit_day_22_BP14,diff,BP,14,comp_diff
S9_6724364,9,34.93391023,9.54761111903593,14.2327577967723,-2303.25905605399,331.046508019429,S9_6184858,9,32.79210864,6.30674015414301,S9_7478538,9,36.4077051,7.28698154547904,te_fit_day_22_BP14,diff,BP,14,comp_diff
S2_44586954,2,96.05450929,9.515876075609,14.1790917768269,0.0550739767780436,0.00793072669231728,S2_44257418,2,94.71205672,7.94050995144258,S2_44908249,2,97.68940295,7.74655670607951,te_fit_day_22_BP14,diff,BP,14,comp_rel_diff
S5_43714208,5,109.7001758,6.12026572989513,8.69543367850722,-0.0474227606918529,0.0087203107686909,S5_43575577,5,107.8767063,4.60715615648057,S5_44003086,5,115.1315049,3.82206029651098,te_fit_day_22_BP14,diff,BP,14,comp_rel_diff
S7_16511236,7,33.24039283,3.51583200005803,4.81832097684961,-0.0318484855479184,0.00786740803728125,S7_14596913,7,23.66485032,1.90689373973487,S7_21479861,7,59.36936369,1.89823876157462,te_fit_day_22_BP14,diff,BP,14,comp_rel_diff
S7_32133319,7,99.94477983,6.97492964413948,10.0285183834066,-0.0681417239775794,0.0116677061438463,S7_31956171,7,96.48121012,4.7300217283896,S7_32940091,7,101.9471039,3.64361207931853,te_fit_day_22_BP14,diff,BP,14,comp_rel_diff
S9_6724364,9,34.93391023,9.54761111903596,14.2327577967724,0.0610384323063479,0.00877302959772801,S9_6184858,9,32.79210864,6.30674015414311,S9_7478538,9,36.4077051,7.28698154547901,te_fit_day_22_BP14,diff,BP,14,comp_rel_diff
S2_44586954,2,96.05450929,3.54477390218541,6.63177432055635,-0.0297923271852719,0.00730567886220478,S2_42024286,2,84.3810523,2.02256036025739,S2_47052010,2,115.3816967,2.0372613015566,te_fit_day_22_BP14,diff,BP,14,comp_ratio
S7_19036596,7,49.05801824,6.08394472323269,11.789280961377,-0.256671090819372,0.0472067732389095,S7_19017756,7,48.58182999,1.86754414751509,S7_19236553,7,49.76776198,0,te_fit_day_22_BP14,diff,BP,14,comp_ratio
S7_19236553,7,49.76776198,6.92743334018169,13.5825643920818,0.275340452852492,0.0471791545952859,S7_19153030,7,49.2934369,0.723579484422018,S7_19338119,7,50.48837552,4.39466948842612,te_fit_day_22_BP14,diff,BP,14,comp_ratio
S7_32133319,7,99.94477983,5.06425597220796,9.67539365693396,0.0536700789563901,0.0108960460656609,S7_31956171,7,96.48121012,2.05165204420407,S7_32940091,7,101.9471039,2.73778071404876,te_fit_day_22_BP14,diff,BP,14,comp_ratio
S2_44586954,2,96.05450929,9.53854118765188,14.2440101504875,-2070.98414029376,297.822292486032,S2_44257418,2,94.71205672,7.63392924182103,S2_44908249,2,97.68940295,8.03637567971463,te_fit_day_23_BP14,diff,BP,14,comp_diff
S5_43714208,5,109.7001758,5.97963892710707,8.49488988383997,1758.76118229093,327.509997243413,S5_42719546,5,103.4003774,3.93310957714287,S5_44003086,5,115.1315049,3.66295307246407,te_fit_day_23_BP14,diff,BP,14,comp_diff
S7_19532160,7,51.17962841,3.7514353291288,5.16755774121408,1257.60194119474,300.259734683709,S7_14686597,7,24.41187922,1.69584936135347,S7_21479861,7,59.36936369,2.13435175831455,te_fit_day_23_BP14,diff,BP,14,comp_diff
S7_32133319,7,99.94477983,5.9943432577982,8.5175214285351,2383.65811863531,443.285897380438,S7_31429416,7,92.5060333,4.12536595634313,S7_32940091,7,101.9471039,2.92075989351726,te_fit_day_23_BP14,diff,BP,14,comp_diff
S9_6724364,9,34.93391023,8.39129867862611,12.3298595756428,-2137.77364139206,330.429808885783,S9_6184858,9,32.79210864,6.33250588858174,S9_7478538,9,36.4077051,6.42177145061519,te_fit_day_23_BP14,diff,BP,14,comp_diff
S2_44586954,2,96.05450929,9.54080290651625,14.2335023169272,0.0533303308559563,0.00766825040895239,S2_44257418,2,94.71205672,7.63318157742986,S2_44908249,2,97.68940295,8.03643634479557,te_fit_day_23_BP14,diff,BP,14,comp_rel_diff
S5_43714208,5,109.7001758,5.98123080286957,8.48878690216678,-0.0452906511475408,0.00843264165799671,S5_42719546,5,103.4003774,3.93219098482475,S5_44003086,5,115.1315049,3.6626326241553,te_fit_day_23_BP14,diff,BP,14,comp_rel_diff
S7_19532160,7,51.17962841,3.74864490704816,5.1583184003368,-0.0323677385104933,0.00773100903246949,S7_14686597,7,24.41187922,1.6937490368488,S7_21479861,7,59.36936369,2.13111475330305,te_fit_day_23_BP14,diff,BP,14,comp_rel_diff
S7_32133319,7,99.94477983,6.01758623495641,8.54470430724292,-0.06150262065785,0.0114136092214447,S7_31429416,7,92.5060333,4.14551959531561,S7_32940091,7,101.9471039,2.93334026005553,te_fit_day_23_BP14,diff,BP,14,comp_rel_diff
S9_6724364,9,34.93391023,8.42185617512456,12.367616160506,0.0551548116401777,0.00850782020367835,S9_6184858,9,32.79210864,6.35496837849578,S9_7478538,9,36.4077051,6.4450441942985,te_fit_day_23_BP14,diff,BP,14,comp_rel_diff
S3_7095091,3,46.70151328,7.12242620686683,15.1574295218482,0.27977062747419,0.0470707034197883,S3_6422015,3,45.16807388,1.44824255057184,S3_7261171,3,47.15534623,0,te_fit_day_23_BP14,diff,BP,14,comp_ratio
S3_7261171,3,47.15534623,8.15587135265041,17.6098870891272,-0.301184631177615,0.0470127733469624,S3_7095091,3,46.70151328,0,S3_7345986,3,47.38986671,5.63908801224336,te_fit_day_23_BP14,diff,BP,14,comp_ratio
S7_32133319,7,99.94477983,4.7628200944732,9.80865599968934,0.0510634343264104,0.0106798860476869,S7_31956171,7,96.48121012,2.40870917811286,S7_32940091,7,101.9471039,2.96790675205644,te_fit_day_23_BP14,diff,BP,14,comp_ratio
S2_44586954,2,96.05450929,9.55442825263016,14.4505940286033,-1939.27371050347,278.61816576319,S2_44257418,2,94.71205672,7.61994775377858,S2_45043544,2,98.51301522,7.56064031776405,te_fit_day_24_BP14,diff,BP,14,comp_diff
S5_43714262,5,109.7001769,5.6613930418679,8.10808131534745,1597.4330547104,306.391552960027,S5_42719546,5,103.4003774,3.70693629744152,S5_44003086,5,115.1315049,3.5460582008244,te_fit_day_24_BP14,diff,BP,14,comp_diff
S7_19532160,7,51.17962841,3.95502083799486,5.53207738555762,1209.70723327263,280.898437227023,S7_16414980,7,32.98157305,2.16439812742604,S7_20791180,7,57.68635809,2.29783702100918,te_fit_day_24_BP14,diff,BP,14,comp_diff
S7_32133319,7,99.94477983,5.87855979507686,8.44454871279932,2206.53690338663,414.702011076228,S7_31429416,7,92.5060333,4.16914832359806,S7_32940091,7,101.9471039,3.03002293965549,te_fit_day_24_BP14,diff,BP,14,comp_diff
S9_6724364,9,34.93391023,7.84228899691632,11.5786326837075,-1925.95845728696,309.123089805207,S9_6184858,9,32.79210864,5.89841620097945,S9_7478538,9,36.4077051,6.13502038913344,te_fit_day_24_BP14,diff,BP,14,comp_diff
S2_44586954,2,96.05450929,9.55784991871862,14.4456566080953,0.051808634552549,0.00744190661620075,S2_44257418,2,94.71205672,7.62096933338338,S2_45043544,2,98.51301522,7.5615811503622,te_fit_day_24_BP14,diff,BP,14,comp_rel_diff
S5_43714262,5,109.7001769,5.66334140802421,8.1050252936767,-0.042675444095732,0.00818373532420436,S5_42719546,5,103.4003774,3.70695040306511,S5_44003086,5,115.1315049,3.54649832033739,te_fit_day_24_BP14,diff,BP,14,comp_rel_diff
S7_19532160,7,51.17962841,3.95423068009731,5.52677557435744,-0.0323079432904045,0.00750281279310757,S7_16414980,7,32.98157305,2.17558499747936,S7_20791180,7,57.68635809,2.29609946272591,te_fit_day_24_BP14,diff,BP,14,comp_rel_diff
S7_32133319,7,99.94477983,5.89456893856313,8.4630969921095,-0.059023488549529,0.0110767136504768,S7_31429416,7,92.5060333,4.18313674961276,S7_32940091,7,101.9471039,3.03900990101851,te_fit_day_24_BP14,diff,BP,14,comp_rel_diff
S9_6724364,9,34.93391023,7.86268298868209,11.6033796812507,0.0515166686557271,0.0082566948244037,S9_6184858,9,32.79210864,5.91339446958117,S9_7478538,9,36.4077051,6.15087127551404,te_fit_day_24_BP14,diff,BP,14,comp_rel_diff
S3_7095091,3,46.70151328,7.32945834152557,15.7687858438621,0.264675174188247,0.0438339943215521,S3_6422015,3,45.16807388,1.46183059410585,S3_7261171,3,47.15534623,0,te_fit_day_24_BP14,diff,BP,14,comp_ratio
S3_7261171,3,47.15534623,8.35650976699556,18.2392319410747,-0.284303716047086,0.0437800476774867,S3_7095091,3,46.70151328,4.44089209850063e-16,S3_7345986,3,47.38986671,5.67315389840224,te_fit_day_24_BP14,diff,BP,14,comp_ratio
S7_32133319,7,99.94477983,4.18447068725936,8.61760009881273,0.0443938876762338,0.00994550814748023,S7_31956171,7,96.48121012,2.26622069310201,S7_32940091,7,101.9471039,2.67041609437958,te_fit_day_24_BP14,diff,BP,14,comp_ratio
S2_44586954,2,96.05450929,10.39751562147,11.3994965987828,-1450.22091621893,201.007730121971,S2_44257418,2,94.71205672,8.61053809678544,S2_45043544,2,98.51301522,8.66542478801041,te_fit_day_25_BP14,diff,BP,14,comp_diff
S5_5909140,5,40.32890934,5.21630614324778,5.31824199256747,-1181.83162308682,239.824192313049,S5_5107998,5,37.40304223,3.25265454263003,S5_6876512,5,42.79131694,2.78299709613,te_fit_day_25_BP14,diff,BP,14,comp_diff
S5_32800961,5,79.00989287,5.12142267154412,5.2146418234577,1090.70626189789,223.520312605175,S5_29994074,5,71.02984202,2.8798539570431,S5_33682130,5,82.14795514,2.75329752533738,te_fit_day_25_BP14,diff,BP,14,comp_diff
S5_43714262,5,109.7001769,6.08440376034122,6.27855529247623,1242.59972900904,232.072042400244,S5_43575577,5,107.8767063,4.48779473097895,S5_44003086,5,115.1315049,4.43773474922357,te_fit_day_25_BP14,diff,BP,14,comp_diff
S6_33052891,6,73.8397152,5.78727415664102,5.9473173303434,-1038.25588177795,199.234835544442,S6_32411928,6,68.72506699,2.90771466096945,S6_33383362,6,78.16213009,3.43643393213517,te_fit_day_25_BP14,diff,BP,14,comp_diff
S7_19036596,7,49.05801824,3.34718291884123,3.32565450760245,-2709.43596866339,695.283236467164,S7_18878870,7,47.34708131,1.58505081643239,S7_19236553,7,49.76776198,0.849282838496137,te_fit_day_25_BP14,diff,BP,14,comp_diff
S7_19532160,7,51.17962841,5.68111677608698,5.82961879051493,3589.77169736647,695.773978533542,S7_19153030,7,49.2934369,0.0940916668245109,S7_19580554,7,51.64603332,2.19949239544565,te_fit_day_25_BP14,diff,BP,14,comp_diff
S7_32133319,7,99.94477983,10.2191314228289,11.1756292236416,2112.88170266618,295.774426732111,S7_31956171,7,96.48121012,5.7233701064367,S7_32940091,7,101.9471039,6.16795319361517,te_fit_day_25_BP14,diff,BP,14,comp_diff
S9_6930910,9,35.42306752,8.44448118862448,9.00642642664046,-1402.11607418875,218.63976244131,S9_6184858,9,32.79210864,6.44977413875592,S9_8182398,9,37.12013546,6.80984813982787,te_fit_day_25_BP14,diff,BP,14,comp_diff
S2_44586954,2,96.05450929,10.3975156214701,11.3994965987829,0.0425147160298803,0.00589274811194099,S2_44257418,2,94.71205672,8.61053809678551,S2_45043544,2,98.51301522,8.66542478801047,te_fit_day_25_BP14,diff,BP,14,comp_rel_diff
S5_5909140,5,40.32890934,5.2163061432478,5.31824199256746,0.0346466081744775,0.00703069257880257,S5_5107998,5,37.40304223,3.25265454262995,S5_6876512,5,42.79131694,2.78299709612997,te_fit_day_25_BP14,diff,BP,14,comp_rel_diff
S5_32800961,5,79.00989287,5.12142267154416,5.21464182345773,-0.0319751745944346,0.0065527275955276,S5_29994074,5,71.02984202,2.87985395704306,S5_33682130,5,82.14795514,2.75329752533735,te_fit_day_25_BP14,diff,BP,14,comp_rel_diff
S5_43714262,5,109.7001769,6.08440376034132,6.27855529247633,-0.0364280876291335,0.00680343034000985,S5_43575577,5,107.8767063,4.48779473097898,S5_44003086,5,115.1315049,4.43773474922362,te_fit_day_25_BP14,diff,BP,14,comp_rel_diff
S6_33052891,6,73.8397152,5.78727415664103,5.94731733034338,0.03043753781681,0.00584077388603402,S6_32411928,6,68.72506699,2.90771466096944,S6_33383362,6,78.16213009,3.43643393213517,te_fit_day_25_BP14,diff,BP,14,comp_rel_diff
S7_19036596,7,49.05801824,3.34718291884122,3.32565450760244,0.0794298989351208,0.0203829423697784,S7_18878870,7,47.34708131,1.58505081643236,S7_19236553,7,49.76776198,0.849282838496002,te_fit_day_25_BP14,diff,BP,14,comp_rel_diff
S7_19532160,7,51.17962841,5.68111677608709,5.82961879051504,-0.105237845226746,0.0203973289776135,S7_19153030,7,49.2934369,0.0940916668245038,S7_19580554,7,51.64603332,2.1994923954457,te_fit_day_25_BP14,diff,BP,14,comp_rel_diff
S7_32133319,7,99.94477983,10.2191314228291,11.1756292236418,-0.0619412977629554,0.0086709311807485,S7_31956171,7,96.48121012,5.72337010643682,S7_32940091,7,101.9471039,6.16795319361512,te_fit_day_25_BP14,diff,BP,14,comp_rel_diff
S9_6930910,9,35.42306752,8.44448118862445,9.00642642664041,0.041104473165705,0.00640964925348623,S9_6184858,9,32.79210864,6.44977413875595,S9_8182398,9,37.12013546,6.80984813982776,te_fit_day_25_BP14,diff,BP,14,comp_rel_diff
S3_7095091,3,46.70151328,6.44490944843425,14.0289156286465,0.214841872773866,0.038179194658647,S3_6422015,3,45.16807388,1.24774784617905,S3_7261171,3,47.15534623,0,te_fit_day_25_BP14,diff,BP,14,comp_ratio
S3_7261171,3,47.15534623,7.41848437128883,16.369239501435,-0.231785525877959,0.0381322073955232,S3_7095091,3,46.70151328,4.44089209850063e-16,S3_7345986,3,47.38986671,5.34438475411131,te_fit_day_25_BP14,diff,BP,14,comp_ratio
S7_32133319,7,99.94477983,4.09891067753518,8.63669125605469,0.0382469233634249,0.00866248895221288,S7_31814279,7,95.55378553,2.47287660829159,S7_33411071,7,104.8359143,1.61904516598574,te_fit_day_25_BP14,diff,BP,14,comp_ratio
S2_44908249,2,97.68940295,8.05459311335567,12.8259001965505,-1212.74825595598,191.782065852832,S2_44257418,2,94.71205672,6.29878406958816,S2_45322381,2,101.3191103,5.73342055716786,te_fit_day_26_BP14,diff,BP,14,comp_diff
S5_42739726,5,104.1345531,3.66938122344475,5.49742538391325,886.228644805076,214.065841961975,S5_33184214,5,79.95790853,2.07942712526146,S5_44050206,5,115.8565285,1.87909242573897,te_fit_day_26_BP14,diff,BP,14,comp_diff
S7_19532160,7,51.17962841,4.37081253059584,6.61195104277961,880.516784029179,193.934058408823,S7_18223567,7,43.92895216,2.25229247339923,S7_19806344,7,52.34268693,2.72872417821768,te_fit_day_26_BP14,diff,BP,14,comp_diff
S7_32133319,7,99.94477983,5.70898074288811,8.79785221962133,1496.27292527452,285.695729037746,S7_31429416,7,92.5060333,4.20094909545024,S7_32940091,7,101.9471039,3.87080536853572,te_fit_day_26_BP14,diff,BP,14,comp_diff
S9_6724364,9,34.93391023,6.37337880561254,9.91294256860115,-1184.16091866176,213.005437765945,S9_6184858,9,32.79210864,4.85516274383492,S9_8279734,9,37.58932098,4.77119976805507,te_fit_day_26_BP14,diff,BP,14,comp_diff
S2_44908249,2,97.68940295,8.05459311335579,12.8259001965507,0.0386128370895117,0.00610617218297136,S2_44257418,2,94.71205672,6.29878406958823,S2_45322381,2,101.3191103,5.73342055716795,te_fit_day_26_BP14,diff,BP,14,comp_rel_diff
S5_42739726,5,104.1345531,3.66938122344485,5.4974253839134,-0.0282167400512505,0.00681566800159303,S5_33184214,5,79.95790853,2.0794271252614,S5_44050206,5,115.8565285,1.87909242573907,te_fit_day_26_BP14,diff,BP,14,comp_rel_diff
S7_19532160,7,51.17962841,4.37081253059586,6.61195104277962,-0.0280348794313447,0.0061746897319138,S7_18223567,7,43.92895216,2.25229247339925,S7_19806344,7,52.34268693,2.72872417821756,te_fit_day_26_BP14,diff,BP,14,comp_rel_diff
S7_32133319,7,99.94477983,5.70898074288814,8.79785221962138,-0.0476400130211107,0.00909630056223657,S7_31429416,7,92.5060333,4.20094909545018,S7_32940091,7,101.9471039,3.87080536853568,te_fit_day_26_BP14,diff,BP,14,comp_rel_diff
S9_6724364,9,34.93391023,6.37337880561256,9.91294256860117,0.0377026414307315,0.00678190566528848,S9_6184858,9,32.79210864,4.85516274383487,S9_8279734,9,37.58932098,4.77119976805507,te_fit_day_26_BP14,diff,BP,14,comp_rel_diff
S3_7095091,3,46.70151328,5.58438095849129,12.3664706384475,0.171589203775866,0.0329547748487119,S3_6422015,3,45.16807388,1.0307858101754,S3_7261171,3,47.15534623,0,te_fit_day_26_BP14,diff,BP,14,comp_ratio
S3_7261171,3,47.15534623,6.51021032404873,14.6036169580234,-0.186235501776699,0.0329142172965988,S3_7095091,3,46.70151328,4.44089209850063e-16,S3_7345986,3,47.38986671,4.94113844187196,te_fit_day_26_BP14,diff,BP,14,comp_ratio
S7_32133319,7,99.94477983,3.70635486398021,7.99721711787117,0.0313077925582864,0.00747711877115183,S7_31429416,7,92.5060333,2.00614196055039,S7_33411071,7,104.8359143,1.53198235494718,te_fit_day_26_BP14,diff,BP,14,comp_ratio
S2_45043544,2,98.51301522,9.34434387277123,11.2318078794719,-777.216595976132,114.484446898047,S2_44316069,2,95.42815792,7.76727758954431,S2_45322381,2,101.3191103,6.65808513757645,te_fit_day_27_BP14,diff,BP,14,comp_diff
S3_7095091,3,46.70151328,3.85163032300326,4.28818471882963,2174.85586018788,518.46923893265,S3_6422015,3,45.16807388,1.89997442290895,S3_7261171,3,47.15534623,1.00457552068482,te_fit_day_27_BP14,diff,BP,14,comp_diff
S3_7345986,3,47.38986671,5.53224418552725,6.30413571087591,-2642.65640341719,519.58568938604,S3_7095091,3,46.70151328,0,S3_7475161,3,47.62432066,1.52277518495866,te_fit_day_27_BP14,diff,BP,14,comp_diff
S5_42739726,5,104.1345531,4.5681433208617,5.13645496112421,584.836326743134,127.388978869925,S5_42366438,5,102.9057427,2.86508485702938,S5_43769059,5,111.9145952,2.00194351582522,te_fit_day_27_BP14,diff,BP,14,comp_diff
S6_33052891,6,73.8397152,3.83890743554076,4.27327053792522,-469.245289925206,112.059578768823,S6_32411928,6,68.72506699,2.21508684661221,S6_33624176,6,79.96487987,2.03935901443489,te_fit_day_27_BP14,diff,BP,14,comp_diff
S7_19532160,7,51.17962841,4.9140086108271,5.55184989326927,552.517121410325,115.759366284485,S7_18878870,7,47.34708131,2.1722201817504,S7_21663918,7,60.36847472,3.17722405727231,te_fit_day_27_BP14,diff,BP,14,comp_diff
S7_32133319,7,99.94477983,7.31605049655251,8.54669231626634,999.426579517794,168.764508266472,S7_31178325,7,89.28412826,4.54056266930046,S7_33411071,7,104.8359143,4.0326667194399,te_fit_day_27_BP14,diff,BP,14,comp_diff
S9_4505809,9,29.42213919,4.15178324276005,4.6415288914985,1213.46773528597,278.052601170719,S9_4005852,9,26.89565247,2.34929528518721,S9_5041932,9,31.06780702,1.97292154431044,te_fit_day_27_BP14,diff,BP,14,comp_diff
S9_6184858,9,32.79210864,7.75155615076361,9.1108552617455,-1623.93621483017,265.594239384961,S9_5633611,9,31.52841363,3.66060620679338,S9_6724364,9,34.93391023,5.75771228773088,te_fit_day_27_BP14,diff,BP,14,comp_diff
S2_45043544,2,98.51301522,9.34434387277135,11.2318078794718,0.0279500835360832,0.00411706321114244,S2_44316069,2,95.42815792,7.76727758954427,S2_45322381,2,101.3191103,6.65808513757641,te_fit_day_27_BP14,diff,BP,14,comp_rel_diff
S3_7095091,3,46.70151328,3.85163032300331,4.28818471882965,-0.0782116636287808,0.0186450709031206,S3_6422015,3,45.16807388,1.89997442290885,S3_7261171,3,47.15534623,1.00457552068485,te_fit_day_27_BP14,diff,BP,14,comp_rel_diff
S3_7345986,3,47.38986671,5.53224418552726,6.30413571087592,0.0950345986113551,0.0186852204362079,S3_7095091,3,46.70151328,0,S3_7475161,3,47.62432066,1.52277518495859,te_fit_day_27_BP14,diff,BP,14,comp_rel_diff
S5_42739726,5,104.1345531,4.56814332086179,5.13645496112431,-0.0210317487712378,0.00458113300645483,S5_42366438,5,102.9057427,2.8650848570295,S5_43769059,5,111.9145952,2.00194351582523,te_fit_day_27_BP14,diff,BP,14,comp_rel_diff
S6_33052891,6,73.8397152,3.83890743554084,4.27327053792531,0.0168748906292344,0.00402986066409612,S6_32411928,6,68.72506699,2.21508684661226,S6_33624176,6,79.96487987,2.03935901443487,te_fit_day_27_BP14,diff,BP,14,comp_rel_diff
S7_19532160,7,51.17962841,4.91400861082708,5.55184989326926,-0.0198694929810904,0.00416291156736283,S7_18878870,7,47.34708131,2.17222018175034,S7_21663918,7,60.36847472,3.17722405727232,te_fit_day_27_BP14,diff,BP,14,comp_rel_diff
S7_32133319,7,99.94477983,7.31605049655253,8.54669231626636,-0.0359411475904228,0.00606907022880756,S7_31178325,7,89.28412826,4.54056266930049,S7_33411071,7,104.8359143,4.03266671943982,te_fit_day_27_BP14,diff,BP,14,comp_rel_diff
S9_4505809,9,29.42213919,4.15178324276008,4.64152889149852,-0.0436384461489627,0.00999926335899481,S9_4005852,9,26.89565247,2.34929528518718,S9_5041932,9,31.06780702,1.97292154431041,te_fit_day_27_BP14,diff,BP,14,comp_rel_diff
S9_6184858,9,32.79210864,7.75155615076356,9.11085526174543,0.0583996187121662,0.00955123863276346,S9_5633611,9,31.52841363,3.66060620679334,S9_6724364,9,34.93391023,5.75771228773074,te_fit_day_27_BP14,diff,BP,14,comp_rel_diff
S3_19489073,3,69.19885477,6.50443361683551,16.1536555024439,-0.0335384810432687,0.0059124912722853,S3_17274073,3,66.49179055,4.72558476968173,S3_20423554,3,71.83639809,3.50707604995337,te_fit_day_27_BP14,diff,BP,14,comp_ratio
S3_23229173,3,75.17191546,3.92780446423241,9.41234275178104,0.0260853476149452,0.00602435135696896,S3_20821849,3,72.5329563,1.81185075514568,S3_24146831,3,75.65681869,2.21543266321023,te_fit_day_27_BP14,diff,BP,14,comp_ratio
S2_45043544,2,98.51301522,5.72767146153061,11.7197277740959,-535.187795212895,101.391339251828,S2_42487620,2,85.66812681,4.162935934183,S2_46014879,2,106.7975269,3.86801542964157,te_fit_day_28_BP14,diff,BP,14,comp_diff
S7_32133319,7,99.94477983,4.51197497197888,9.07799007159753,682.951292535437,147.010481572521,S7_19236553,7,49.76776198,2.80863974304315,S7_32940091,7,101.9471039,2.98189594504194,te_fit_day_28_BP14,diff,BP,14,comp_diff
S9_6930910,9,35.42306752,4.99091582873877,10.1083666609205,-541.273785529194,110.415469014046,S9_6184858,9,32.79210864,3.41915973465891,S9_8378425,9,38.05852079,3.26550219123192,te_fit_day_28_BP14,diff,BP,14,comp_diff
S2_45043544,2,98.51301522,5.72767146153062,11.7197277740959,0.0214559506921265,0.0040648303176094,S2_42487620,2,85.66812681,4.16293593418304,S2_46014879,2,106.7975269,3.86801542964156,te_fit_day_28_BP14,diff,BP,14,comp_rel_diff
S7_32133319,7,99.94477983,4.51197497197882,9.07799007159744,-0.0273798643930872,0.00589372491686035,S7_19236553,7,49.76776198,2.80863974304309,S7_32940091,7,101.9471039,2.98189594504199,te_fit_day_28_BP14,diff,BP,14,comp_rel_diff
S9_6930910,9,35.42306752,4.99091582873875,10.1083666609204,0.0216999411368027,0.00442661226583277,S9_6184858,9,32.79210864,3.41915973465897,S9_8378425,9,38.05852079,3.26550219123192,te_fit_day_28_BP14,diff,BP,14,comp_rel_diff
S9_6724364,9,34.93391023,5.56824254229103,14.0014231815992,0.0119164922724564,0.00227852257565001,S9_5686516,9,31.99307473,3.12790270638891,S9_8182398,9,37.12013546,3.75534572720866,te_fit_day_30_BP14,diff,BP,14,comp_ratio
S5_44003086,5,115.1315049,3.58289937615939,7.82834808534895,-150.643148357604,36.4851384864035,S5_29674083,5,70.04610552,1.83131770389274,S5_44418942,5,120.9842738,2.05464268275375,te_fit_day_31_BP14,diff,BP,14,comp_diff
S9_6724364,9,34.93391023,8.55229394896193,20.0943855496013,261.374676235137,39.5118916292838,S9_6184858,9,32.79210864,6.15326005471578,S9_7478538,9,36.4077051,6.77743811877065,te_fit_day_31_BP14,diff,BP,14,comp_diff
S5_44003086,5,115.1315049,3.58289937615939,7.82834808534896,0.00885149847091927,0.00214379579187398,S5_29674083,5,70.04610552,1.83131770389275,S5_44418942,5,120.9842738,2.05464268275378,te_fit_day_31_BP14,diff,BP,14,comp_rel_diff
S9_6724364,9,34.93391023,8.55229394896191,20.0943855496013,-0.015357867730833,0.00232164192100862,S9_6184858,9,32.79210864,6.15326005471584,S9_7478538,9,36.4077051,6.77743811877068,te_fit_day_31_BP14,diff,BP,14,comp_rel_diff
S5_44003086,5,115.1315049,3.60615589068704,7.90161866738763,-0.00821656384562628,0.00198325658665941,S5_29994074,5,71.02984202,2.10157950143285,S5_44418942,5,120.9842738,1.96946129067015,te_fit_day_31_BP14,diff,BP,14,comp_ratio
S9_6724364,9,34.93391023,8.43574347113818,19.8361394835239,0.014098489997687,0.00214778462069844,S9_6184858,9,32.79210864,6.11818118809619,S9_7478538,9,36.4077051,6.62929087590248,te_fit_day_31_BP14,diff,BP,14,comp_ratio
S5_42739726,5,104.1345531,3.34408072041323,7.87959768829553,-119.064066348517,29.8975614721816,S5_31260652,5,76.16548797,1.42082812798636,S5_44445575,5,121.4629871,1.76766175143151,te_fit_day_32_BP14,diff,BP,14,comp_diff
S9_6930910,9,35.42306752,5.21823286083095,12.6365628314439,153.02235587656,30.3422290295224,S9_6501061,9,33.93753996,3.22308203047291,S9_8378425,9,38.05852079,3.13349996157804,te_fit_day_32_BP14,diff,BP,14,comp_diff
S5_42739726,5,104.1345531,3.3440807204132,7.87959768829545,0.00730069815166925,0.00183324052733474,S5_31260652,5,76.16548797,1.42082812798632,S5_44445575,5,121.4629871,1.76766175143148,te_fit_day_32_BP14,diff,BP,14,comp_rel_diff
S9_6930910,9,35.42306752,5.21823286083095,12.636562831444,-0.00938293193718048,0.00186050638271451,S9_6501061,9,33.93753996,3.22308203047291,S9_8378425,9,38.05852079,3.13349996157807,te_fit_day_32_BP14,diff,BP,14,comp_rel_diff
S9_6930910,9,35.42306752,5.23325146478907,13.9024754293463,0.00762617154035632,0.00150507198564636,S9_6501061,9,33.93753996,3.44637685396662,S9_8279734,9,37.58932098,3.66620061408546,te_fit_day_32_BP14,diff,BP,14,comp_ratio
S9_7149227,9,35.91474934,4.68809907768829,14.4821969942679,265.560052507871,55.335563118591,S9_4775142,9,30.60506955,2.96400848598613,S9_7783026,9,36.65100204,3.0672996324792,te_fit_day_33_BP14,diff,BP,14,comp_diff
S9_7149227,9,35.91474934,4.68809907768833,14.4821969942681,-0.0175275576093918,0.00365227096940902,S9_4775142,9,30.60506955,2.96400848598612,S9_7783026,9,36.65100204,3.06729963247922,te_fit_day_33_BP14,diff,BP,14,comp_rel_diff
S9_7149227,9,35.91474934,4.47423703015967,13.8696950097147,0.0157224321628172,0.00335965600537985,S9_4775142,9,30.60506955,2.85187120387912,S9_7783026,9,36.65100204,2.88940640774852,te_fit_day_33_BP14,diff,BP,14,comp_ratio
