S9_6724364,9,34.93391023,4.25927872230236,17.3399699571744,2579.97703059931,560.504058568904,S9_6184858,9,32.79210864,1.88616302893993,S9_8279734,9,37.58932098,2.2955253786124,ma_te_fit_total_17_BP14,dry,BP,14,raw
S2_44784129,2,96.94547802,3.83894421480113,7.081794701882,1715.490616895,402.33232229593,S2_43100924,2,89.4251276,2.00854988716726,S2_45980428,2,106.3362737,1.41605065254273,ma_te_fit_total_18_BP14,dry,BP,14,raw
S7_32133319,7,99.94477983,5.72554892258135,10.8347744781682,-3144.54543599375,596.233233584261,S7_31494503,7,93.27304403,3.71473150194534,S7_32940091,7,101.9471039,3.38828394908637,ma_te_fit_total_18_BP14,dry,BP,14,raw
S9_6724364,9,34.93391023,8.34082282735778,16.3571627028591,2854.04138746604,440.427596384681,S9_6184858,9,32.79210864,6.75357897876675,S9_8458511,9,38.57941159,6.8239942612619,ma_te_fit_total_18_BP14,dry,BP,14,raw
S2_44769389,2,96.94547697,4.26604627589949,7.67525521958891,2166.30410824452,480.57356766451,S2_43481897,2,90.13407682,2.48843814552159,S2_45980428,2,106.3362737,1.66448772952834,ma_te_fit_total_19_BP14,dry,BP,14,raw
S7_32133319,7,99.94477983,6.23882403555684,11.5284362020506,-3934.49948308146,712.182277320223,S7_31494503,7,93.27304403,4.25674463344352,S7_32940091,7,101.9471039,3.72810788870503,ma_te_fit_total_19_BP14,dry,BP,14,raw
S9_6724364,9,34.93391023,8.93136968232458,17.1229079378158,3542.0231630976,526.077231232707,S9_6184858,9,32.79210864,7.21197862808284,S9_8458511,9,38.57941159,7.33470903067006,ma_te_fit_total_19_BP14,dry,BP,14,raw
S2_44752411,2,96.94547592,4.5100811261708,7.95500440213819,2651.00812542087,571.027862933301,S2_43829684,2,92.81876812,2.85891865739952,S2_45980428,2,106.3362737,1.86741900719056,ma_te_fit_total_20_BP14,dry,BP,14,raw
S7_32133319,7,99.94477983,6.57269440028326,11.9218391558927,-4809.43165642039,846.230319781234,S7_31494503,7,93.27304403,4.59662404256417,S7_32940091,7,101.9471039,3.96815894895989,ma_te_fit_total_20_BP14,dry,BP,14,raw
S9_6724364,9,34.93391023,9.4997763686027,17.9362385670085,4357.58791874015,625.096295980403,S9_6184858,9,32.79210864,7.67256567555452,S9_8458511,9,38.57941159,7.76361576369484,ma_te_fit_total_20_BP14,dry,BP,14,raw
S2_45043544,2,98.51301522,4.68489238314424,8.13074484949756,3238.46863896696,683.621618614627,S2_43829684,2,92.81876812,2.90226115361518,S2_45980428,2,106.3362737,2.02365681985379,ma_te_fit_total_21_BP14,dry,BP,14,raw
S7_32133319,7,99.94477983,6.61310339894208,11.7813139341838,-5702.02368572259,999.938779603578,S7_31178325,7,89.28412826,2.82153803228783,S7_32940091,7,101.9471039,3.9705849156706,ma_te_fit_total_21_BP14,dry,BP,14,raw
S9_6724364,9,34.93391023,10.0602819284239,18.7904794917357,5322.91695770949,739.132022827326,S9_6184858,9,32.79210864,8.16399565894377,S9_8458511,9,38.57941159,7.80774276081388,ma_te_fit_total_21_BP14,dry,BP,14,raw
S2_45043544,2,98.51301522,4.87884961373063,8.34550366738263,3872.05591075908,799.907381564386,S2_44073549,2,93.52620611,3.32426994437326,S2_45980428,2,106.3362737,2.17956408625302,ma_te_fit_total_22_BP14,dry,BP,14,raw
S7_32133319,7,99.94477983,6.75912432204206,11.8606637183288,-6751.9227240355,1170.03089009724,S7_31494503,7,93.27304403,4.93550255057844,S7_32940091,7,101.9471039,4.09239925076374,ma_te_fit_total_22_BP14,dry,BP,14,raw
S9_6724364,9,34.93391023,10.5745178382193,19.5543868676764,6408.31240300185,864.860245655116,S9_6184858,9,32.79210864,8.60248516292834,S9_8378425,9,38.05852079,9.04958536724523,ma_te_fit_total_22_BP14,dry,BP,14,raw
S2_45043544,2,98.51301522,4.97044007910639,8.39061716789187,4602.68540100388,941.459764144569,S2_44073549,2,93.52620611,3.30609332426191,S2_45980428,2,106.3362737,2.3280369780505,ma_te_fit_total_23_BP14,dry,BP,14,raw
S7_32133319,7,99.94477983,6.86283769027203,11.8867291587651,-8013.14765041596,1377.08068611458,S7_31494503,7,93.27304403,4.98769642566175,S7_32940091,7,101.9471039,4.19670413330805,ma_te_fit_total_23_BP14,dry,BP,14,raw
S9_6724364,9,34.93391023,11.0871599688797,20.352457509107,7750.48708237691,1017.90674977906,S9_6184858,9,32.79210864,9.07650934534538,S9_8378425,9,38.05852079,9.44857848189863,ma_te_fit_total_23_BP14,dry,BP,14,raw
S2_45043544,2,98.51301522,4.97392755128057,8.31287661370052,5314.67948973667,1086.68833187523,S2_44073549,2,93.52620611,3.24877290194755,S2_45980428,2,106.3362737,2.44866797191935,ma_te_fit_total_24_BP14,dry,BP,14,raw
S7_32133319,7,99.94477983,6.88395693558443,11.8073971262035,-9264.80152487151,1589.50766739476,S7_31494503,7,93.27304403,4.96133821321055,S7_32940091,7,101.9471039,4.23897280207422,ma_te_fit_total_24_BP14,dry,BP,14,raw
S9_6724364,9,34.93391023,11.5383943707406,21.1006956148746,9154.95108427765,1174.92794705572,S9_6184858,9,32.79210864,9.50116576508978,S9_8378425,9,38.05852079,9.739364803512,ma_te_fit_total_24_BP14,dry,BP,14,raw
S2_45043544,2,98.51301522,4.90428003345267,8.14569461365105,5986.48978909384,1233.29441341625,S2_44073549,2,93.52620611,3.16263963936122,S2_45980428,2,106.3362737,2.57434308420414,ma_te_fit_total_25_BP14,dry,BP,14,raw
S7_32133319,7,99.94477983,6.77372509258736,11.5398716742413,-10422.3654445599,1803.94954908316,S7_31494503,7,93.27304403,4.80895867526811,S7_32940091,7,101.9471039,4.17354368207563,ma_te_fit_total_25_BP14,dry,BP,14,raw
S9_6724364,9,34.93391023,11.938064619782,21.8379059973815,10597.9022710435,1333.43851292665,S9_6184858,9,32.79210864,9.86963177500869,S9_8378425,9,38.05852079,9.94058484748457,ma_te_fit_total_25_BP14,dry,BP,14,raw
S2_45043544,2,98.51301522,4.76354476385078,7.89216407248668,6605.15639561039,1382.01628541289,S2_44073549,2,93.52620611,3.04882225741621,S2_45980428,2,106.3362737,2.65365122826594,ma_te_fit_total_26_BP14,dry,BP,14,raw
S7_32133319,7,99.94477983,6.60288024625286,11.215924300255,-11517.5527642833,2021.48621430163,S7_31494503,7,93.27304403,4.62421195280671,S7_32940091,7,101.9471039,4.0680717581924,ma_te_fit_total_26_BP14,dry,BP,14,raw
S9_6724364,9,34.93391023,12.2242566812063,22.4373141316701,12041.3926122666,1494.23667245575,S9_6184858,9,32.79210864,10.1391246624925,S9_8279734,9,37.58932098,10.6068465599094,ma_te_fit_total_26_BP14,dry,BP,14,raw
S2_45043544,2,98.51301522,4.56881350898579,7.57066878419658,7111.79467635129,1521.40122700182,S2_44073549,2,93.52620611,2.91590413202147,S2_45980428,2,106.3362737,2.72349275787322,ma_te_fit_total_27_BP14,dry,BP,14,raw
S7_32133319,7,99.94477983,6.34706364079184,10.7738135417526,-12409.5043998885,2225.36567713957,S7_31494503,7,93.27304403,4.38884009962137,S7_32940091,7,101.9471039,3.91306020664713,ma_te_fit_total_27_BP14,dry,BP,14,raw
S9_6724364,9,34.93391023,12.4657747903209,23.0217485163904,13408.7245553207,1644.93973833755,S9_6184858,9,32.79210864,10.3364581448401,S9_7478538,9,36.4077051,10.2084167618986,ma_te_fit_total_27_BP14,dry,BP,14,raw
S5_44003086,5,115.1315049,3.96785667836524,6.5309960758672,-7514.30446701975,1731.95443413845,S5_33184214,5,79.95790853,2.07763816382455,S5_44418942,5,120.9842738,1.94988385263266,ma_te_fit_total_28_BP14,dry,BP,14,raw
S7_31711920,7,95.32348365,6.77972373708108,11.5925379195291,-11791.8800484989,2040.00473566684,S7_31178325,7,89.28412826,3.4172225041085,S7_32133319,7,99.94477983,5.15659130056007,ma_te_fit_total_28_BP14,dry,BP,14,raw
S9_6724364,9,34.93391023,13.7568119954972,25.9057556838463,15540.1223072607,1798.43060790566,S9_6184858,9,32.79210864,11.4954139827138,S9_7142713,9,35.91474829,12.0355058915905,ma_te_fit_total_28_BP14,dry,BP,14,raw
S5_44003086,5,115.1315049,4.1893696153531,6.90242579805447,-8462.93525951572,1895.50249597065,S5_33184214,5,79.95790853,2.20265658794903,S5_44418942,5,120.9842738,2.04737904014337,ma_te_fit_total_29_BP14,dry,BP,14,raw
S7_31711920,7,95.32348365,6.55604489312172,11.1536960456191,-12671.3901053136,2232.64191714834,S7_31178325,7,89.28412826,3.25931442364057,S7_32133319,7,99.94477983,4.98195085423933,ma_te_fit_total_29_BP14,dry,BP,14,raw
S9_6724364,9,34.93391023,13.864044369075,26.094909820317,17086.5848961147,1968.25599965102,S9_6184858,9,32.79210864,11.5549403464976,S9_7142713,9,35.91474829,12.1636122154542,ma_te_fit_total_29_BP14,dry,BP,14,raw
S5_44003086,5,115.1315049,4.38904908511117,7.25802791038859,-9576.03287119689,2092.63480925103,S5_43769059,5,111.9145952,2.58097114446512,S5_44418942,5,120.9842738,2.14128814975413,ma_te_fit_total_30_BP14,dry,BP,14,raw
S7_31711920,7,95.32348365,6.33997404811914,10.764977207486,-13736.547179799,2464.83673978234,S7_31178325,7,89.28412826,3.10467991728706,S7_32133319,7,99.94477983,4.83961285907931,ma_te_fit_total_30_BP14,dry,BP,14,raw
S9_6724364,9,34.93391023,13.8395280623616,26.0653457681823,18843.6608743145,2172.95467937526,S9_6184858,9,32.79210864,11.5060766161015,S9_7142713,9,35.91474829,12.1429812776979,ma_te_fit_total_30_BP14,dry,BP,14,raw
S4_28815325,4,52.90088436,3.69729288287726,6.60108243328165,9683.49135192103,2314.70675018347,S4_7641887,4,45.40438824,1.97886785666483,S4_32232256,4,62.40241389,1.62797900039958,ma_te_fit_total_31_BP14,dry,BP,14,raw
S7_32133319,7,99.94477983,6.6959313545734,12.478287964163,-19237.7561738205,3344.63323824182,S7_31814279,7,95.55378553,4.67601938009176,S7_32940091,7,101.9471039,3.87877902738604,ma_te_fit_total_31_BP14,dry,BP,14,raw
S9_6724364,9,34.93391023,9.52400476343666,18.4905354052491,17780.434627674,2539.44737062839,S9_5686516,9,31.99307473,7.63961325174193,S9_7478538,9,36.4077051,7.21271136478964,ma_te_fit_total_31_BP14,dry,BP,14,raw
S5_44050206,5,115.8565285,3.93004304841315,7.00813306543175,-11727.1478399192,2714.19358534555,S5_43706919,5,109.5147878,2.11925623778641,S5_44418942,5,120.9842738,2.10191506193874,ma_te_fit_total_32_BP14,dry,BP,14,raw
S7_32133319,7,99.94477983,5.06452050461123,9.17923458476509,-18983.8910463846,3839.11911917095,S7_31494503,7,93.27304403,3.49319166207954,S7_32940091,7,101.9471039,3.21261311466733,ma_te_fit_total_32_BP14,dry,BP,14,raw
S9_6724364,9,34.93391023,11.6314639291269,23.201048662453,22895.0340832462,2912.30647730064,S9_5686516,9,31.99307473,9.76055679309631,S9_7142713,9,35.91474829,9.98577571755046,ma_te_fit_total_32_BP14,dry,BP,14,raw
S4_28815325,4,52.90088436,4.74370052450745,8.99988010064985,14898.6038135981,3110.47875073243,S4_9295193,4,46.17739222,3.14974305603651,S4_32232256,4,62.40241389,1.8598043515793,ma_te_fit_total_33_BP14,dry,BP,14,raw
S7_32133319,7,99.94477983,6.66850847999182,13.0623213641391,-24710.1485168718,4282.18279987023,S7_31956171,7,96.48121012,4.56838384015355,S7_32940091,7,101.9471039,3.78272854404831,ma_te_fit_total_33_BP14,dry,BP,14,raw
S9_6724364,9,34.93391023,9.91551726947677,20.5126944369979,24192.1031725403,3345.50974907843,S9_5686516,9,31.99307473,8.12428069226747,S9_7478538,9,36.4077051,7.2282313596138,ma_te_fit_total_33_BP14,dry,BP,14,raw
S7_32133319,7,99.94477983,4.33331458915517,9.52109873508288,-5427.1270455544,1189.96327632621,S7_31178325,7,89.28412826,2.50016568077392,S7_32940091,7,101.9471039,2.19949923402786,ma_te_fit_total_17_BP14,wet,BP,14,raw
S9_6724364,9,34.93391023,5.82911889716127,13.0758642200028,4804.85181241417,898.983874935031,S9_5686516,9,31.99307473,3.90342642182929,S9_8279734,9,37.58932098,3.98359909475409,ma_te_fit_total_17_BP14,wet,BP,14,raw
S2_44586954,2,96.05450929,5.21071101494939,9.11568703315798,4825.6646575773,964.855835070858,S2_43100924,2,89.4251276,3.47661813022692,S2_45043544,2,98.51301522,3.41366146043199,ma_te_fit_total_18_BP14,wet,BP,14,raw
S5_43714208,5,109.7001758,3.70762334049056,6.35284664931211,-4417.35695190116,1057.98205243848,S5_41101118,5,96.20937263,2.18734405546673,S5_44003086,5,115.1315049,2.0985776789467,ma_te_fit_total_18_BP14,wet,BP,14,raw
S7_32133319,7,99.94477983,5.37087179138889,9.41676696002616,-7199.91530641818,1416.36918070501,S7_31178325,7,89.28412826,3.10370124799713,S7_32940091,7,101.9471039,2.73440290553455,ma_te_fit_total_18_BP14,wet,BP,14,raw
S9_6724364,9,34.93391023,8.11057569617746,14.7745684604824,6795.88753709798,1067.3055622785,S9_6184858,9,32.79210864,6.32725558966521,S9_6930910,9,35.42306752,6.60343558689087,ma_te_fit_total_18_BP14,wet,BP,14,raw
S2_44586954,2,96.05450929,6.27672368548045,10.4398347093656,6807.97805279341,1231.08721262741,S2_43374008,2,89.65964759,4.72891510502616,S2_44908249,2,97.68940295,4.73477059107992,ma_te_fit_total_19_BP14,wet,BP,14,raw
S5_43714208,5,109.7001758,4.22077445385723,6.82295404554506,-6034.94659929641,1349.90962235374,S5_42251884,5,101.3829046,2.0409167723057,S5_44003086,5,115.1315049,2.47054874335184,ma_te_fit_total_19_BP14,wet,BP,14,raw
S7_32133319,7,99.94477983,6.19634759247829,10.2946189796672,-9924.08590423172,1807.18603064409,S7_31178325,7,89.28412826,3.49126688005018,S7_32940091,7,101.9471039,3.1352861341941,ma_te_fit_total_19_BP14,wet,BP,14,raw
S9_6724364,9,34.93391023,9.21512443048798,15.9716779914469,9314.78754215264,1361.80575576938,S9_6184858,9,32.79210864,7.10439773409442,S9_6930910,9,35.42306752,7.65751069457289,ma_te_fit_total_19_BP14,wet,BP,14,raw
S2_44586954,2,96.05450929,7.10689135619862,11.4190425674775,9078.71509706387,1533.93278376972,S2_43829684,2,92.81876812,4.93067697223264,S2_44908249,2,97.68940295,5.46459383316475,ma_te_fit_total_20_BP14,wet,BP,14,raw
S5_43714208,5,109.7001758,4.58084072958227,7.10631099872452,-7853.21557653649,1681.985324529,S5_42719546,5,103.4003774,2.82937422804794,S5_44003086,5,115.1315049,2.73198025453901,ma_te_fit_total_20_BP14,wet,BP,14,raw
S7_32133319,7,99.94477983,6.78694078771445,10.8563295618976,-12994.665104887,2251.75102977423,S7_31178325,7,89.28412826,3.77580904965676,S7_32940091,7,101.9471039,3.42614284153836,ma_te_fit_total_20_BP14,wet,BP,14,raw
S9_6724364,9,34.93391023,10.0081986353198,16.7506330269457,12163.302250277,1696.80788856766,S9_6184858,9,32.79210864,7.64154268567226,S9_6930910,9,35.42306752,8.45348338903037,ma_te_fit_total_20_BP14,wet,BP,14,raw
S2_44586954,2,96.05450929,7.77304075418961,12.1627638616952,11757.3353755246,1890.64583941526,S2_44209808,2,93.99718694,6.02070703450534,S2_44908249,2,97.68940295,6.07990935987129,ma_te_fit_total_21_BP14,wet,BP,14,raw
S5_43714208,5,109.7001758,4.85529850210417,7.29465983222316,-9984.15153748976,2073.12770769731,S5_42719546,5,103.4003774,2.9323868334075,S5_44003086,5,115.1315049,2.93516976945417,ma_te_fit_total_21_BP14,wet,BP,14,raw
S7_32133319,7,99.94477983,7.26502095843611,11.2872585505444,-16626.5080226725,2775.39130846348,S7_31178325,7,89.28412826,4.0344686727056,S7_32940091,7,101.9471039,3.67751574209773,ma_te_fit_total_21_BP14,wet,BP,14,raw
S9_6724364,9,34.93391023,10.6355475495493,17.3276015518403,15523.4533371257,2091.39722988608,S9_6184858,9,32.79210864,8.0610676754921,S9_6930910,9,35.42306752,9.10995298990643,ma_te_fit_total_21_BP14,wet,BP,14,raw
S2_44586954,2,96.05450929,9.08174133822661,12.9005814357164,14669.426844967,2168.95196312615,S2_44209808,2,93.99718694,6.84501274634516,S2_44908249,2,97.68940295,7.46444623500558,ma_te_fit_total_22_BP14,wet,BP,14,raw
S5_43714208,5,109.7001758,5.86000928003501,7.95698099208408,-12650.2927005448,2381.5946397347,S5_43575577,5,107.8767063,4.24099701627565,S5_44003086,5,115.1315049,3.96418843239543,ma_te_fit_total_22_BP14,wet,BP,14,raw
S7_17165775,7,34.01418423,3.22363288663174,4.22055515386185,-8360.66147307948,2161.21154697989,S7_756781,7,1.438924409,1.44002474700368,S7_19644932,7,51.8739576,1.64494157504661,ma_te_fit_total_22_BP14,wet,BP,14,raw
S7_32133319,7,99.94477983,7.86980277423651,10.990118810981,-19901.338042836,3188.03083382912,S7_31494503,7,93.27304403,6.35098505318539,S7_32940091,7,101.9471039,4.06550028660019,ma_te_fit_total_22_BP14,wet,BP,14,raw
S9_6724364,9,34.93391023,11.8030688754928,17.4259551265504,18860.4093440636,2399.35356095692,S9_6501061,9,33.93753996,10.1897908410262,S9_7142713,9,35.91474829,9.9896259586292,ma_te_fit_total_22_BP14,wet,BP,14,raw
S2_44586954,2,96.05450929,9.52490001919517,13.2952373399753,17568.6775500484,2528.55330674786,S2_44209808,2,93.99718694,7.24269149876817,S2_44908249,2,97.68940295,7.95541900740266,ma_te_fit_total_23_BP14,wet,BP,14,raw
S5_43714208,5,109.7001758,6.22462499385019,8.29556192755189,-15259.2401631147,2780.29636948687,S5_43575577,5,107.8767063,4.45058778621092,S5_44003086,5,115.1315049,4.316014048471,ma_te_fit_total_23_BP14,wet,BP,14,raw
S7_16511236,7,33.24039283,3.23227926975145,4.13298471525027,-9717.21061445391,2508.36542223467,S7_9428033,7,8.555063982,1.12008459187861,S7_19976887,7,53.27530926,1.55778861964998,ma_te_fit_total_23_BP14,wet,BP,14,raw
S7_32133319,7,99.94477983,8.06516371341675,11.0286291324012,-23540.966549087,3720.0143311917,S7_31494503,7,93.27304403,6.54914859970159,S7_32940091,7,101.9471039,4.39773274075312,ma_te_fit_total_23_BP14,wet,BP,14,raw
S9_6724364,9,34.93391023,12.3046199367768,17.8673336410483,22529.8089683683,2797.10471185716,S9_6501061,9,33.93753996,10.594459022674,S9_7142713,9,35.91474829,10.5033155481902,ma_te_fit_total_23_BP14,wet,BP,14,raw
S2_44586954,2,96.05450929,9.17159633804774,13.5989302772385,20328.2175036959,2979.90884016823,S2_44209808,2,93.99718694,7.1415637871249,S2_44908249,2,97.68940295,7.53260288975249,ma_te_fit_total_24_BP14,wet,BP,14,raw
S5_43714262,5,109.7001769,5.34726124677817,7.51550759675287,-16570.7420591095,3267.52449040071,S5_42719546,5,103.4003774,3.04996331260161,S5_44003086,5,115.1315049,3.34832755337492,ma_te_fit_total_24_BP14,wet,BP,14,raw
S7_32133319,7,99.94477983,8.42855666164467,12.3671238620148,-28457.4067287949,4374.3851559276,S7_31429416,7,92.5060333,6.79745292588063,S7_32940091,7,101.9471039,4.38924183759205,ma_te_fit_total_24_BP14,wet,BP,14,raw
S9_6724364,9,34.93391023,11.8959534837821,18.3335180455913,26109.3569455029,3296.31968281768,S9_6184858,9,32.79210864,8.910261779783,S9_7142713,9,35.91474829,9.90039237977647,ma_te_fit_total_24_BP14,wet,BP,14,raw
S2_44586954,2,96.05450929,10.0442573810941,13.5792127655293,22504.4907435148,3142.524014927,S2_44209808,2,93.99718694,7.95153002743623,S2_45043544,2,98.51301522,8.0585640430898,ma_te_fit_total_25_BP14,wet,BP,14,raw
S5_43714262,5,109.7001769,6.51651548259339,8.38389167369213,-19445.632836804,3455.7790247102,S5_42719546,5,103.4003774,4.21225886441704,S5_44003086,5,115.1315049,4.56140143733084,ma_te_fit_total_25_BP14,wet,BP,14,raw
S7_19532160,7,51.17962841,3.23547539870298,3.97780368219032,-12279.8612597137,3168.24311266069,S7_13950231,7,22.25953203,1.42239092147448,S7_21663918,7,60.36847472,1.28808113788892,ma_te_fit_total_25_BP14,wet,BP,14,raw
S7_32133319,7,99.94477983,7.64942093876343,9.99852452554869,-28742.6339453585,4677.40868681628,S7_31956171,7,96.48121012,5.1469644043577,S7_32940091,7,101.9471039,3.94594276452121,ma_te_fit_total_25_BP14,wet,BP,14,raw
S9_6724364,9,34.93391023,12.3650656001555,17.2780426388252,28164.4439090413,3486.58792803537,S9_6184858,9,32.79210864,9.69723685764497,S9_6930910,9,35.42306752,10.8633627104577,ma_te_fit_total_25_BP14,wet,BP,14,raw
S2_44752288,2,96.94547487,11.0558859051218,13.5835909572182,24392.2340741315,3233.21324873074,S2_44257418,2,94.71205672,9.33496267398367,S2_45043544,2,98.51301522,9.09702922419911,ma_te_fit_total_26_BP14,wet,BP,14,raw
S5_43714208,5,109.7001758,8.44247737133372,9.99636482784335,-23588.9516994594,3644.83321913129,S5_43329831,5,106.5862469,6.61711213022653,S5_43769059,5,111.9145952,6.31047399999793,ma_te_fit_total_26_BP14,wet,BP,14,raw
S6_31006529,6,59.39487638,3.4373759811809,3.79636786551145,13270.2151980696,3327.23817107697,S6_29065113,6,49.8232161,1.67999546603507,S6_33383362,6,78.16213009,1.67106473448712,ma_te_fit_total_26_BP14,wet,BP,14,raw
S7_19532160,7,51.17962841,4.83168749834302,5.43995103055087,-15607.2960019927,3269.04004278931,S7_16414980,7,32.98157305,3.00450160012226,S7_20791180,7,57.68635809,3.06227813663268,ma_te_fit_total_26_BP14,wet,BP,14,raw
S7_32133319,7,99.94477983,8.87188143010544,10.5684784217796,-32046.2756962999,4815.7219143268,S7_31956171,7,96.48121012,5.91732390134769,S7_32940091,7,101.9471039,4.09177004553155,ma_te_fit_total_26_BP14,wet,BP,14,raw
S9_6724364,9,34.93391023,13.2218129075114,16.755207001127,30051.8719204971,3586.63100732468,S9_6501061,9,33.93753996,11.6235587178235,S9_7142713,9,35.91474829,11.0417129084252,ma_te_fit_total_26_BP14,wet,BP,14,raw
S2_44752288,2,96.94547487,11.2027511162569,13.5579974732689,25787.8762574116,3392.18203826063,S2_44257418,2,94.71205672,9.44646519161122,S2_45043544,2,98.51301522,9.46008166107331,ma_te_fit_total_27_BP14,wet,BP,14,raw
S5_43714208,5,109.7001758,8.69199760037914,10.1521689312841,-25155.9389458249,3824.0403051814,S5_43575577,5,107.8767063,7.19063632178784,S5_43769059,5,111.9145952,6.47250819365947,ma_te_fit_total_27_BP14,wet,BP,14,raw
S6_31006529,6,59.39487638,3.5633331064263,3.87518876620711,14187.7580784447,3490.82992449485,S6_29065113,6,49.8232161,1.75474819334726,S6_33383362,6,78.16213009,1.77166651897079,ma_te_fit_total_27_BP14,wet,BP,14,raw
S7_19532160,7,51.17962841,5.10987218795879,5.67703852224084,-16871.9241559716,3429.77034374641,S7_17849585,7,42.46452593,3.55590758900047,S7_20312115,7,54.97788472,3.41519351794695,ma_te_fit_total_27_BP14,wet,BP,14,raw
S7_32133319,7,99.94477983,8.90147288855972,10.4275483275071,-33684.9540809526,5052.49858958435,S7_31956171,7,96.48121012,6.02779961670937,S7_32940091,7,101.9471039,4.16360105792215,ma_te_fit_total_27_BP14,wet,BP,14,raw
S9_6724364,9,34.93391023,13.6431449118137,17.0979577098687,32124.9360321906,3762.97644013788,S9_6501061,9,33.93753996,11.9927476367912,S9_7142713,9,35.91474829,11.4690408642164,ma_te_fit_total_27_BP14,wet,BP,14,raw
S2_44752288,2,96.94547487,11.1980441612968,13.4215843960228,26817.5347777802,3528.48458127523,S2_44257418,2,94.71205672,9.44364205773236,S2_45043544,2,98.51301522,9.68032703075247,ma_te_fit_total_28_BP14,wet,BP,14,raw
S5_43714262,5,109.7001769,8.86204930126739,10.276214041351,-26453.1162705199,3977.69550769424,S5_43575577,5,107.8767063,7.30172816903006,S5_43769059,5,111.9145952,6.58523249410902,ma_te_fit_total_28_BP14,wet,BP,14,raw
S6_31006529,6,59.39487638,3.61725296395181,3.8990380436195,14874.5979385571,3631.09627533977,S6_29065113,6,49.8232161,1.77765327807194,S6_33383362,6,78.16213009,1.83015454231708,ma_te_fit_total_28_BP14,wet,BP,14,raw
S7_19532160,7,51.17962841,5.32071609543938,5.87179896468874,-17934.4655354244,3567.58323662193,S7_18223567,7,43.92895216,3.53281154612126,S7_19976887,7,53.27530926,3.55469800547718,ma_te_fit_total_28_BP14,wet,BP,14,raw
S7_32133319,7,99.94477983,8.85396260310319,10.2656675022779,-34933.1385828271,5255.51493676109,S7_31956171,7,96.48121012,6.07588005425359,S7_32940091,7,101.9471039,4.18732942452612,ma_te_fit_total_28_BP14,wet,BP,14,raw
S9_6724364,9,34.93391023,13.9458615708635,17.3854630810561,33858.0888054062,3914.17801258108,S9_6501061,9,33.93753996,12.2823518555864,S9_7142713,9,35.91474829,11.773331296499,ma_te_fit_total_28_BP14,wet,BP,14,raw
S2_44752288,2,96.94547487,11.1071303777914,13.2401207482786,27658.3576072407,3656.34147700786,S2_44257418,2,94.71205672,9.38908085021923,S2_45156658,2,100.2097111,8.98443172975782,ma_te_fit_total_29_BP14,wet,BP,14,raw
S5_43714262,5,109.7001769,9.02567976902938,10.446490205307,-27695.4818933685,4121.82984867515,S5_43575577,5,107.8767063,7.43093846167805,S5_43769059,5,111.9145952,6.69488599845578,ma_te_fit_total_29_BP14,wet,BP,14,raw
S6_31006529,6,59.39487638,3.67075063580835,3.94315167081485,15532.8695789243,3762.6713714405,S6_30703582,6,56.23729456,2.17064891021035,S6_33383362,6,78.16213009,1.86323570628578,ma_te_fit_total_29_BP14,wet,BP,14,raw
S7_19532160,7,51.17962841,5.46907182189901,6.02280478903008,-18861.0427189231,3696.85689713978,S7_18223567,7,43.92895216,3.55410598518846,S7_19976887,7,53.27530926,3.61878801699763,ma_te_fit_total_29_BP14,wet,BP,14,raw
S7_32133319,7,99.94477983,8.70374109078255,10.0282918887666,-35852.6241601666,5445.95188208787,S7_31956171,7,96.48121012,6.03133873772371,S7_32940091,7,101.9471039,4.12542046509811,ma_te_fit_total_29_BP14,wet,BP,14,raw
S9_6724364,9,34.93391023,14.1407355175513,17.6044262428177,35378.8491291933,4056.01075649876,S9_6501061,9,33.93753996,12.4713553718733,S9_7142713,9,35.91474829,12.0064748393018,ma_te_fit_total_29_BP14,wet,BP,14,raw
S2_44752288,2,96.94547487,10.9333739161005,13.0076108482669,28405.631361882,3789.52765245025,S2_44257418,2,94.71205672,9.2811054281153,S2_45156658,2,100.2097111,9.00455040196935,ma_te_fit_total_30_BP14,wet,BP,14,raw
S5_43714262,5,109.7001769,9.15481798925973,10.6207970721784,-28935.2704004195,4271.97193929262,S5_43575577,5,107.8767063,7.54608037846742,S5_43769059,5,111.9145952,6.78860186571955,ma_te_fit_total_30_BP14,wet,BP,14,raw
S6_31006529,6,59.39487638,3.68923190470611,3.96607761522698,16141.2001715387,3899.73072778346,S6_30703582,6,56.23729456,2.1429724199399,S6_33383362,6,78.16213009,1.87051588107697,ma_te_fit_total_30_BP14,wet,BP,14,raw
S7_19532160,7,51.17962841,5.56644455878573,6.14152504423659,-19734.6615681765,3831.51889038742,S7_18223567,7,43.92895216,3.57976164592701,S7_19806344,7,52.34268693,3.74225942198801,ma_te_fit_total_30_BP14,wet,BP,14,raw
S7_32133319,7,99.94477983,8.50397940117407,9.77571795771268,-36678.1195007494,5644.3265435848,S7_31956171,7,96.48121012,5.93896624025111,S7_32940091,7,101.9471039,4.02754414356008,ma_te_fit_total_30_BP14,wet,BP,14,raw
S9_6724364,9,34.93391023,14.2408866509391,17.7639612261523,36823.7434471419,4203.75531580982,S9_6501061,9,33.93753996,12.5887575467546,S9_7142713,9,35.91474829,12.1591907363542,ma_te_fit_total_30_BP14,wet,BP,14,raw
S2_44752288,2,96.94547487,12.3536553452827,13.3061337771953,29241.5194363048,3634.22323251317,S2_44316069,2,95.42815792,10.7834358275437,S2_45156658,2,100.2097111,9.73408759265908,ma_te_fit_total_31_BP14,wet,BP,14,raw
S3_7345986,3,47.38986671,3.76225325475181,3.57271816482063,15296.9663495702,3668.96475528123,S3_6422015,3,45.16807388,1.24790360408605,S3_12575474,3,56.22627443,2.11009725642454,ma_te_fit_total_31_BP14,wet,BP,14,raw
S5_43714208,5,109.7001758,10.3208512186085,10.7853963214203,-29451.9495708424,4065.68382158621,S5_42719546,5,103.4003774,8.61038681791685,S5_43769059,5,111.9145952,7.20313646482343,ma_te_fit_total_31_BP14,wet,BP,14,raw
S6_31738921,6,62.88206621,4.99391613033475,4.82729593044323,18095.5242987161,3733.84956728089,S6_30877621,6,56.47248985,2.56798781641218,S6_33134238,6,74.06870704,3.15835524505784,ma_te_fit_total_31_BP14,wet,BP,14,raw
S7_19532160,7,51.17962841,6.64581161166849,6.57995056165857,-20887.8016670227,3691.63731723456,S7_19153030,7,49.2934369,4.35653340208489,S7_19644932,7,51.8739576,4.91921193951116,ma_te_fit_total_31_BP14,wet,BP,14,raw
S7_32133319,7,99.94477983,11.3399152068231,12.0309704685156,-41349.3410895879,5404.50434792901,S7_31956171,7,96.48121012,7.26749860952329,S7_32940091,7,101.9471039,6.58570608349553,ma_te_fit_total_31_BP14,wet,BP,14,raw
S9_6724364,9,34.93391023,13.4371234716401,14.7099935372823,35152.2878122275,4155.13331123651,S9_6184858,9,32.79210864,11.542257637908,S9_7142713,9,35.91474829,11.7486328417519,ma_te_fit_total_31_BP14,wet,BP,14,raw
S2_44752288,2,96.94547487,12.0773221805347,12.9817844029147,30634.2034429586,3858.57529436787,S2_44316069,2,95.42815792,10.5637986999296,S2_45156658,2,100.2097111,9.71419083403317,ma_te_fit_total_32_BP14,wet,BP,14,raw
S3_7345986,3,47.38986671,3.88752100297838,3.70600314498378,16524.3439961431,3895.46152090516,S3_6422015,3,45.16807388,1.29495664587837,S3_12575474,3,56.22627443,2.23469377988697,ma_te_fit_total_32_BP14,wet,BP,14,raw
S5_43714208,5,109.7001758,10.5037591552261,11.0291582922339,-31588.7602882554,4316.67130635648,S5_42719546,5,103.4003774,8.98560067239254,S5_43769059,5,111.9145952,7.32436671984708,ma_te_fit_total_32_BP14,wet,BP,14,raw
S6_31738921,6,62.88206621,5.08790113137157,4.93505015258057,19405.7484602025,3964.35187698504,S6_30877621,6,56.47248985,2.48407020086701,S6_33134238,6,74.06870704,3.21571153981805,ma_te_fit_total_32_BP14,wet,BP,14,raw
S7_19532160,7,51.17962841,6.76460609513062,6.7230890784676,-22393.9784483843,3919.53373161321,S7_19153030,7,49.2934369,4.43277178989588,S7_19644932,7,51.8739576,4.96536764749733,ma_te_fit_total_32_BP14,wet,BP,14,raw
S7_32133319,7,99.94477983,11.0156871627707,11.6549052737935,-43165.6256794882,5738.14144619887,S7_31956171,7,96.48121012,7.04975460941721,S7_32940091,7,101.9471039,6.38455398761865,ma_te_fit_total_32_BP14,wet,BP,14,raw
S9_6724364,9,34.93391023,13.4074973621255,14.701465540543,37272.8904513996,4411.64279511112,S9_6184858,9,32.79210864,11.5975693433104,S9_7142713,9,35.91474829,11.8168466396118,ma_te_fit_total_32_BP14,wet,BP,14,raw
S2_44586954,2,96.05450929,11.501819998772,10.3701414373026,30857.9378034935,4006.43798617841,S2_44257418,2,94.71205672,9.87977655210372,S2_44908249,2,97.68940295,9.54371837461201,ma_te_fit_total_33_BP14,wet,BP,14,raw
S3_7095091,3,46.70151328,5.16785784842109,4.17851250660509,-115122.958721373,23546.9659002382,S3_6422015,3,45.16807388,1.70361703999647,S3_7261171,3,47.15534623,0,ma_te_fit_total_33_BP14,wet,BP,14,raw
S3_7261171,3,47.15534623,6.63706116167572,5.50200079402659,132016.299595313,23531.5804356276,S3_7095091,3,46.70151328,0,S3_7345986,3,47.38986671,4.91573132879883,ma_te_fit_total_33_BP14,wet,BP,14,raw
S5_5738550,5,39.12975592,6.17788869170075,5.08147715323018,24894.2961819508,4617.30676335127,S5_5107998,5,37.40304223,3.58249447350725,S5_7332670,5,43.68119887,4.39472055278891,ma_te_fit_total_33_BP14,wet,BP,14,raw
S5_33184214,5,79.95790853,6.55786405721173,5.42901573190473,-25147.1785319644,4512.45184570598,S5_30043124,5,71.92483855,3.90084924815694,S5_33682130,5,82.14795514,3.67175855974871,ma_te_fit_total_33_BP14,wet,BP,14,raw
S5_43706919,5,109.5147878,10.5562041257345,9.36189971181317,-34856.9429681022,4763.11611660784,S5_43575577,5,107.8767063,8.63544232613805,S5_44003086,5,115.1315049,8.02220209750349,ma_te_fit_total_33_BP14,wet,BP,14,raw
S6_31888552,6,65.16886519,8.06731046784714,6.85332051057642,26720.3792828106,4267.52390290264,S6_31753064,6,63.71185205,6.00009804795911,S6_32411928,6,68.72506699,5.50976597263464,ma_te_fit_total_33_BP14,wet,BP,14,raw
S7_17158322,7,34.01418318,5.91351964571776,4.84222587625329,-20940.0629395373,3978.68288746872,S7_12773905,7,19.91262658,3.64018241834001,S7_17322899,7,39.20278448,3.98252532603184,ma_te_fit_total_33_BP14,wet,BP,14,raw
S7_32133319,7,99.94477983,15.8635287158603,15.4490565907564,-52838.8694360896,5620.6481572377,S7_31956171,7,96.48121012,9.17712941612685,S7_32940091,7,101.9471039,9.40546127249064,ma_te_fit_total_33_BP14,wet,BP,14,raw
S9_6724364,9,34.93391023,20.0648746674618,21.0807699329424,48744.6542808017,4438.82093485477,S9_6184858,9,32.79210864,15.3224733685252,S9_7142713,9,35.91474829,17.9645901807414,ma_te_fit_total_33_BP14,wet,BP,14,raw
S9_6487121,9,33.93753891,3.83192849987838,9.85980603925827,-4201.09843204354,980.016244804576,S9_5686516,9,31.99307473,2.29939079545248,S9_10073675,9,45.61491815,1.84352908556392,ma_te_fit_total_18_BP14,diff,BP,14,comp_diff
S9_6487121,9,33.93753891,3.95773059708207,10.166470416362,0.0464629940997968,0.010655815267712,S9_5686516,9,31.99307473,2.35235222307281,S9_10073675,9,45.61491815,1.90561421910105,ma_te_fit_total_18_BP14,diff,BP,14,comp_rel_diff
S2_47519230,2,119.0593575,8.97885091531435,0.0964138543278494,-0.742250326590795,0.110117480373228,210,2,118.8246144,3.79876375385695,212,2,119.2929225,0,ma_te_fit_total_18_BP14,diff,BP,14,comp_ratio
S2_47612492,2,119.2929225,8.53659175220463,0.0910959154497846,0.720476807663136,0.109962889626218,S2_47519230,2,119.0593575,0,S2_47747001,2,119.7658657,2.64052570536629,ma_te_fit_total_18_BP14,diff,BP,14,comp_ratio
S9_5041932,9,31.06780702,207.841676389309,97.2457080576974,23.5283024016065,0.109908419507825,S9_4775142,9,30.60506955,14.0469676464037,S9_5633611,9,31.52841363,9.76996261670138e-15,ma_te_fit_total_18_BP14,diff,BP,14,comp_ratio
S9_5633611,9,31.52841363,208.393975176705,98.7168515607979,-23.5318769204635,0.109102954429035,S9_5497941,9,31.29811037,41.5374557795448,S9_5686516,9,31.99307473,25.9283157966514,ma_te_fit_total_18_BP14,diff,BP,14,comp_ratio
S2_44586954,2,96.05450929,4.58370290177531,7.94532905958586,-4474.8659079081,961.015805578592,S2_42025292,2,84.60658262,2.35339321884091,S2_45043544,2,98.51301522,2.5230514378153,ma_te_fit_total_19_BP14,diff,BP,14,comp_diff
S5_43714262,5,109.7001769,4.46106636583845,7.71965683606198,4834.19075723957,1053.24943522508,S5_36886697,5,89.87760443,2.62512829417004,S5_44003086,5,115.1315049,2.60315175222975,ma_te_fit_total_19_BP14,diff,BP,14,comp_diff
S7_14776325,7,25.13741186,3.52003707396547,6.01272539936242,3909.88033758944,965.237596652853,S7_13950231,7,22.25953203,1.8635847231731,S7_17697912,7,42.22766767,1.45580072381006,ma_te_fit_total_19_BP14,diff,BP,14,comp_diff
S7_32133319,7,99.94477983,3.92436533018029,6.74080753375724,6045.33443192627,1409.51861710018,S7_31178325,7,89.28412826,2.26548737491535,S7_32940091,7,101.9471039,2.08380818425891,ma_te_fit_total_19_BP14,diff,BP,14,comp_diff
S9_6724364,9,34.93391023,5.59666372447675,9.83830150514858,-5513.54025071478,1064.08650211412,S9_5686516,9,31.99307473,3.83099597597012,S9_8279734,9,37.58932098,3.44911720346418,ma_te_fit_total_19_BP14,diff,BP,14,comp_diff
S2_44586954,2,96.05450929,4.56605384832602,7.96046517393578,0.0385021149949101,0.0082856348136462,S2_42025292,2,84.60658262,2.38011099999672,S2_45043544,2,98.51301522,2.46069630332658,ma_te_fit_total_19_BP14,diff,BP,14,comp_rel_diff
S5_43714262,5,109.7001769,4.63912841816818,8.09603902404999,-0.0425551733858311,0.00908084980215282,S5_38161186,5,91.85580311,2.92647763415738,S5_44003086,5,115.1315049,2.77992185907761,ma_te_fit_total_19_BP14,diff,BP,14,comp_rel_diff
S7_14776325,7,25.13741186,3.39782508119913,5.82911982445417,-0.0330918124320972,0.00832203402674736,S7_13950231,7,22.25953203,1.76539229331145,S7_17697912,7,42.22766767,1.44113861559803,ma_te_fit_total_19_BP14,diff,BP,14,comp_rel_diff
S7_32133319,7,99.94477983,3.67472537233044,6.3282216158478,-0.0503496538746962,0.0121525124316726,S7_30982237,7,88.83862293,1.9108369060643,S7_32940091,7,101.9471039,1.9229873351532,ma_te_fit_total_19_BP14,diff,BP,14,comp_rel_diff
S9_6724364,9,34.93391023,5.54032367520877,9.79026084922057,0.0472779784983043,0.00917428424742667,S9_5686516,9,31.99307473,3.74669810496848,S9_8279734,9,37.58932098,3.40262909580471,ma_te_fit_total_19_BP14,diff,BP,14,comp_rel_diff
S1_1402842,1,7.807458501,22.0655857155513,43.5439336034064,2.32585885663799,0.200199664999557,S1_1327456,1,7.43171635,11.0256146235742,S1_1482761,1,8.184488012,4.44089209850063e-16,ma_te_fit_total_19_BP14,diff,BP,14,comp_ratio
S1_1482761,1,8.184488012,21.7894817674645,42.8228046035768,-2.29412628003345,0.199123990008291,S1_1402842,1,7.807458501,-4.44089209850063e-16,S1_1532597,1,8.426168437,8.41004294494019,ma_te_fit_total_19_BP14,diff,BP,14,comp_ratio
S4_536469,4,1.188390602,18.6401383057715,34.9678918418433,2.28274635239042,0.219263706905243,S4_521063,4,0.466714134,0.526068320439453,S4_556271,4,1.65846087,-1.77635683940025e-15,ma_te_fit_total_19_BP14,diff,BP,14,comp_ratio
S4_556271,4,1.65846087,19.2534269418338,36.4454397914892,-2.31393426826526,0.217707424389248,S4_536469,4,1.188390602,0,S4_643470,4,3.103422719,0.0112296962885692,ma_te_fit_total_19_BP14,diff,BP,14,comp_ratio
S2_44586954,2,96.05450929,6.11857549635627,10.1588145387074,-6494.46534705572,1194.41052019287,S2_43100924,2,89.4251276,4.46651437570447,S2_44908249,2,97.68940295,4.40798277432416,ma_te_fit_total_20_BP14,diff,BP,14,comp_diff
S5_43714208,5,109.7001758,5.27546099659932,8.65697402162931,6592.10207941525,1313.32617117742,S5_42366438,5,102.9057427,3.56316145370785,S5_44003086,5,115.1315049,3.02072124245666,ma_te_fit_total_20_BP14,diff,BP,14,comp_diff
S7_16511236,7,33.24039283,3.69120246869258,5.9260568010497,4920.66143403879,1184.87438679254,S7_13950231,7,22.25953203,1.88969270754915,S7_17697912,7,42.22766767,1.85517829035993,ma_te_fit_total_20_BP14,diff,BP,14,comp_diff
S7_32133319,7,99.94477983,4.37590694259402,7.09197223363606,7983.2163741698,1757.21992515884,S7_31178325,7,89.28412826,2.42583075247342,S7_32940091,7,101.9471039,2.22557949587546,ma_te_fit_total_20_BP14,diff,BP,14,comp_diff
S9_6724364,9,34.93391023,7.11033320833209,11.9699037033517,-7798.36982822795,1321.26591320322,S9_6184858,9,32.79210864,4.81487071779694,S9_8182398,9,37.12013546,5.29437982539315,ma_te_fit_total_20_BP14,diff,BP,14,comp_diff
S2_44586954,2,96.05450929,6.12286806322519,10.1881502843955,0.0446355341960159,0.00820588997900108,S2_43100924,2,89.4251276,4.43261918914639,S2_44908249,2,97.68940295,4.39259511043775,ma_te_fit_total_20_BP14,diff,BP,14,comp_rel_diff
S5_43714208,5,109.7001758,5.33453482885533,8.77970352242913,-0.0455608659187561,0.00902286934435605,S5_42719546,5,103.4003774,3.37347446301779,S5_44003086,5,115.1315049,3.11627057066793,ma_te_fit_total_20_BP14,diff,BP,14,comp_rel_diff
S7_16511236,7,33.24039283,3.70436174658204,5.96089974168344,-0.0338694126795407,0.00814037442954364,S7_13950231,7,22.25953203,1.83548250106033,S7_17697912,7,42.22766767,1.86890554518416,ma_te_fit_total_20_BP14,diff,BP,14,comp_rel_diff
S7_32133319,7,99.94477983,4.24193971034027,6.87672813747822,-0.0539506265072035,0.0120725271010117,S7_31178325,7,89.28412826,2.30212229596146,S7_32940091,7,101.9471039,2.14275961922131,ma_te_fit_total_20_BP14,diff,BP,14,comp_rel_diff
S9_6724364,9,34.93391023,7.07747204893785,11.9344157413979,0.0534404686183262,0.00907741729786445,S9_6184858,9,32.79210864,4.76553653931578,S9_8182398,9,37.12013546,5.27040317825517,ma_te_fit_total_20_BP14,diff,BP,14,comp_rel_diff
S9_5041932,9,31.06780702,7.10426056095808,17.1387567185206,0.539834700953797,0.0906806990562692,S9_4775142,9,30.60506955,3.08424637564082,S9_5633611,9,31.52841363,3.33066907387547e-16,ma_te_fit_total_20_BP14,diff,BP,14,comp_ratio
S9_5633611,9,31.52841363,7.70648661567724,18.748983592168,-0.560221058810829,0.08997343144661,S9_5497941,9,31.29811037,6.07679526899664,S9_6184858,9,32.79210864,3.08549365450012,ma_te_fit_total_20_BP14,diff,BP,14,comp_ratio
S2_44586954,2,96.05450929,7.06247769871122,11.293551125354,-8669.37354340272,1474.29979024321,S2_43481897,2,90.13407682,5.50632239364532,S2_44908249,2,97.68940295,5.23565067018646,ma_te_fit_total_21_BP14,diff,BP,14,comp_diff
S5_43714208,5,109.7001758,5.68193499149657,8.91282413085885,8468.35590862861,1621.08124966542,S5_43240044,5,106.0943485,3.72854847954736,S5_44003086,5,115.1315049,3.30527340199124,ma_te_fit_total_21_BP14,diff,BP,14,comp_diff
S7_16511236,7,33.24039283,3.84705976098451,5.88332059716171,6207.29526287417,1462.5290303293,S7_13950231,7,22.25953203,1.86626497377095,S7_17697912,7,42.22766767,2.1839040704264,ma_te_fit_total_21_BP14,diff,BP,14,comp_diff
S7_32133319,7,99.94477983,4.99146617865288,7.75510710795635,10569.1206204324,2168.99376158754,S7_31178325,7,89.28412826,2.70019979266673,S7_32940091,7,101.9471039,2.55217651808151,ma_te_fit_total_21_BP14,diff,BP,14,comp_diff
S9_6724364,9,34.93391023,7.90064857166074,12.783006829426,-10202.9457265659,1630.88153173371,S9_6184858,9,32.79210864,5.30569737829036,S9_7478538,9,36.4077051,5.90464052319966,ma_te_fit_total_21_BP14,diff,BP,14,comp_diff
S2_44586954,2,96.05450929,7.06570606288156,11.263868422823,0.047522378052543,0.00807955080432018,S2_43481897,2,90.13407682,5.49994934119831,S2_44908249,2,97.68940295,5.2311380362466,ma_te_fit_total_21_BP14,diff,BP,14,comp_rel_diff
S5_43714208,5,109.7001758,5.68127787185859,8.88382749320185,-0.0464059232843986,0.0088839518266783,S5_43240044,5,106.0943485,3.71954771439232,S5_44003086,5,115.1315049,3.3438522104,ma_te_fit_total_21_BP14,diff,BP,14,comp_rel_diff
S7_16511236,7,33.24039283,3.93125427420513,6.00022653516077,-0.0344077992560853,0.00801504394258197,S7_13950231,7,22.25953203,1.83730313539355,S7_17697912,7,42.22766767,2.24027701285951,ma_te_fit_total_21_BP14,diff,BP,14,comp_rel_diff
S7_32133319,7,99.94477983,5.00588727098643,7.75472587666788,-0.058010967008703,0.0118866565721407,S7_31178325,7,89.28412826,2.61790447227517,S7_32940091,7,101.9471039,2.56079777100151,ma_te_fit_total_21_BP14,diff,BP,14,comp_rel_diff
S9_6724364,9,34.93391023,7.97845072800009,12.8825509848035,0.0562201404906817,0.00893765995130227,S9_6184858,9,32.79210864,5.34726150643807,S9_7478538,9,36.4077051,5.96643667434865,ma_te_fit_total_21_BP14,diff,BP,14,comp_rel_diff
S3_19489073,3,69.19885477,3.52673832621783,8.42814342793513,-0.05088435858439,0.0124361437544845,S3_7542702,3,48.09912317,1.83009895928065,S3_20423554,3,71.83639809,2.01976714152267,ma_te_fit_total_21_BP14,diff,BP,14,comp_ratio
S7_32133319,7,99.94477983,3.20277595118018,7.61992386915795,0.0709964686213656,0.0182485692179038,S7_19153030,7,49.2934369,1.1307545177889,S7_33411071,7,104.8359143,1.59997204866042,ma_te_fit_total_21_BP14,diff,BP,14,comp_ratio
S2_44586954,2,96.05450929,7.75489173206823,12.1077669744863,-10923.2098279362,1764.14571136661,S2_43481897,2,90.13407682,5.91826039481772,S2_44908249,2,97.68940295,5.86778532473885,ma_te_fit_total_22_BP14,diff,BP,14,comp_diff
S5_43714208,5,109.7001758,5.90768072108312,8.98885648799798,10348.7870734813,1939.78426457098,S5_43240044,5,106.0943485,3.852444053748,S5_44003086,5,115.1315049,3.44247548044271,ma_te_fit_total_22_BP14,diff,BP,14,comp_diff
S7_16511236,7,33.24039283,3.92552090528617,5.81120531698723,7507.06283176274,1750.060831372,S7_13950231,7,22.25953203,1.80391077465903,S7_18647587,7,45.61589714,2.32530403285186,ma_te_fit_total_22_BP14,diff,BP,14,comp_diff
S7_32133319,7,99.94477983,5.52711299499161,8.36545133182609,13357.8153853322,2595.41584948225,S7_31429416,7,92.5060333,3.88437051957627,S7_32940091,7,101.9471039,2.84937284669527,ma_te_fit_total_22_BP14,diff,BP,14,comp_diff
S9_6724364,9,34.93391023,8.3388093139065,13.1265880690614,-12581.4526831117,1951.51127267027,S9_6184858,9,32.79210864,5.55273252407816,S9_7478538,9,36.4077051,6.24742042754058,ma_te_fit_total_22_BP14,diff,BP,14,comp_diff
S2_44586954,2,96.05450929,7.74327569963207,12.0082165643945,0.0491697361844833,0.00794772666290917,S2_43481897,2,90.13407682,5.90226797883562,S2_44908249,2,97.68940295,5.85018073551923,ma_te_fit_total_22_BP14,diff,BP,14,comp_rel_diff
S5_43714208,5,109.7001758,5.92113722189006,8.95179272707386,-0.0466801894541869,0.00873900325834176,S5_43240044,5,106.0943485,3.84844721051638,S5_44003086,5,115.1315049,3.45125139331589,ma_te_fit_total_22_BP14,diff,BP,14,comp_rel_diff
S7_16511236,7,33.24039283,4.04746616811128,5.96236526828565,-0.0343705595973833,0.00788427228068,S7_14596913,7,23.66485032,2.49796046642423,S7_18647587,7,45.61589714,2.40731761518246,ma_te_fit_total_22_BP14,diff,BP,14,comp_rel_diff
S7_32133319,7,99.94477983,5.62405095722674,8.46761386165542,-0.0607451549286316,0.0116927165456689,S7_31429416,7,92.5060333,3.96924122325605,S7_32940091,7,101.9471039,2.90801973947131,ma_te_fit_total_22_BP14,diff,BP,14,comp_rel_diff
S9_6724364,9,34.93391023,8.49056593058095,13.3059907103888,0.0572557148451348,0.00879183509323294,S9_6184858,9,32.79210864,5.65056609190184,S9_7478538,9,36.4077051,6.36660532561734,ma_te_fit_total_22_BP14,diff,BP,14,comp_rel_diff
S2_44586954,2,96.05450929,8.30264993655379,12.8039458705374,-13222.8487755448,2055.98199744169,S2_44257418,2,94.71205672,6.80196275154153,S2_44908249,2,97.68940295,6.43689675409446,ma_te_fit_total_23_BP14,diff,BP,14,comp_diff
S5_43714208,5,109.7001758,6.08714321861961,9.10091711467186,12257.8605036375,2260.67580539543,S5_43240044,5,106.0943485,3.96986372385212,S5_44003086,5,115.1315049,3.57971292816128,ma_te_fit_total_23_BP14,diff,BP,14,comp_diff
S7_16511236,7,33.24039283,3.9198191519258,5.68723005952175,8742.22955910749,2039.56710635959,S7_14596913,7,23.66485032,2.36589305566369,S7_19580554,7,51.64603332,2.38320635321083,ma_te_fit_total_23_BP14,diff,BP,14,comp_diff
S7_32133319,7,99.94477983,5.81430718185492,8.66007381336198,15998.7632734613,3024.76616757279,S7_31429416,7,92.5060333,4.11090219968012,S7_32940091,7,101.9471039,2.99912196075682,ma_te_fit_total_23_BP14,diff,BP,14,comp_diff
S9_6724364,9,34.93391023,8.54863820525618,13.2289698343063,-14868.006437483,2274.34277030692,S9_6184858,9,32.79210864,5.63147545374296,S9_7478538,9,36.4077051,6.43987114354788,ma_te_fit_total_23_BP14,diff,BP,14,comp_diff
S2_44586954,2,96.05450929,8.29988121550475,12.6839292877647,0.0506015349551783,0.00786934962405575,S2_44257418,2,94.71205672,6.78287588513835,S2_44908249,2,97.68940295,6.42421112994116,ma_te_fit_total_23_BP14,diff,BP,14,comp_rel_diff
S5_43714208,5,109.7001758,6.11186908061593,9.05872052499655,-0.0470207112695377,0.00865282299233994,S5_43240044,5,106.0943485,3.96928716637167,S5_44003086,5,115.1315049,3.59557391494927,ma_te_fit_total_23_BP14,diff,BP,14,comp_rel_diff
S7_16511236,7,33.24039283,4.07969100423438,5.87883360875126,-0.0341744127673946,0.00780652100146733,S7_14686597,7,24.41187922,2.49685453201054,S7_19580554,7,51.64603332,2.33882697825721,ma_te_fit_total_23_BP14,diff,BP,14,comp_rel_diff
S7_32133319,7,99.94477983,5.9488451368112,8.79711804985053,-0.0619982589916989,0.0115774080382338,S7_31429416,7,92.5060333,4.22781329754884,S7_32940091,7,101.9471039,3.07960457867402,ma_te_fit_total_23_BP14,diff,BP,14,comp_rel_diff
S9_6724364,9,34.93391023,8.75406881132699,13.4637595498838,0.0576708788084315,0.00870513382255248,S9_6184858,9,32.79210864,5.76241495048774,S9_7478538,9,36.4077051,6.60134486196872,ma_te_fit_total_23_BP14,diff,BP,14,comp_rel_diff
S7_19036596,7,49.05801824,6.30191239147639,14.8812441996828,-0.379907943954278,0.0681376140777534,S7_19017756,7,48.58182999,2.61070613969572,S7_19236553,7,49.76776198,4.44089209850063e-16,ma_te_fit_total_23_BP14,diff,BP,14,comp_ratio
S7_19236553,7,49.76776198,7.24275600467251,17.3290293042472,0.4101192744158,0.0681633978580826,S7_19153030,7,49.2934369,1.35657640316384,S7_19338119,7,50.48837552,5.02244358899383,ma_te_fit_total_23_BP14,diff,BP,14,comp_ratio
S2_44586954,2,96.05450929,8.73257388977001,13.3503974250587,-15372.4818596319,2323.60567678227,S2_44257418,2,94.71205672,7.13064187017023,S2_44908249,2,97.68940295,6.8980803748992,ma_te_fit_total_24_BP14,diff,BP,14,comp_diff
S5_43714208,5,109.7001758,6.12940076512324,9.03532490857766,13905.5367766617,2554.94412952909,S5_43240044,5,106.0943485,4.00897185413747,S5_44003086,5,115.1315049,3.6166620430302,ma_te_fit_total_24_BP14,diff,BP,14,comp_diff
S7_16511236,7,33.24039283,3.8110996283015,5.4404280828368,9734.91402858548,2305.05408725007,S7_14596913,7,23.66485032,2.14045910597293,S7_19644932,7,51.8739576,2.23517995246849,ma_te_fit_total_24_BP14,diff,BP,14,comp_diff
S7_32133319,7,99.94477983,6.17306144878319,9.10521726234389,18677.31948927,3418.49483441813,S7_31429416,7,92.5060333,4.39581710496643,S7_32940091,7,101.9471039,3.25540883003969,ma_te_fit_total_24_BP14,diff,BP,14,comp_diff
S9_6724364,9,34.93391023,8.69755669412258,13.2903100484371,-16966.8437125094,2570.39010001533,S9_6184858,9,32.79210864,5.71561457033434,S9_7478538,9,36.4077051,6.5818957856498,ma_te_fit_total_24_BP14,diff,BP,14,comp_diff
S2_44586954,2,96.05450929,8.7440197483371,13.2167203620349,0.0513657293631526,0.00775840554687044,S2_44257418,2,94.71205672,7.11897557379748,S2_44908249,2,97.68940295,6.89524893089101,ma_te_fit_total_24_BP14,diff,BP,14,comp_rel_diff
S5_43714208,5,109.7001758,6.16675590900537,8.99081396291274,-0.0465832830461571,0.00853083330986371,S5_43240044,5,106.0943485,4.01331546528147,S5_44003086,5,115.1315049,3.64023606767173,ma_te_fit_total_24_BP14,diff,BP,14,comp_rel_diff
S7_16511236,7,33.24039283,4.00347185188684,5.66450252837967,-0.0333588589943385,0.00769646269806092,S7_14686597,7,24.41187922,2.29398318954657,S7_19644932,7,51.8739576,2.18913795852973,ma_te_fit_total_24_BP14,diff,BP,14,comp_rel_diff
S7_32133319,7,99.94477983,6.34876780816147,9.27967122955675,-0.0633213845923228,0.0114141868176296,S7_31429416,7,92.5060333,4.54744786968443,S7_32940091,7,101.9471039,3.3611894002223,ma_te_fit_total_24_BP14,diff,BP,14,comp_rel_diff
S9_6724364,9,34.93391023,8.9559211674723,13.5774768160731,0.0575914157152726,0.00858240664878892,S9_6184858,9,32.79210864,5.87969009186279,S9_7478538,9,36.4077051,6.78507801732569,ma_te_fit_total_24_BP14,diff,BP,14,comp_rel_diff
S2_46701398,2,113.0877388,8.31681158818077,18.6150824052522,-0.412496419556604,0.0636896787901223,S2_46536006,2,112.8190907,3.31660494408926,S2_46820675,2,113.8524469,0,ma_te_fit_total_24_BP14,diff,BP,14,comp_ratio
S2_46820675,2,113.8524469,7.47825418854554,16.5424520734494,0.389009502895466,0.0637149908290062,S2_46701398,2,113.0877388,0,S2_46901860,2,114.5694173,3.89097363184151,ma_te_fit_total_24_BP14,diff,BP,14,comp_ratio
S7_32133319,7,99.94477983,3.38942158057236,7.08408021739808,0.0578557853061367,0.0144805952474527,S7_16359609,7,32.72868696,1.75897908387397,S7_32940091,7,101.9471039,1.86917426315709,ma_te_fit_total_24_BP14,diff,BP,14,comp_ratio
S2_44586954,2,96.05450929,8.9789550940181,13.7007795307871,-17100.5653969166,2544.68217573192,S2_44257418,2,94.71205672,7.31807830721146,S2_44908249,2,97.68940295,7.25469415172599,ma_te_fit_total_25_BP14,diff,BP,14,comp_diff
S5_43714208,5,109.7001758,6.06343059627395,8.88189820218034,15139.4363084845,2798.03103055201,S5_43240044,5,106.0943485,4.01558041564212,S5_44003086,5,115.1315049,3.57694923729709,ma_te_fit_total_25_BP14,diff,BP,14,comp_diff
S7_16511236,7,33.24039283,3.66928706600488,5.1996791550013,10450.6859140052,2524.36551887152,S7_14686597,7,24.41187922,2.10737380617611,S7_21663918,7,60.36847472,1.73621436254663,ma_te_fit_total_25_BP14,diff,BP,14,comp_diff
S7_32133319,7,99.94477983,6.37965408247856,9.38635283033745,20823.7416746872,3743.74316601852,S7_31429416,7,92.5060333,4.60147535605336,S7_32940091,7,101.9471039,3.44994469619897,ma_te_fit_total_25_BP14,diff,BP,14,comp_diff
S9_6724364,9,34.93391023,8.75599860625512,13.3186803764915,-18651.1253211339,2814.94658820276,S9_6184858,9,32.79210864,5.72898310168916,S9_7478538,9,36.4077051,6.64289329761004,ma_te_fit_total_25_BP14,diff,BP,14,comp_diff
S2_44586954,2,96.05450929,9.00681929006419,13.5625994868375,0.0513550183188714,0.00762865305501046,S2_44257418,2,94.71205672,7.31660797862193,S2_44908249,2,97.68940295,7.26529205954896,ma_te_fit_total_25_BP14,diff,BP,14,comp_rel_diff
S5_43714208,5,109.7001758,6.11236456984477,8.83840379798624,-0.0455845128933271,0.00838816264474961,S5_43240044,5,106.0943485,4.02585143839558,S5_44003086,5,115.1315049,3.60735663316838,ma_te_fit_total_25_BP14,diff,BP,14,comp_rel_diff
S7_16511236,7,33.24039283,3.88422806043254,5.44586593857614,-0.0322822342544363,0.00756774614572967,S7_14686597,7,24.41187922,2.08086013395896,S7_19644932,7,51.8739576,2.38292305959419,ma_te_fit_total_25_BP14,diff,BP,14,comp_rel_diff
S7_32133319,7,99.94477983,6.58967180984512,9.59216261842227,-0.0635392648317974,0.0112232946074718,S7_31429416,7,92.5060333,4.78284302056586,S7_32940091,7,101.9471039,3.57793566777593,ma_te_fit_total_25_BP14,diff,BP,14,comp_rel_diff
S9_6724364,9,34.93391023,9.05742294129572,13.6485316284037,0.0569889947389015,0.00843887346505567,S9_6184858,9,32.79210864,5.9194780247976,S9_7478538,9,36.4077051,6.87979224778296,ma_te_fit_total_25_BP14,diff,BP,14,comp_rel_diff
S3_7095091,3,46.70151328,8.14312201885305,17.7448765478766,0.390665733605576,0.0610333169638751,S3_6422015,3,45.16807388,1.26750003768914,S3_7261171,3,47.15534623,0,ma_te_fit_total_25_BP14,diff,BP,14,comp_ratio
S3_7261171,3,47.15534623,9.12502871123022,20.1612358930493,-0.415903511573983,0.0609582030556551,S3_7095091,3,46.70151328,8.88178419700125e-16,S3_7345986,3,47.38986671,5.55774346628479,ma_te_fit_total_25_BP14,diff,BP,14,comp_ratio
S7_32133319,7,99.94477983,3.40682756506924,6.95097244112587,0.0554763069387658,0.0138478676316639,S7_16359609,7,32.72868696,1.65965459295367,S7_33411071,7,104.8359143,1.52611367682504,ma_te_fit_total_25_BP14,diff,BP,14,comp_ratio
S2_44586954,2,96.05450929,8.93532034446077,13.6244209371625,-18290.1670407857,2729.17955043841,S2_44257418,2,94.71205672,7.01934600060217,S2_44908249,2,97.68940295,7.34002510769187,ma_te_fit_total_26_BP14,diff,BP,14,comp_diff
S5_43714208,5,109.7001758,5.9717770752422,8.73559881050073,16105.4307443862,3001.23130333765,S5_42719546,5,103.4003774,4.1967817361645,S5_44003086,5,115.1315049,3.46161396326375,ma_te_fit_total_26_BP14,diff,BP,14,comp_diff
S7_19532160,7,51.17962841,3.53904091416187,5.00561350000501,11177.0500625942,2751.51574745625,S7_14686597,7,24.41187922,1.88607280056389,S7_21663918,7,60.36847472,1.80466567485993,ma_te_fit_total_26_BP14,diff,BP,14,comp_diff
S7_32133319,7,99.94477983,5.53599398832605,8.04923685795952,20924.8672556469,4062.17679687348,S7_31429416,7,92.5060333,3.81678775036362,S7_32940091,7,101.9471039,2.73804190483953,ma_te_fit_total_26_BP14,diff,BP,14,comp_diff
S9_6724364,9,34.93391023,8.00362289266532,12.0449384513338,-19080.2014095537,3027.98783038931,S9_6184858,9,32.79210864,6.09355349092802,S9_7478538,9,36.4077051,6.07314244192985,ma_te_fit_total_26_BP14,diff,BP,14,comp_diff
S2_44586954,2,96.05450929,9.1471424111932,13.796722247011,0.0510760643532547,0.00752134991228003,S2_44257418,2,94.71205672,7.41260269729747,S2_44908249,2,97.68940295,7.52574218502314,ma_te_fit_total_26_BP14,diff,BP,14,comp_rel_diff
S5_43714208,5,109.7001758,5.99679910544114,8.65456986099575,-0.0444806564125925,0.00827017638858812,S5_43240044,5,106.0943485,4.00813572817783,S5_44003086,5,115.1315049,3.53597493278382,ma_te_fit_total_26_BP14,diff,BP,14,comp_rel_diff
S7_16511236,7,33.24039283,3.71562976893961,5.19571907815463,-0.0310935985624324,0.00746129970767996,S7_14686597,7,24.41187922,1.85980368301987,S7_21663918,7,60.36847472,1.76087695669108,ma_te_fit_total_26_BP14,diff,BP,14,comp_rel_diff
S7_32133319,7,99.94477983,6.74248259871958,9.83237144204587,-0.0634353152348841,0.0110654299392942,S7_31429416,7,92.5060333,4.96780778614355,S7_32940091,7,101.9471039,3.75194933959743,ma_te_fit_total_26_BP14,diff,BP,14,comp_rel_diff
S9_6724364,9,34.93391023,9.03952038703375,13.6137206213206,0.0561247594702189,0.00832017392040798,S9_6184858,9,32.79210864,5.90517501128021,S9_7478538,9,36.4077051,6.89848744242195,ma_te_fit_total_26_BP14,diff,BP,14,comp_rel_diff
S3_7095091,3,46.70151328,8.57665420849711,18.6494276046451,0.387142418524867,0.0587551247349945,S3_6422015,3,45.16807388,1.35206333025392,S3_7261171,3,47.15534623,-8.88178419700125e-16,ma_te_fit_total_26_BP14,diff,BP,14,comp_ratio
S3_7261171,3,47.15534623,9.57099886834634,21.105387782846,-0.41133897036444,0.0586828146056039,S3_7095091,3,46.70151328,0,S3_7345986,3,47.38986671,5.83033300028223,ma_te_fit_total_26_BP14,diff,BP,14,comp_ratio
S7_32133319,7,99.94477983,3.28903601395032,6.64476895760712,0.0524316926587359,0.0133309679120617,S7_16359609,7,32.72868696,1.52113138061878,S7_33411071,7,104.8359143,1.45355091889697,ma_te_fit_total_26_BP14,diff,BP,14,comp_ratio
S2_44586954,2,96.05450929,9.00119196938937,13.6985163940412,-19152.4633994823,2846.05017507014,S2_44257418,2,94.71205672,7.06301418446027,S2_45043544,2,98.51301522,6.80327946063304,ma_te_fit_total_27_BP14,diff,BP,14,comp_diff
S5_43714208,5,109.7001758,5.93228182506663,8.64837937870959,16734.8798845723,3129.75189738543,S5_42719546,5,103.4003774,4.18379103497643,S5_44003086,5,115.1315049,3.43495769101081,ma_te_fit_total_27_BP14,diff,BP,14,comp_diff
S7_19532160,7,51.17962841,3.6756664140942,5.19382145906082,11889.7104010173,2869.34286661286,S7_14686597,7,24.41187922,1.69813508904548,S7_21663918,7,60.36847472,1.85808569680793,ma_te_fit_total_27_BP14,diff,BP,14,comp_diff
S7_32133319,7,99.94477983,5.53208254088387,8.02022579905966,21812.6225624156,4236.12985889862,S7_31429416,7,92.5060333,3.8823530656111,S7_32940091,7,101.9471039,2.79841443111362,ma_te_fit_total_27_BP14,diff,BP,14,comp_diff
S9_6724364,9,34.93391023,7.99550955033127,11.9971225668242,-19886.0459669069,3157.65420908471,S9_6184858,9,32.79210864,6.05920733572822,S9_7478538,9,36.4077051,6.10032097218902,ma_te_fit_total_27_BP14,diff,BP,14,comp_diff
S2_44586954,2,96.05450929,11.3994472212772,13.7217396695524,0.0499768203756071,0.00654825399951272,S2_44257418,2,94.71205672,9.54701191277336,S2_44908249,2,97.68940295,9.34438164407305,ma_te_fit_total_27_BP14,diff,BP,14,comp_rel_diff
S5_5909140,5,40.32890934,5.43544149899231,6.01652687301069,0.0399171286918611,0.00789855863413297,S5_5107998,5,37.40304223,3.37621195367448,S5_6876512,5,42.79131694,3.26364376669318,ma_te_fit_total_27_BP14,diff,BP,14,comp_rel_diff
S5_32800961,5,79.00989287,4.09679569669052,4.45155309989249,-0.0322543326493788,0.00741982674039746,62,5,71.02984202,2.10998098900681,87,5,88.39590531,2.13311824779964,ma_te_fit_total_27_BP14,diff,BP,14,comp_rel_diff
S5_43714208,5,109.7001758,7.79015173279456,8.91089860609234,-0.0470676052858074,0.0076528435401483,S5_43329831,5,106.5862469,5.9815017646841,S5_44003086,5,115.1315049,5.22422097308051,ma_te_fit_total_27_BP14,diff,BP,14,comp_rel_diff
S6_33052891,6,73.8397152,4.15067995462766,4.5134575844657,0.0286966898321876,0.00655599484783809,S6_31888552,6,65.16886519,2.36685863981882,S6_33383362,6,78.16213009,2.39756299043848,ma_te_fit_total_27_BP14,diff,BP,14,comp_rel_diff
S7_19532160,7,51.17962841,4.45635953075039,4.86635047709976,-0.030154774362207,0.00663461725529501,S7_16414980,7,32.98157305,2.92346984293523,S7_21205578,7,58.13544442,2.45656432648071,ma_te_fit_total_27_BP14,diff,BP,14,comp_rel_diff
S7_32133319,7,99.94477983,8.76013816920866,10.1579329264282,-0.0644099946697594,0.00980871408582588,S7_31956171,7,96.48121012,5.31813539686249,S7_32940091,7,101.9471039,4.7017382582301,ma_te_fit_total_27_BP14,diff,BP,14,comp_rel_diff
S9_6724364,9,34.93391023,8.43789208114956,9.74000680065762,0.0469471948609369,0.00730115385820822,S9_6184858,9,32.79210864,6.47446524908148,S9_8182398,9,37.12013546,6.56958984617973,ma_te_fit_total_27_BP14,diff,BP,14,comp_rel_diff
S3_7095091,3,46.70151328,8.63119619025763,18.815978519645,0.371251947107168,0.0561436374622118,S3_6422015,3,45.16807388,1.36997428527075,S3_7261171,3,47.15534623,4.44089209850063e-16,ma_te_fit_total_27_BP14,diff,BP,14,comp_ratio
S3_7261171,3,47.15534623,9.63298973383081,21.2986726375215,-0.394499800714159,0.0560745412989808,S3_7095091,3,46.70151328,4.44089209850063e-16,S3_7345986,3,47.38986671,5.88023779779946,ma_te_fit_total_27_BP14,diff,BP,14,comp_ratio
S7_32133319,7,99.94477983,3.10500714672573,6.26831252116486,0.0486179437467118,0.0127384467797648,S7_16359609,7,32.72868696,1.43624345952699,S7_33411071,7,104.8359143,1.35400216812583,ma_te_fit_total_27_BP14,diff,BP,14,comp_ratio
S2_44586954,2,96.05450929,8.96028649692677,13.677913931947,-19706.3055770142,2935.87372214847,S2_44257418,2,94.71205672,7.0204300061554,S2_45043544,2,98.51301522,6.9877027984805,ma_te_fit_total_28_BP14,diff,BP,14,comp_diff
S5_43714208,5,109.7001758,5.85704552515435,8.56075455546641,17144.2567298051,3228.52929047596,S5_42719546,5,103.4003774,4.18783320308449,S5_44003086,5,115.1315049,3.36142321334249,ma_te_fit_total_28_BP14,diff,BP,14,comp_diff
S7_19532160,7,51.17962841,3.78102689334592,5.36989407599511,12448.5289430079,2959.90154907062,S7_16359609,7,32.72868696,2.25600229399512,S7_21663918,7,60.36847472,1.91052923466815,ma_te_fit_total_28_BP14,diff,BP,14,comp_diff
S7_32133319,7,99.94477983,5.42642921574559,7.8840624451084,22268.8105203101,4369.82539706717,S7_31429416,7,92.5060333,3.88441821000409,S7_32940091,7,101.9471039,2.78864794553382,ma_te_fit_total_28_BP14,diff,BP,14,comp_diff
S9_6724364,9,34.93391023,7.89528645021377,11.8730689239687,-20370.3640682764,3257.31222073582,S9_6184858,9,32.79210864,5.97919605215234,S9_7478538,9,36.4077051,6.05531870778639,ma_te_fit_total_28_BP14,diff,BP,14,comp_diff
S2_44586954,2,96.05450929,11.4167939932869,13.715854600575,0.0486260892568118,0.0063656448945053,S2_44257418,2,94.71205672,9.55440673548148,S2_44908249,2,97.68940295,9.51319633516748,ma_te_fit_total_28_BP14,diff,BP,14,comp_rel_diff
S5_5909140,5,40.32890934,5.5336075074009,6.12008092462297,0.0391794936186752,0.00767829400738896,S5_5107998,5,37.40304223,3.51383597993913,S5_6876512,5,42.79131694,3.25629520053972,ma_te_fit_total_28_BP14,diff,BP,14,comp_rel_diff
S5_32800961,5,79.00989287,4.19482180645705,4.55422225187325,-0.0317492349314571,0.00721291235978929,62,5,71.02984202,2.15855205301623,87,5,88.39590531,2.1983978122086,ma_te_fit_total_28_BP14,diff,BP,14,comp_rel_diff
S5_43714208,5,109.7001758,7.75224352488803,8.8433786776416,-0.0456314569302461,0.00743943109314605,S5_43329831,5,106.5862469,6.07999183445238,S5_44003086,5,115.1315049,5.16654241919744,ma_te_fit_total_28_BP14,diff,BP,14,comp_rel_diff
S6_33052891,6,73.8397152,4.26491699038328,4.63480518218486,0.0283000195347473,0.00637316987622183,S6_32411928,6,68.72506699,1.68471988325722,S6_33383362,6,78.16213009,2.41537215752973,ma_te_fit_total_28_BP14,diff,BP,14,comp_rel_diff
S7_19532160,7,51.17962841,4.62142918563279,5.04703589418725,-0.0298859083558118,0.00644959976526692,S7_16414980,7,32.98157305,2.76444732279071,S7_20791180,7,57.68635809,3.09963111714704,ma_te_fit_total_28_BP14,diff,BP,14,comp_rel_diff
S7_32133319,7,99.94477983,8.66880695323379,10.0170857900774,-0.0622465322409473,0.00953518155324244,S7_31429416,7,92.5060333,6.84605128900816,S7_32940091,7,101.9471039,4.72467571076585,ma_te_fit_total_28_BP14,diff,BP,14,comp_rel_diff
S9_6724364,9,34.93391023,8.3414470745988,9.59453508221395,0.0453456736221416,0.00709754887103636,S9_6184858,9,32.79210864,6.39824404837974,S9_8182398,9,37.12013546,6.54387642229776,ma_te_fit_total_28_BP14,diff,BP,14,comp_rel_diff
S7_19036596,7,49.05801824,8.53045754758877,19.8070998469853,-0.360220130392717,0.0546704544041431,S7_19017756,7,48.58182999,3.32285195994716,S7_19236553,7,49.76776198,-4.44089209850063e-16,ma_te_fit_total_28_BP14,diff,BP,14,comp_ratio
S7_19236553,7,49.76776198,9.4196217606773,22.1474708541543,0.381051707687624,0.054691142111013,S7_19153030,7,49.2934369,1.2032275679147,S7_19338119,7,50.48837552,6.20897985732516,ma_te_fit_total_28_BP14,diff,BP,14,comp_ratio
S2_44586954,2,96.05450929,8.7844604399817,13.5190600355961,-19977.443790779,3009.63140033311,S2_44257418,2,94.71205672,6.83868213890113,S2_45043544,2,98.51301522,6.9760814159022,ma_te_fit_total_29_BP14,diff,BP,14,comp_diff
S5_43329831,5,106.5862469,5.80877461864419,8.57502998242271,17917.4654064704,3389.26394269945,S5_42719546,5,103.4003774,4.19666711282925,S5_44003086,5,115.1315049,3.24798700307531,ma_te_fit_total_29_BP14,diff,BP,14,comp_diff
S7_19532160,7,51.17962841,4.43523392923029,6.42393619036813,13991.683358171,3057.84874380907,S7_17322899,7,39.20278448,2.3384750055468,S7_21663918,7,60.36847472,2.30819318552257,ma_te_fit_total_29_BP14,diff,BP,14,comp_diff
S7_32133319,7,99.94477983,4.72895815743369,6.87723212156249,21322.675937973,4503.82497997086,S7_30982237,7,88.83862293,2.76719694099696,S7_32940091,7,101.9471039,2.73028738801794,ma_te_fit_total_29_BP14,diff,BP,14,comp_diff
S9_6724364,9,34.93391023,7.40186286537363,11.1722997370891,-20174.15632284,3343.2644676394,S9_6184858,9,32.79210864,5.61351896817316,S9_7478538,9,36.4077051,5.7356418009534,ma_te_fit_total_29_BP14,diff,BP,14,comp_diff
S2_44586954,2,96.05450929,11.2306783126871,13.6101900971058,0.0472392647587829,0.00624339229746046,S2_44257418,2,94.71205672,9.38311363547039,S2_44908249,2,97.68940295,9.49100191719098,ma_te_fit_total_29_BP14,diff,BP,14,comp_rel_diff
S5_5909140,5,40.32890934,5.49373985278178,6.14195640679865,0.0382777787975063,0.00753083190436034,S5_5107998,5,37.40304223,3.54037499154686,S5_6876512,5,42.79131694,3.1522890118718,ma_te_fit_total_29_BP14,diff,BP,14,comp_rel_diff
S5_32800961,5,79.00989287,4.20047613024604,4.61278586124816,-0.0311616846496948,0.00707438793958448,62,5,71.02984202,2.11896811020134,87,5,88.39590531,2.24600979687962,ma_te_fit_total_29_BP14,diff,BP,14,comp_rel_diff
S5_43714208,5,109.7001758,7.62103732932084,8.77680633193502,-0.04433396858506,0.00729655636690137,S5_43240044,5,106.0943485,5.16687281885581,S5_44003086,5,115.1315049,5.01475566422934,ma_te_fit_total_29_BP14,diff,BP,14,comp_rel_diff
S6_33052891,6,73.8397152,4.34279880104913,4.77845847806645,0.0280238647953585,0.00625077276144582,S6_32411928,6,68.72506699,1.70916187434624,S6_33383362,6,78.16213009,2.39701493291161,ma_te_fit_total_29_BP14,diff,BP,14,comp_rel_diff
S7_19532160,7,51.17962841,4.73962616061418,5.24377829346206,-0.0297086933965484,0.00632573480982709,S7_17849585,7,42.46452593,3.10549097990419,S7_20791180,7,57.68635809,3.16817704019116,ma_te_fit_total_29_BP14,diff,BP,14,comp_rel_diff
S7_32133319,7,99.94477983,8.34484966165167,9.70849698198474,-0.0597631654556511,0.009352057812051,S7_31429416,7,92.5060333,6.69379103232903,S7_32940091,7,101.9471039,4.58943174690461,ma_te_fit_total_29_BP14,diff,BP,14,comp_rel_diff
S9_6724364,9,34.93391023,8.01957344120361,9.28754083857463,0.0435098299363963,0.00696124001364378,S9_6184858,9,32.79210864,6.17358714543669,S9_8182398,9,37.12013546,6.35821146410753,ma_te_fit_total_29_BP14,diff,BP,14,comp_rel_diff
S7_19036596,7,49.05801824,8.52380822930351,19.854793109803,-0.347498464300312,0.0527627266956612,S7_19017756,7,48.58182999,3.3338597461278,S7_19236553,7,49.76776198,-8.88178419700125e-16,ma_te_fit_total_29_BP14,diff,BP,14,comp_ratio
S7_19236553,7,49.76776198,9.36973349834534,22.0869510023941,0.366650599723578,0.0527826925041666,S7_19153030,7,49.2934369,1.32791605004347,S7_19338119,7,50.48837552,6.13287885156771,ma_te_fit_total_29_BP14,diff,BP,14,comp_ratio
S2_44586954,2,96.05450929,8.56160599532372,13.3506554676225,-20153.0829581895,3080.17866302387,S2_44257418,2,94.71205672,6.63915560134404,S2_45043544,2,98.51301522,6.93154031288835,ma_te_fit_total_30_BP14,diff,BP,14,comp_diff
S5_43329831,5,106.5862469,5.83189020608937,8.75342761557888,18376.8619462653,3468.7099817285,S5_42719546,5,103.4003774,4.19267817932766,S5_43769059,5,111.9145952,3.65750714435098,ma_te_fit_total_30_BP14,diff,BP,14,comp_diff
S7_19532160,7,51.17962841,4.50947480831853,6.645601851447,14446.4137002708,3129.52624510515,S7_17322899,7,39.20278448,2.31668832307023,S7_20791180,7,57.68635809,2.8830841032721,ma_te_fit_total_30_BP14,diff,BP,14,comp_diff
S7_32133319,7,99.94477983,4.39259366039045,6.46290890134338,20983.2334082215,4609.39688619832,S7_30982237,7,88.83862293,2.73251913438698,S7_32940091,7,101.9471039,2.55029909554785,ma_te_fit_total_30_BP14,diff,BP,14,comp_diff
S9_6724364,9,34.93391023,7.00094122648994,10.6807345656471,-20023.8776424334,3421.63225600615,S9_6184858,9,32.79210864,5.33602745544673,S9_8182398,9,37.12013546,5.39334818834008,ma_te_fit_total_30_BP14,diff,BP,14,comp_diff
S2_44586954,2,96.05450929,8.58450383995927,13.2679391937308,0.0453516612379442,0.00692114078890684,S2_44257418,2,94.71205672,6.63279498157963,S2_45043544,2,98.51301522,6.92976310440041,ma_te_fit_total_30_BP14,diff,BP,14,comp_rel_diff
S5_43329831,5,106.5862469,5.84621813963037,8.6962365618926,-0.0413474964239209,0.00779416805512862,S5_42719546,5,103.4003774,4.19592367219357,S5_43769059,5,111.9145952,3.66284468569933,ma_te_fit_total_30_BP14,diff,BP,14,comp_rel_diff
S7_19532160,7,51.17962841,4.49250858755983,6.55837825352431,-0.0323960741323124,0.00703202447473868,S7_17322899,7,39.20278448,2.4768730112933,S7_20791180,7,57.68635809,2.85582405337113,ma_te_fit_total_30_BP14,diff,BP,14,comp_rel_diff
S7_32133319,7,99.94477983,4.57880350788384,6.69233328827406,-0.0482001556170751,0.0103572838758672,S7_30982237,7,88.83862293,2.66837454203164,S7_32940091,7,101.9471039,2.66416808125789,ma_te_fit_total_30_BP14,diff,BP,14,comp_rel_diff
S9_6724364,9,34.93391023,7.26657867422964,11.0252529032679,0.0459243657595237,0.00768838472130537,S9_6184858,9,32.79210864,5.53391184293664,S9_7478538,9,36.4077051,5.68282411209428,ma_te_fit_total_30_BP14,diff,BP,14,comp_rel_diff
S7_19036596,7,49.05801824,8.53003403133758,19.9471052853935,-0.342045669160009,0.0519135675618171,S7_19017756,7,48.58182999,3.36065523839595,S7_19236553,7,49.76776198,4.44089209850063e-16,ma_te_fit_total_30_BP14,diff,BP,14,comp_ratio
S7_19236553,7,49.76776198,9.31832250689807,22.0338553424182,0.359628177437475,0.0519332120421859,S7_19153030,7,49.2934369,1.52547365980601,S7_19338119,7,50.48837552,6.02617535165767,ma_te_fit_total_30_BP14,diff,BP,14,comp_ratio
S2_44586954,2,96.05450929,9.99096705385294,14.8221132379609,-21279.5817782013,2982.37662264646,S2_44257418,2,94.71205672,7.5265265652287,S2_44908249,2,97.68940295,8.30402204717953,ma_te_fit_total_31_BP14,diff,BP,14,comp_diff
S3_7345986,3,47.38986671,3.5720857544797,4.8231375691532,-12251.8644320099,3010.17552055864,S3_6422015,3,45.16807388,1.05484632200556,S3_12927099,3,57.64133659,1.76960989850119,ma_te_fit_total_31_BP14,diff,BP,14,comp_diff
S5_43329831,5,106.5862469,6.87204334842271,9.73570823968095,19207.2540691296,3321.51308454663,S5_42366438,5,102.9057427,4.97798525902607,S5_43769059,5,111.9145952,3.16331187450912,ma_te_fit_total_31_BP14,diff,BP,14,comp_diff
S7_19532160,7,51.17962841,4.98450568800989,6.86950100136208,14719.146237101,3030.22227393812,S7_19153030,7,49.2934369,3.13284484486682,S7_22295410,7,62.6273757,3.27507295109123,ma_te_fit_total_31_BP14,diff,BP,14,comp_diff
S7_32133319,7,99.94477983,5.18255540770292,7.16306698648712,22037.5679889232,4442.92130170369,S7_30920014,7,88.13270507,3.31405902406026,S7_33411071,7,104.8359143,3.04124282616994,ma_te_fit_total_31_BP14,diff,BP,14,comp_diff
S9_6724364,9,34.93391023,5.0398092311145,6.95131032067085,-16805.2396835134,3439.26653763921,S9_4775142,9,30.60506955,2.19448669089666,S9_8279734,9,37.58932098,3.30007419243912,ma_te_fit_total_31_BP14,diff,BP,14,comp_diff
S2_44586954,2,96.05450929,10.0564246383388,14.7694625050397,0.0464614665810489,0.00648728030138017,S2_44257418,2,94.71205672,7.5417379594299,S2_44908249,2,97.68940295,8.34598966802839,ma_te_fit_total_31_BP14,diff,BP,14,comp_rel_diff
S3_7345986,3,47.38986671,3.52742345613435,4.70739137608891,0.0264746395521453,0.0065477486008754,S3_6422015,3,45.16807388,1.16656760982019,S3_12927099,3,57.64133659,1.72260088506504,ma_te_fit_total_31_BP14,diff,BP,14,comp_rel_diff
S5_43329831,5,106.5862469,6.89606698817368,9.66566022274147,-0.0418600567136521,0.00722497160168699,S5_42366438,5,102.9057427,5.00409067514557,S5_43769059,5,111.9145952,3.16959012635106,ma_te_fit_total_31_BP14,diff,BP,14,comp_rel_diff
S7_19532160,7,51.17962841,4.98028828227016,6.78775557285712,-0.0320026296972038,0.00659135439744643,S7_19153030,7,49.2934369,3.38059792079805,S7_22295410,7,62.6273757,3.25253949786234,ma_te_fit_total_31_BP14,diff,BP,14,comp_rel_diff
S7_32133319,7,99.94477983,5.43972360199539,7.46370636769228,-0.049203271062376,0.00966426427241393,S7_30920014,7,88.13270507,3.20628869606159,S7_33411071,7,104.8359143,3.19460884043627,ma_te_fit_total_31_BP14,diff,BP,14,comp_rel_diff
S9_6724364,9,34.93391023,5.33933855836589,7.31525878277687,0.0377075889333516,0.00748110949214201,S9_5497941,9,31.29811037,3.79671618856104,S9_8279734,9,37.58932098,3.50678823863772,ma_te_fit_total_31_BP14,diff,BP,14,comp_rel_diff
S2_46701398,2,113.0877388,9.70365897655057,23.7857964327519,-0.356333313847808,0.0501403294753145,S2_46536006,2,112.8190907,4.31628152472614,S2_46820675,2,113.8524469,3.88578058618805e-16,ma_te_fit_total_31_BP14,diff,BP,14,comp_ratio
S2_46820675,2,113.8524469,8.87869691631986,21.4988455701072,0.339002099040182,0.0501746582108237,S2_46701398,2,113.0877388,6.66133814775094e-16,S2_46901860,2,114.5694173,5.89672555189653,ma_te_fit_total_31_BP14,diff,BP,14,comp_ratio
S2_44586954,2,96.05450929,9.52481235183814,13.2892145899942,-20935.6734467588,3024.48738588983,S2_44257418,2,94.71205672,7.02719542633194,S2_44908249,2,97.68940295,7.90005226010065,ma_te_fit_total_32_BP14,diff,BP,14,comp_diff
S3_7095091,3,46.70151328,4.09837616751853,5.27784286897324,58339.2636536184,13373.5656572276,S3_6422015,3,45.16807388,2.18385274672057,S3_7261171,3,47.15534623,1.70174340249385,ma_te_fit_total_32_BP14,diff,BP,14,comp_diff
S3_7345986,3,47.38986671,5.80213180871625,7.66062512773093,-70283.8148060811,13373.2732833654,S3_7261171,3,47.15534623,3.28542992595323,S3_7475161,3,47.62432066,2.09906512948888,ma_te_fit_total_32_BP14,diff,BP,14,comp_diff
S5_43329831,5,106.5862469,6.93875167936899,9.31605401955922,19468.227094135,3359.11524272973,S5_42366438,5,102.9057427,5.00385961214007,S5_43769059,5,111.9145952,3.16481666628549,ma_te_fit_total_32_BP14,diff,BP,14,comp_diff
S7_20152815,7,54.7299274,4.52514542705292,5.86384380427912,13896.004614738,3022.13076576857,S7_18223567,7,43.92895216,2.70726701065896,S7_23514171,7,64.2937392,2.93689178562166,ma_te_fit_total_32_BP14,diff,BP,14,comp_diff
S7_32133319,7,99.94477983,5.36283121342132,7.03508887698852,22493.8926914867,4466.26331452309,S7_31038080,7,89.06772314,3.67930935676289,S7_32940091,7,101.9471039,3.58562185734561,ma_te_fit_total_32_BP14,diff,BP,14,comp_diff
S9_6724364,9,34.93391023,5.46008607798293,7.17289699430594,-17625.5282037785,3465.84664890451,S9_5497941,9,31.29811037,3.90215852578969,S9_8279734,9,37.58932098,3.76576333650066,ma_te_fit_total_32_BP14,diff,BP,14,comp_diff
S2_44586954,2,96.05450929,9.178103125052,13.823511089861,0.0449754629740863,0.00661457992679039,S2_44257418,2,94.71205672,6.75543143069148,S2_44908249,2,97.68940295,7.55148815182467,ma_te_fit_total_32_BP14,diff,BP,14,comp_rel_diff
S3_7345986,3,47.38986671,3.68632158865622,5.12038882878152,0.0276382427867267,0.00667874351410042,S3_6422015,3,45.16807388,1.31225044385783,S3_12927099,3,57.64133659,1.88687286493993,ma_te_fit_total_32_BP14,diff,BP,14,comp_rel_diff
S5_43329831,5,106.5862469,7.07704209140332,10.3314663088186,-0.0434194195882894,0.00738650235104879,S5_42366438,5,102.9057427,5.07202248089519,S5_43575577,5,107.8767063,5.44784369803306,ma_te_fit_total_32_BP14,diff,BP,14,comp_rel_diff
S7_19532160,7,51.17962841,4.76248509016564,6.71989017991878,-0.0318410134252328,0.00671647809422155,S7_19017756,7,48.58182999,2.95224315190695,S7_22295410,7,62.6273757,3.04187090427038,ma_te_fit_total_32_BP14,diff,BP,14,comp_rel_diff
S7_32133319,7,99.94477983,4.76281609659281,6.72038976784538,-0.0465865310178956,0.00982650207805897,S7_30436117,7,85.84098672,1.6308700293496,S7_33411071,7,104.8359143,2.97008267954173,ma_te_fit_total_32_BP14,diff,BP,14,comp_rel_diff
S9_6724364,9,34.93391023,4.69457572877893,6.61749456245057,0.0357839904394088,0.00760637584971211,S9_4775142,9,30.60506955,1.99604707628063,S9_8378425,9,38.05852079,2.62777823297334,ma_te_fit_total_32_BP14,diff,BP,14,comp_rel_diff
S3_7095091,3,46.70151328,8.90852736248913,21.9987475877005,0.374075438336637,0.0552413633397622,S3_6422015,3,45.16807388,1.15318322483266,S3_7261171,3,47.15534623,7.7715611723761e-16,ma_te_fit_total_32_BP14,diff,BP,14,comp_ratio
S3_7261171,3,47.15534623,9.5012743421061,23.6710175441019,-0.387480825107812,0.0551627521113465,S3_7095091,3,46.70151328,8.32667268468867e-17,S3_7345986,3,47.38986671,5.67191077259013,ma_te_fit_total_32_BP14,diff,BP,14,comp_ratio
S2_44586954,2,96.05450929,6.84111782974748,10.8097048829368,-20641.6401799665,3574.93117999542,S2_42025292,2,84.60658262,3.49803712018779,S2_44908249,2,97.68940295,5.30938483411701,ma_te_fit_total_33_BP14,diff,BP,14,comp_diff
S3_7095091,3,46.70151328,4.38198794549801,6.63716084513383,65939.6045490984,14574.2282965668,S3_1949745,3,12.84858208,2.53877660169684,S3_7261171,3,47.15534623,0.919612509741118,ma_te_fit_total_33_BP14,diff,BP,14,comp_diff
S3_7345986,3,47.38986671,6.00391111647656,9.35056308247633,-78264.3917670517,14573.8982595802,S3_7095091,3,46.70151328,0,S3_7475161,3,47.62432066,2.15196260742532,ma_te_fit_total_33_BP14,diff,BP,14,comp_diff
S5_43329831,5,106.5862469,6.76084618565531,10.6680283249466,22780.2385151001,3971.42703644523,S5_42719546,5,103.4003774,4.9268833037944,S5_43706919,5,109.5147878,5.24764562715345,ma_te_fit_total_33_BP14,diff,BP,14,comp_diff
S7_16511236,7,33.24039283,3.26954020816375,4.85920421184318,13622.5333888247,3518.89012662909,S7_9691609,7,9.989300124,1.67787625568538,S7_22850966,7,63.3307682,1.74562343258438,ma_te_fit_total_33_BP14,diff,BP,14,comp_diff
S7_32133319,7,99.94477983,6.10528112167007,9.52507624877463,27039.5737523896,4988.79906232878,S7_31956171,7,96.48121012,3.54262199631492,S7_33411071,7,104.8359143,4.48793943371703,ma_te_fit_total_33_BP14,diff,BP,14,comp_diff
S9_6724364,9,34.93391023,5.54017760216097,8.55970895290585,-20488.3896536518,3987.57373905236,S9_5497941,9,31.29811037,3.87427817166161,S9_8182398,9,37.12013546,4.02138114423193,ma_te_fit_total_33_BP14,diff,BP,14,comp_diff
S2_44586954,2,96.05450929,5.29445456131857,11.0241575118681,0.0419896830854531,0.00828242852230221,S2_42025292,2,84.60658262,2.81638652390848,S2_45156658,2,100.2097111,3.09392190605245,ma_te_fit_total_33_BP14,diff,BP,14,comp_rel_diff
S5_43326465,5,106.5862458,4.13885486818347,8.44910855144895,-0.0408596655210685,0.00920613134799371,S5_35318061,5,85.14836478,2.13738036272177,S5_43769059,5,111.9145952,1.53072438585844,ma_te_fit_total_33_BP14,diff,BP,14,comp_rel_diff
S7_32133319,7,99.94477983,5.42576255074634,11.3230865328996,-0.0593883971529916,0.0115586468677523,S7_30982237,7,88.83862293,3.87116270597253,S7_32940091,7,101.9471039,2.97247755092231,ma_te_fit_total_33_BP14,diff,BP,14,comp_rel_diff
S9_6501061,9,33.93753996,5.555005224071,11.6185956595475,0.0477684601535117,0.00917808821034038,S9_4775142,9,30.60506955,2.73766550835569,S9_8279734,9,37.58932098,3.98583172682304,ma_te_fit_total_33_BP14,diff,BP,14,comp_rel_diff
