S2_44752411,2,96.94547592,4.30836259227312,7.81525335584896,0.906938540614971,0.200147917082707,S2_43481897,2,90.13407682,2.59901539127181,S2_45980428,2,106.3362737,1.66711747769677,water_lost_17_BP14,dry,BP,14,raw
S7_32133319,7,99.94477983,5.73496299285939,10.6057612378474,-1.56569992839237,0.296607655896872,S7_31494503,7,93.27304403,3.45197372498959,S7_32940091,7,101.9471039,3.40281821214252,water_lost_17_BP14,dry,BP,14,raw
S9_6724364,9,34.93391023,9.01376510553561,17.4330634086449,1.48280078568165,0.219099153890511,S9_6184858,9,32.79210864,6.81166478372742,S9_8458511,9,38.57941159,7.17141254315127,water_lost_17_BP14,dry,BP,14,raw
S2_45043544,2,98.51301522,5.01347814472729,8.7897165741629,1.10434947049093,0.224852884413285,S2_44073549,2,93.52620611,3.42409599708157,S2_45980428,2,106.3362737,1.96346730344967,water_lost_18_BP14,dry,BP,14,raw
S7_32133319,7,99.94477983,6.54187644243554,11.709699683191,-1.86444507230458,0.328894102685351,S7_31178325,7,89.28412826,2.89838724621333,S7_32940091,7,101.9471039,3.98413243996024,water_lost_18_BP14,dry,BP,14,raw
S9_6724364,9,34.93391023,9.59298332627536,17.9042330211065,1.70413180725775,0.24311104676846,S9_6184858,9,32.79210864,7.52511312954774,S9_8458511,9,38.57941159,7.56817010753492,water_lost_18_BP14,dry,BP,14,raw
S2_45043544,2,98.51301522,5.37767182266074,9.25961293934614,1.2736381026961,0.249769775590573,S2_44209808,2,93.99718694,3.86073580936686,S2_45980428,2,106.3362737,2.13568670921433,water_lost_19_BP14,dry,BP,14,raw
S7_32133319,7,99.94477983,6.99132449540556,12.3050885369898,-2.14758133732661,0.365340237618624,S7_31178325,7,89.28412826,3.46955555630322,S7_32940091,7,101.9471039,4.34606911106824,water_lost_19_BP14,dry,BP,14,raw
S9_6724364,9,34.93391023,9.96338145484957,18.266317427304,1.9341108310054,0.27005120149288,S9_6184858,9,32.79210864,8.02501613935075,S9_8458511,9,38.57941159,7.9523757564863,water_lost_19_BP14,dry,BP,14,raw
S2_45043544,2,98.51301522,5.78060435757242,9.78454044588042,1.40157660860635,0.26438381772927,S2_44209808,2,93.99718694,4.0461829071722,S2_45980428,2,106.3362737,2.40456368290438,water_lost_20_BP14,dry,BP,14,raw
S7_32133319,7,99.94477983,7.18851164105128,12.4030621502204,-2.30817486586175,0.386716313306311,S7_31178325,7,89.28412826,3.78211126706774,S7_32940091,7,101.9471039,4.53423267819969,water_lost_20_BP14,dry,BP,14,raw
S9_6724364,9,34.93391023,10.5331514732977,19.029217763153,2.11331055736008,0.285851910881722,S9_6184858,9,32.79210864,8.57139149507366,S9_8458511,9,38.57941159,8.30364227965617,water_lost_20_BP14,dry,BP,14,raw
S2_45043544,2,98.51301522,5.65346298666569,9.45038707471582,1.48469958349915,0.283439596168363,S2_44209808,2,93.99718694,3.87388082763268,S2_45980428,2,106.3362737,2.54475182382624,water_lost_21_BP14,dry,BP,14,raw
S7_32133319,7,99.94477983,7.15633893012429,12.2097583255287,-2.46845347074333,0.414589352013595,S7_31178325,7,89.28412826,3.80511703816832,S7_32940091,7,101.9471039,4.51527733464676,water_lost_21_BP14,dry,BP,14,raw
S9_6724364,9,34.93391023,11.1842917821464,20.1701558790937,2.34517170503107,0.30645502769476,S9_6184858,9,32.79210864,9.20417763642547,S9_8458511,9,38.57941159,8.62937498105567,water_lost_21_BP14,dry,BP,14,raw
S2_45043544,2,98.51301522,5.37441378051302,8.83584520971016,1.51862525995835,0.297910384320072,S2_44209808,2,93.99718694,3.64095710031636,S2_45980428,2,106.3362737,2.66228889519423,water_lost_22_BP14,dry,BP,14,raw
S7_32133319,7,99.94477983,7.0506020086264,11.8587887570522,-2.57338259682008,0.43575588895496,S7_31494503,7,93.27304403,5.30057778681853,S7_32940091,7,101.9471039,4.58595197527452,water_lost_22_BP14,dry,BP,14,raw
S9_6724364,9,34.93391023,12.1105636091726,21.8416917151225,2.58152263036587,0.322100850803974,S9_6184858,9,32.79210864,10.0261723697894,S9_8378425,9,38.05852079,10.3212160892013,water_lost_22_BP14,dry,BP,14,raw
S2_45043544,2,98.51301522,4.9030240848815,8.05616483680851,1.60385864806367,0.330460771413477,S2_44209808,2,93.99718694,3.30972541134003,S2_45980428,2,106.3362737,2.86823540577161,water_lost_23_BP14,dry,BP,14,raw
S7_32133319,7,99.94477983,6.59293683820611,11.0841278647329,-2.75175842716618,0.483367599087479,S7_31494503,7,93.27304403,4.6882483168294,S7_32940091,7,101.9471039,4.26539060606677,water_lost_23_BP14,dry,BP,14,raw
S9_6724364,9,34.93391023,12.6013111549456,23.0159726070531,2.93104721637189,0.357294344984156,S9_6184858,9,32.79210864,10.5819002422079,S9_8378425,9,38.05852079,10.5056075262004,water_lost_23_BP14,dry,BP,14,raw
S5_44050206,5,115.8565285,3.6887163690679,6.06600304779408,-1.59774373226645,0.382658023467683,S5_33184214,5,79.95790853,1.93180191186831,S5_44418942,5,120.9842738,1.88832158816048,water_lost_24_BP14,dry,BP,14,raw
S7_31711920,7,95.32348365,6.70292556084267,11.4818453629081,-2.61085746566879,0.454498369755059,S7_31429416,7,92.5060333,5.17230683151237,S7_32133319,7,99.94477983,4.94241187764525,water_lost_24_BP14,dry,BP,14,raw
S9_6724364,9,34.93391023,13.9115950355781,26.3290001657278,3.48803568025206,0.400976341170271,S9_6184858,9,32.79210864,11.9900494109989,S9_7478538,9,36.4077051,11.1829168469263,water_lost_24_BP14,dry,BP,14,raw
S5_44050206,5,115.8565285,4.33730471338,7.20461177718576,-1.932391700601,0.424942123913181,S5_43866387,5,112.9382883,2.8265761442343,S5_44418942,5,120.9842738,2.14690686429256,water_lost_25_BP14,dry,BP,14,raw
S7_31711920,7,95.32348365,5.89544657721508,10.0014791164256,-2.70422917429068,0.504720901468577,S7_31178325,7,89.28412826,3.00437569953285,S7_32133319,7,99.94477983,4.2710074097777,water_lost_25_BP14,dry,BP,14,raw
S9_6724364,9,34.93391023,14.0134381646127,26.5945846676076,3.89040130827903,0.44528463433675,S9_6184858,9,32.79210864,12.0628134398527,S9_7478538,9,36.4077051,11.1539384415891,water_lost_25_BP14,dry,BP,14,raw
S4_30351975,4,56.40459876,3.77153476945809,5.30550355677293,1.81214112148292,0.43152127403537,S4_9295193,4,46.17739222,2.09963468752155,S4_32232256,4,62.40241389,1.7956507007373,water_lost_26_BP14,dry,BP,14,raw
S5_44050206,5,115.8565285,5.50751177655469,7.93131018471281,-2.2977416434807,0.44750946844647,S5_42719546,5,103.4003774,3.14276411796999,S5_44201295,5,117.5333042,3.70276931882761,water_lost_26_BP14,dry,BP,14,raw
S6_31345498,6,61.39299496,3.59313507510952,5.04243259201733,1.7189839431458,0.419880078924447,S6_4213734,6,30.6392567,0.338061011547968,S6_35267769,6,92.0202595,1.89472445066033,water_lost_26_BP14,dry,BP,14,raw
S7_31711920,7,95.32348365,5.44232907657558,7.8305206967772,-2.62371975490174,0.514275251373361,S7_31494503,7,93.27304403,3.93271386168665,S7_32940091,7,101.9471039,2.03172426718886,water_lost_26_BP14,dry,BP,14,raw
S9_6295446,9,33.93753681,16.0376896562721,26.7251722901705,4.34048883633484,0.460523596313334,S9_6184858,9,32.79210864,13.6092223260627,S9_7142713,9,35.91474829,14.4220437040702,water_lost_26_BP14,dry,BP,14,raw
S4_30351975,4,56.40459876,3.82390499626219,5.41249321050066,1.9967471079896,0.47204756431958,S4_9295193,4,46.17739222,1.98712080010032,S4_32232256,4,62.40241389,1.82834410581484,water_lost_27_BP14,dry,BP,14,raw
S5_44050206,5,115.8565285,5.80928885263307,8.44628735118216,-2.58676707971727,0.489537288891094,S5_42719546,5,103.4003774,3.58337707411015,S5_44179618,5,116.8150866,4.20287199957944,water_lost_27_BP14,dry,BP,14,raw
S6_31345498,6,61.39299496,3.51875870214707,4.96018239423532,1.85992856273581,0.459313087183628,S6_4213734,6,30.6392567,0.490831126246171,S6_35267769,6,92.0202595,1.90725571878706,water_lost_27_BP14,dry,BP,14,raw
S7_31711920,7,95.32348365,4.90797655695658,7.0492515086081,-2.71574693818388,0.562573375654097,S7_31429416,7,92.5060333,3.22607387259963,S7_32940091,7,101.9471039,1.78007970635385,water_lost_27_BP14,dry,BP,14,raw
S9_6295446,9,33.93753681,15.9079775888152,26.6055104737923,4.7245435433353,0.503773637666782,S9_6184858,9,32.79210864,13.4192801975505,S9_7142713,9,35.91474829,14.3090625373547,water_lost_27_BP14,dry,BP,14,raw
S4_28902914,4,52.90088541,5.3144258186173,7.70520041948512,2.44745832028847,0.485885527874008,S4_9295193,4,46.17739222,3.53476633323593,S4_31798268,4,59.58808437,3.5374129211744,water_lost_28_BP14,dry,BP,14,raw
S5_33587455,5,80.92708184,5.8301385606792,8.51222623891108,-2.55126557912532,0.481886455651194,S5_31260652,5,76.16548797,3.80720114181583,S5_42996052,5,104.8464874,3.93782688387533,water_lost_28_BP14,dry,BP,14,raw
S6_35005650,6,89.29289545,3.94063645986179,5.60838085997257,2.04777982114974,0.476513423000874,S6_33383362,6,78.16213009,2.12216861313843,S6_35267769,6,92.0202595,3.18559433142065,water_lost_28_BP14,dry,BP,14,raw
S7_31834678,7,96.02018118,5.33781942315478,7.74157047190106,-2.99419805761167,0.593029936693773,S7_31429416,7,92.5060333,3.6935939975269,S7_32940091,7,101.9471039,2.21899722095479,water_lost_28_BP14,dry,BP,14,raw
S9_6724364,9,34.93391023,13.9228789868285,22.7314375987082,4.47561303066854,0.517308610619633,S9_6184858,9,32.79210864,10.9110531036173,S9_7478538,9,36.4077051,11.4195205801757,water_lost_28_BP14,dry,BP,14,raw
S4_28902914,4,52.90088541,5.18197985319392,7.63008004456059,2.41255636461854,0.485473850560052,S4_9295193,4,46.17739222,3.35139272388327,S4_30500340,4,57.16528154,3.52626777693845,water_lost_29_BP14,dry,BP,14,raw
S5_33587455,5,80.92708184,5.9184311954984,8.80189208889088,-2.56987321259973,0.481478166640071,S5_31260652,5,76.16548797,3.73751858788293,S5_42996052,5,104.8464874,4.04146466229727,water_lost_29_BP14,dry,BP,14,raw
S6_35005650,6,89.29289545,3.98072877493318,5.76703701710888,2.05698188086716,0.476109686411098,S6_33383362,6,78.16213009,2.167023057871,S6_35267769,6,92.0202595,3.30126857203181,water_lost_29_BP14,dry,BP,14,raw
S7_31834678,7,96.02018118,4.79531708741395,7.02392099373166,-2.82517519335392,0.592527478897793,S7_31429416,7,92.5060333,3.18751537090101,S7_32940091,7,101.9471039,1.91021809832815,water_lost_29_BP14,dry,BP,14,raw
S9_6724364,9,34.93391023,13.4276027470064,22.1494617547957,4.37633192290635,0.516870309400335,S9_6184858,9,32.79210864,10.1295846076468,S9_7478538,9,36.4077051,11.0363127324883,water_lost_29_BP14,dry,BP,14,raw
S5_44003086,5,115.1315049,4.92051727190928,8.8873092706607,-2.5341041897568,0.521138988237558,S5_33184214,5,79.95790853,2.96906101733269,S5_44336611,5,119.8635321,3.08517611471237,water_lost_30_BP14,dry,BP,14,raw
S7_31834678,7,96.02018118,3.33801465043128,5.90183827481601,-2.46387596353046,0.621783844486589,S7_19446572,7,50.71621801,1.30133167422874,S7_32940091,7,101.9471039,1.28659596121999,water_lost_30_BP14,dry,BP,14,raw
S9_6724364,9,34.93391023,12.0518269567339,24.0065430627147,4.33323135784544,0.542202242515771,S9_6184858,9,32.79210864,9.39168871581148,S9_7478538,9,36.4077051,9.2568474082996,water_lost_30_BP14,dry,BP,14,raw
S5_44003086,5,115.1315049,3.97300033415879,8.16600536887702,-2.29439459819867,0.526921402601372,S5_33184214,5,79.95790853,2.32626996832289,S5_44418942,5,120.9842738,1.94999417977801,water_lost_31_BP14,dry,BP,14,raw
S9_6724364,9,34.93391023,8.65719070481107,18.9643601192635,3.62784867697241,0.546717058849229,S9_6184858,9,32.79210864,5.97636362844627,S9_7478538,9,36.4077051,6.84979724184618,water_lost_31_BP14,dry,BP,14,raw
S9_7218054,9,35.91475039,4.80028445273664,11.930746199928,2.7846453873315,0.576878068926635,S9_6184858,9,32.79210864,2.60976015838586,S9_8182398,9,37.12013546,3.20072330387328,water_lost_32_BP14,dry,BP,14,raw
S2_44586954,2,96.05450929,6.15612000033095,10.4298433425871,2.52161479468401,0.460815471350641,S2_43374008,2,89.65964759,4.54913663889103,S2_44908249,2,97.68940295,4.58241717277355,water_lost_17_BP14,wet,BP,14,raw
S5_43714208,5,109.7001758,4.18532965176214,6.89980708404065,-2.24892099106292,0.505292584087602,S5_42251884,5,101.3829046,2.03572609811803,S5_44003086,5,115.1315049,2.33503916458352,water_lost_17_BP14,wet,BP,14,raw
S7_32133319,7,99.94477983,5.61378131779159,9.43954897458988,-3.52151476647119,0.676458397088066,S7_31178325,7,89.28412826,3.14993137297641,S7_32940091,7,101.9471039,2.77088250871042,water_lost_17_BP14,wet,BP,14,raw
S9_6724364,9,34.93391023,8.9265712028749,15.7219579784453,3.42467617091933,0.509745495523077,S9_6184858,9,32.79210864,6.84653853935102,S9_6930910,9,35.42306752,7.39806362030132,water_lost_17_BP14,wet,BP,14,raw
S2_44687927,2,96.29854627,7.7020605756946,11.7401757905502,3.658469123509,0.593101167890365,S2_43481897,2,90.13407682,5.66886273079531,S2_44908249,2,97.68940295,6.02932786209398,water_lost_18_BP14,wet,BP,14,raw
S5_43714208,5,109.7001758,5.17170844999408,7.61000496595749,-3.24102718980421,0.652614756343004,S5_42719546,5,103.4003774,3.03028059978129,S5_44003086,5,115.1315049,3.34722750390111,water_lost_18_BP14,wet,BP,14,raw
S7_17165775,7,34.01418423,3.27395401164753,4.69296628922469,-2.31218795620713,0.592879047418839,S7_756781,7,1.438924409,1.7297667399528,S7_18745312,7,46.86094211,1.44073518094137,water_lost_18_BP14,wet,BP,14,raw
S7_32133319,7,99.94477983,6.28704584909116,9.39567496442838,-4.82501198513819,0.874381759828297,99,7,89.28412826,2.98473695686221,112,7,101.9471039,3.10182066428083,water_lost_18_BP14,wet,BP,14,raw
S9_6724364,9,34.93391023,9.85928351119742,15.4919166055693,4.6598279313019,0.657633593763645,S9_6184858,9,32.79210864,6.82853254304693,S9_7142713,9,35.91474829,8.2382268703666,water_lost_18_BP14,wet,BP,14,raw
S2_44687927,2,96.29854627,8.45707363851166,12.5303164106443,4.76760154020061,0.733704493800786,S2_44209808,2,93.99718694,6.38500889526504,S2_44908249,2,97.68940295,6.76383128083662,water_lost_19_BP14,wet,BP,14,raw
S5_43714208,5,109.7001758,5.46099326770937,7.75954357366513,-4.12824183752655,0.807326650784943,S5_43329831,5,106.5862469,3.91468073115623,S5_44003086,5,115.1315049,3.6157223149701,water_lost_19_BP14,wet,BP,14,raw
S7_17165775,7,34.01418423,3.38191652825599,4.66931831467754,-2.90926308630005,0.733429716415498,S7_756781,7,1.438924409,1.66883347985268,S7_19580554,7,51.64603332,1.76813278916384,water_lost_19_BP14,wet,BP,14,raw
S7_32133319,7,99.94477983,6.8537294450798,9.92914153232047,-6.25672537941951,1.08166677325115,S7_31494503,7,93.27304403,5.35350044298707,S7_32940091,7,101.9471039,3.38893464404516,water_lost_19_BP14,wet,BP,14,raw
S9_6724364,9,34.93391023,10.4846961935098,15.9858011977008,5.97092130347151,0.813535277185525,S9_6501061,9,33.93753996,8.96437759651763,S9_7142713,9,35.91474829,8.84797730618282,water_lost_19_BP14,wet,BP,14,raw
S2_44586954,2,96.05450929,9.13371844619967,13.2206125629107,5.95331247362222,0.877398861444599,S2_44209808,2,93.99718694,6.90577526916358,S2_44908249,2,97.68940295,7.45732280857306,water_lost_20_BP14,wet,BP,14,raw
S5_43714208,5,109.7001758,5.76580445150258,7.96135036991274,-5.07275827732659,0.963418490059134,S5_43575577,5,107.8767063,4.25374423847011,S5_44003086,5,115.1315049,3.88499422945858,water_lost_20_BP14,wet,BP,14,raw
S7_17165775,7,34.01418423,3.27526556261432,4.36942402848004,-3.41029800513998,0.874267656867784,S7_9428033,7,8.555063982,1.17197076814719,S7_19644932,7,51.8739576,1.63568370581353,water_lost_20_BP14,wet,BP,14,raw
S7_32133319,7,99.94477983,7.2964055102318,10.2921160439352,-7.72072005519196,1.28964341829882,S7_31494503,7,93.27304403,5.77183855472413,S7_32940091,7,101.9471039,3.62170584553914,water_lost_20_BP14,wet,BP,14,raw
S9_6724364,9,34.93391023,11.3633425207582,16.9758514448035,7.46264851886451,0.970602446885176,S9_6501061,9,33.93753996,9.72656201203109,S9_7142713,9,35.91474829,9.67635390583839,water_lost_20_BP14,wet,BP,14,raw
S2_44586954,2,96.05450929,9.70746342910715,13.771124487181,7.09651394174985,1.01040432458427,S2_44209808,2,93.99718694,7.34942474466208,S2_44908249,2,97.68940295,8.09489211153739,water_lost_21_BP14,wet,BP,14,raw
S5_43714208,5,109.7001758,5.9458899824382,8.00151714801844,-5.93969902339306,1.10946372455677,S5_43575577,5,107.8767063,4.29649232282387,S5_44003086,5,115.1315049,4.04316115936204,water_lost_21_BP14,wet,BP,14,raw
S7_17165775,7,34.01418423,3.24004667645826,4.20010400995922,-3.9051500571028,1.00679845867243,S7_9428033,7,8.555063982,0.957436695132738,S7_19976887,7,53.27530926,1.62418679343581,water_lost_21_BP14,wet,BP,14,raw
S7_32133319,7,99.94477983,7.79516698744991,10.7645586908972,-9.22212602439363,1.48514130150036,S7_31494503,7,93.27304403,6.26367028913666,S7_32940091,7,101.9471039,3.9416305130281,water_lost_21_BP14,wet,BP,14,raw
S9_6724364,9,34.93391023,11.8892981477332,17.3971856160686,8.82356668162628,1.11773670206293,S9_6501061,9,33.93753996,10.1667135967666,S9_7142713,9,35.91474829,10.2164998242047,water_lost_21_BP14,wet,BP,14,raw
S2_44784129,2,96.94547802,10.7675752213727,13.7270985267184,8.20199830614163,1.10390055132342,S2_44257418,2,94.71205672,9.07676148422653,S2_45043544,2,98.51301522,8.49383010769379,water_lost_22_BP14,wet,BP,14,raw
S5_43714208,5,109.7001758,7.88160549206487,9.64684549797277,-7.75115199248283,1.24443793630088,S5_43329831,5,106.5862469,6.08938443417402,S5_44003086,5,115.1315049,5.11792281587151,water_lost_22_BP14,wet,BP,14,raw
S6_31006529,6,59.39487638,3.28599077446983,3.7733121983218,4.42528448693333,1.13600299381141,S6_29065113,6,49.8232161,1.54275362660924,S6_33383362,6,78.16213009,1.55001763733826,water_lost_22_BP14,wet,BP,14,raw
S7_19532160,7,51.17962841,4.58431230153335,5.35924291292397,-5.18164787593493,1.116132684292,S7_16359609,7,32.72868696,2.6967115665918,S7_20791180,7,57.68635809,2.86385361880608,water_lost_22_BP14,wet,BP,14,raw
S7_32133319,7,99.94477983,8.47962134947644,10.466335440898,-10.6673037305338,1.64420886933396,S7_31956171,7,96.48121012,5.62216731780658,S7_32940091,7,101.9471039,3.71322273083576,water_lost_22_BP14,wet,BP,14,raw
S9_6724364,9,34.93391023,12.0633595522361,15.665475779076,9.71973509975419,1.22456624661819,S9_6501061,9,33.93753996,10.5366475210131,S9_7142713,9,35.91474829,10.0104338221758,water_lost_22_BP14,wet,BP,14,raw
S2_44784129,2,96.94547802,11.3556294732087,14.0037538557412,9.18944694836504,1.19932581103734,S2_44257418,2,94.71205672,9.48747799558273,S2_45043544,2,98.51301522,9.36929467638431,water_lost_23_BP14,wet,BP,14,raw
S5_43714208,5,109.7001758,8.27220190179236,9.76593612755228,-8.65102111631951,1.35201176904061,S5_43329831,5,106.5862469,6.4355601343795,S5_44003086,5,115.1315049,5.53789906672578,water_lost_23_BP14,wet,BP,14,raw
S6_31006529,6,59.39487638,3.56172205827034,3.93825852763967,5.01497505693781,1.23420330777111,S6_29065113,6,49.8232161,1.72701212571343,S6_33383362,6,78.16213009,1.78002976220465,water_lost_23_BP14,wet,BP,14,raw
S7_19532160,7,51.17962841,5.29735572140673,5.99952782889732,-6.08151178153123,1.21261533496743,S7_17849585,7,42.46452593,3.79662454680708,S7_19976887,7,53.27530926,3.59147455221222,water_lost_23_BP14,wet,BP,14,raw
S7_32133319,7,99.94477983,8.84783559836515,10.5304425861984,-11.8690918109975,1.78634038488762,S7_31956171,7,96.48121012,5.97375999750154,S7_32940091,7,101.9471039,4.02724541866309,water_lost_23_BP14,wet,BP,14,raw
S9_6724364,9,34.93391023,12.7043937180594,15.971704472038,10.8866712319958,1.33042229676723,S9_6501061,9,33.93753996,11.0572880932893,S9_7142713,9,35.91474829,10.7178098425795,water_lost_23_BP14,wet,BP,14,raw
S2_44784129,2,96.94547802,11.9335708881034,11.3705221073052,9.05366070498559,1.15860976083546,S2_44209808,2,93.99718694,9.9222976369084,S2_45043544,2,98.51301522,10.0812333373833,water_lost_24_BP14,wet,BP,14,raw
S5_5909140,5,40.32890934,4.3373678954779,3.71460864152003,6.1720206970514,1.38189171458067,S5_5107998,5,37.40304223,2.38356408321693,S5_6876512,5,42.79131694,2.54275505668758,water_lost_24_BP14,wet,BP,14,raw
S5_32800961,5,79.00989287,4.50596000183568,3.86799271903435,-5.87548018230349,1.28915077297319,S5_30043124,5,71.92483855,2.92505990881659,S5_33682130,5,82.14795514,2.79097268896248,water_lost_24_BP14,wet,BP,14,raw
S5_43714262,5,109.7001769,7.43175466590813,6.64452322536189,-7.95045346439876,1.33095434868008,S5_43575577,5,107.8767063,5.1372159904079,S5_44163859,5,116.340362,5.07930651563299,water_lost_24_BP14,wet,BP,14,raw
S6_33052891,6,73.8397152,6.05536931361254,5.31092714517911,6.13361297648803,1.14850890983538,S6_31738921,6,62.88206621,4.07419642738738,S6_33383362,6,78.16213009,3.87273206772468,water_lost_24_BP14,wet,BP,14,raw
S7_19153030,7,49.2934369,3.30602921571339,2.79140038780912,15.4045661795923,3.97870350596944,S7_19017756,7,48.58182999,1.41633171514151,S7_19236553,7,49.76776198,1.44521220852157,water_lost_24_BP14,wet,BP,14,raw
S7_19532160,7,51.17962841,5.95208303944744,5.21284320257487,-21.0226685132456,3.9733212775326,4,7,50.71621801,2.41219548628032,6,7,51.64603332,2.16567067202666,water_lost_24_BP14,wet,BP,14,raw
S7_32133319,7,99.94477983,13.025757410506,12.6066269847553,-14.0266255627981,1.70473518123188,S7_31956171,7,96.48121012,8.18844259938709,S7_32940091,7,101.9471039,7.32931466615826,water_lost_24_BP14,wet,BP,14,raw
S9_6724364,9,34.93391023,14.1581098882814,13.9273959385703,10.9637497591827,1.26773162642934,S9_6501061,9,33.93753996,12.4773708130215,S9_7478538,9,36.4077051,12.2111478835034,water_lost_24_BP14,wet,BP,14,raw
S2_44784129,2,96.94547802,11.7245980730093,10.8007561176927,8.90496694792374,1.15140709644889,S2_44209808,2,93.99718694,9.76834427544069,S2_45156658,2,100.2097111,10.1687620731069,water_lost_25_BP14,wet,BP,14,raw
S5_5909140,5,40.32890934,4.53433158087322,3.77592086940274,6.27991122076865,1.3733009857821,S5_5107998,5,37.40304223,2.66859275213218,S5_6876512,5,42.79131694,2.60833843489482,water_lost_25_BP14,wet,BP,14,raw
S5_32800961,5,79.00989287,4.98687592392384,4.17885592064421,-6.16311769292725,1.2811365815903,S5_30043124,5,71.92483855,3.30338902804708,S5_33682130,5,82.14795514,3.20363071533433,water_lost_25_BP14,wet,BP,14,raw
S5_43714262,5,109.7001769,7.36787460754699,6.38215535038236,-7.86348195023895,1.32268027935023,S5_43575577,5,107.8767063,4.92415056495132,S5_44163859,5,116.340362,5.37464510724892,water_lost_25_BP14,wet,BP,14,raw
S6_33052891,6,73.8397152,6.33853271270626,5.41217322879831,6.24867967508281,1.14136903884329,S6_31738921,6,62.88206621,4.30172140852344,S6_33383362,6,78.16213009,4.14722403140021,water_lost_25_BP14,wet,BP,14,raw
S7_19153030,7,49.2934369,3.90551668157908,3.22417597177709,16.7077894688052,3.95396932279933,S7_19017756,7,48.58182999,1.76283149902212,S7_19236553,7,49.76776198,1.67891297201577,water_lost_25_BP14,wet,BP,14,raw
S7_19532160,7,51.17962841,6.83370644321752,5.87541605002281,-22.5237679624859,3.94862055376046,4,7,50.71621801,2.83221192468434,6,7,51.64603332,2.45270095514639,water_lost_25_BP14,wet,BP,14,raw
S7_32133319,7,99.94477983,13.2269487784944,12.4494468122516,-14.0669518212614,1.69413744954218,S7_31956171,7,96.48121012,8.39812979435708,S7_32940091,7,101.9471039,7.92900831888724,water_lost_25_BP14,wet,BP,14,raw
S9_6724364,9,34.93391023,14.8567042144468,14.3154816705693,11.2175588485798,1.25985059025471,S9_6501061,9,33.93753996,13.2838137079423,S9_7478538,9,36.4077051,12.8188538439388,water_lost_25_BP14,wet,BP,14,raw
S2_44752288,2,96.94547487,10.4935410523484,9.68439419010081,8.22969014666877,1.13467139712406,S2_44209808,2,93.99718694,8.93361350454915,S2_45322381,2,101.3191103,8.0244239722027,water_lost_26_BP14,wet,BP,14,raw
S5_5909140,5,40.32890934,4.30621921691083,3.64447939192689,6.02591066950301,1.35434027100469,S5_3784105,5,31.79416992,2.63986930604083,S5_6876512,5,42.79131694,2.4027536540568,water_lost_26_BP14,wet,BP,14,raw
S5_32842706,5,79.24736643,4.98947282355473,4.26282477718537,-6.12381255286527,1.27261196010429,S5_30043124,5,71.92483855,3.36000551760781,S5_33682130,5,82.14795514,3.33841569967565,water_lost_26_BP14,wet,BP,14,raw
S5_43714262,5,109.7001769,6.93950415798469,6.09187229073113,-7.50366926721101,1.30443108946445,S5_43575577,5,107.8767063,4.47804012725737,S5_44163859,5,116.340362,5.35667246510918,water_lost_26_BP14,wet,BP,14,raw
S6_33052891,6,73.8397152,6.29112101313969,5.47296306497789,6.11854068545409,1.12217204634199,S6_31738921,6,62.88206621,4.24461470697779,S6_33383362,6,78.16213009,4.15483648288446,water_lost_26_BP14,wet,BP,14,raw
S7_19142249,7,49.29343585,4.3664523298771,3.69853161030539,17.4448490009016,3.89202301447271,S7_19017756,7,48.58182999,2.05059049846081,S7_19236553,7,49.76776198,1.86937967983803,water_lost_26_BP14,wet,BP,14,raw
S7_19532160,7,51.17962841,7.3664038233112,6.50534141557104,-23.1044615723886,3.88672360110651,S7_19446572,7,50.71621801,3.18396721006194,S7_19580554,7,51.64603332,2.54082026756191,water_lost_26_BP14,wet,BP,14,raw
S7_32133319,7,99.94477983,12.0027729230725,11.3177466965175,-13.058073298582,1.66541307410967,S7_31956171,7,96.48121012,7.80117007864546,S7_32940091,7,101.9471039,7.58631607885265,water_lost_26_BP14,wet,BP,14,raw
S9_6724364,9,34.93391023,14.5716070205346,14.2561135309712,10.9213485255748,1.24107648359016,S9_6184858,9,32.79210864,11.881824938192,S9_7478538,9,36.4077051,12.5681552231339,water_lost_26_BP14,wet,BP,14,raw
S2_45043544,2,98.51301522,7.92443858130741,7.20435935471239,6.73551998673535,1.08818955283919,S2_44257418,2,94.71205672,6.19497418188332,S2_45383324,2,101.8130854,6.38639717020963,water_lost_27_BP14,wet,BP,14,raw
S5_5909140,5,40.32890934,4.0526228230604,3.49117944839784,5.59026309098616,1.29741007996125,S5_3305368,5,29.69245615,1.35507831184696,S5_6876512,5,42.79131694,2.15526955916476,water_lost_27_BP14,wet,BP,14,raw
S5_33184214,5,79.95790853,7.20016670437719,6.47983028801958,-7.03965072090277,1.19922425182933,S5_31260652,5,76.16548797,5.40967213941213,S5_33682130,5,82.14795514,5.45840271935216,water_lost_27_BP14,wet,BP,14,raw
S5_44003086,5,115.1315049,5.41807277064061,4.75646770126907,-5.86600391164768,1.16635613716009,S5_43575577,5,107.8767063,2.97761003768051,S5_44336611,5,119.8635321,3.40974654814546,water_lost_27_BP14,wet,BP,14,raw
S6_32699814,6,72.8434198,5.81858416153463,5.13656426492216,5.58012844538628,1.06767466993419,S6_31738921,6,62.88206621,4.02906629780666,S6_33383362,6,78.16213009,3.56524690565854,water_lost_27_BP14,wet,BP,14,raw
S7_19142249,7,49.29343585,4.70147053811298,4.0865974981038,17.2950779365779,3.70998964685474,S7_19017756,7,48.58182999,2.20917006023382,S7_19236553,7,49.76776198,2.05269958288373,water_lost_27_BP14,wet,BP,14,raw
S7_19532160,7,51.17962841,7.90120399197777,7.18089514227275,-22.9377804988949,3.71187383740498,S7_19446572,7,50.71621801,3.2096472621952,S7_19580554,7,51.64603332,2.74088660065961,water_lost_27_BP14,wet,BP,14,raw
S7_32133319,7,99.94477983,9.87807827615536,9.23108423151903,-11.1390327835891,1.58983565228315,S7_31956171,7,96.48121012,7.15316782563725,S7_32940091,7,101.9471039,6.27209396613266,water_lost_27_BP14,wet,BP,14,raw
S9_6724364,9,34.93391023,17.2870873640002,17.9701068946221,11.5158813129074,1.17802079425123,S9_6501061,9,33.93753996,15.3726370757038,S9_7478538,9,36.4077051,14.7822458064908,water_lost_27_BP14,wet,BP,14,raw
S2_45043544,2,98.51301522,6.77204459164255,7.56897141442987,6.33564327685855,1.10930951533211,S2_44257418,2,94.71205672,4.65071378244599,S2_46205850,2,108.8915883,5.00680507164175,water_lost_28_BP14,wet,BP,14,raw
S5_36228372,5,87.89272881,5.23603566547813,5.72848116682783,-5.6468087025635,1.13648520049602,S5_32611224,5,78.29328827,3.73071904241066,S5_37515682,5,90.62442906,3.55996174683974,water_lost_28_BP14,wet,BP,14,raw
S5_44003086,5,115.1315049,4.97123844693159,5.41886058341039,-5.70065388530083,1.17964447763924,S5_43575577,5,107.8767063,2.44057349243428,S5_44418942,5,120.9842738,3.04166713731511,water_lost_28_BP14,wet,BP,14,raw
S6_33052891,6,73.8397152,4.3926134141449,4.74996884557594,4.97521867999423,1.09963169194235,S6_31888552,6,65.16886519,2.3116055357476,S6_34951956,6,89.06997041,2.40237407470171,water_lost_28_BP14,wet,BP,14,raw
S7_19532160,7,51.17962841,6.81609109640809,7.62288700576801,-6.3952346992028,1.11577647439988,S7_19153030,7,49.2934369,4.24786116392865,S7_19644932,7,51.8739576,5.06349065156621,water_lost_28_BP14,wet,BP,14,raw
S7_31582647,7,94.06477091,7.30766150527098,8.22898454931452,-8.02747172204424,1.34798827614683,S7_31178325,7,89.28412826,4.27958179867501,S7_32940091,7,101.9471039,3.77820191509962,water_lost_28_BP14,wet,BP,14,raw
S9_6724364,9,34.93391023,14.9802167976822,18.814190435713,11.0387455399192,1.22590667172315,S9_6184858,9,32.79210864,12.8431159334107,S9_7478538,9,36.4077051,12.5173237614484,water_lost_28_BP14,wet,BP,14,raw
S2_45043544,2,98.51301522,6.23111147330084,7.23679420910423,5.68683382598873,1.04195115555151,S2_44316069,2,95.42815792,4.70898559409218,S2_46329239,2,110.0512946,4.40949865928352,water_lost_29_BP14,wet,BP,14,raw
S5_36330301,5,87.89272986,5.93229051363939,6.86115292970481,-5.6661051002943,1.06619345029917,S5_33076702,5,79.72354181,4.20767806568029,S5_37515682,5,90.62442906,4.14968730247549,water_lost_29_BP14,wet,BP,14,raw
S5_44003086,5,115.1315049,4.53237656264479,5.14128192087805,-5.09253670978905,1.10700196793377,52,5,107.8767063,2.06030677459882,65,5,120.9842738,2.84301604467814,water_lost_29_BP14,wet,BP,14,raw
S6_33052891,6,73.8397152,4.38527827034586,4.96432141257647,4.65915880439439,1.03068866869024,S6_31888552,6,65.16886519,2.31927055722177,S6_34951956,6,89.06997041,2.443758901502,water_lost_29_BP14,wet,BP,14,raw
S7_19532160,7,51.17962841,6.1957778669561,7.19221842641194,-5.70704006923518,1.0488887362346,S7_19153030,7,49.2934369,3.83532936356778,S7_19644932,7,51.8739576,4.64268588643545,water_lost_29_BP14,wet,BP,14,raw
S7_31582647,7,94.06477091,6.15176793771231,7.13675649822846,-6.8644763488997,1.2665049967179,S7_31178325,7,89.28412826,3.85596992004975,S7_32940091,7,101.9471039,3.02259569540821,water_lost_29_BP14,wet,BP,14,raw
S9_6930910,9,35.42306752,14.2794150993425,18.5875809897667,9.99451317246432,1.14261558090347,S9_6184858,9,32.79210864,11.9432325618789,S9_7478538,9,36.4077051,12.1000926510368,water_lost_29_BP14,wet,BP,14,raw
S2_45980428,2,106.3362737,5.07540373775969,8.21710395144064,5.45162485830001,1.10548193156304,S2_44908249,2,97.68940295,2.85218317170769,S2_46462460,2,111.1160166,3.47316872831039,water_lost_30_BP14,wet,BP,14,raw
S5_33587455,5,80.92708184,4.62190508510816,7.43606519555326,-5.2873833549743,1.12707880073923,S5_29994074,5,71.02984202,3.09536586569044,S5_43054075,5,105.0885057,3.10750490879407,water_lost_30_BP14,wet,BP,14,raw
S7_31834678,7,96.02018118,4.30636883896409,6.8982653237377,-6.24206527881511,1.38147628825547,S7_19236553,7,49.76776198,2.68921571212498,S7_32940091,7,101.9471039,2.3227390655945,water_lost_30_BP14,wet,BP,14,raw
S9_6930910,9,35.42306752,12.5336470160096,22.5392618299983,9.9733591721672,1.22111535237098,S9_6501061,9,33.93753996,10.152930674364,S9_7478538,9,36.4077051,10.1598166403224,water_lost_30_BP14,wet,BP,14,raw
S2_45043544,2,98.51301522,3.93765693695151,7.51202060974416,4.97013835601613,1.14977492783942,S2_41547545,2,82.9539568,1.92754669881833,S2_46205850,2,108.8915883,2.36177941313747,water_lost_31_BP14,wet,BP,14,raw
S5_42739726,5,104.1345531,4.69521854732962,9.05144205681329,-5.97999991531694,1.26027415764678,S5_33076702,5,79.72354181,3.06359337291903,S5_43769059,5,111.9145952,1.71012038601939,water_lost_31_BP14,wet,BP,14,raw
S9_6930910,9,35.42306752,8.29525754521135,16.8147031033784,8.10231845863549,1.25281645290673,S9_6501061,9,33.93753996,6.30858971379992,S9_7783026,9,36.65100204,6.52621957107209,water_lost_31_BP14,wet,BP,14,raw
S5_42739726,5,104.1345531,3.53084430239353,8.04449513220407,-5.78417771825466,1.41279166376096,S5_32958541,5,79.48545407,1.87588498589411,S5_44163859,5,116.340362,1.81632374465991,water_lost_32_BP14,wet,BP,14,raw
S9_6930910,9,35.42306752,4.6701496402367,10.8087846547106,6.65976741893424,1.40331937826632,S9_6501061,9,33.93753996,2.88755677454755,S9_8378425,9,38.05852079,2.9772528298629,water_lost_32_BP14,wet,BP,14,raw
S5_42739726,5,104.1345531,3.34566594657063,8.18070411849775,-5.34512947875192,1.34221792294047,S5_35318061,5,85.14836478,1.5301651647446,S5_44418942,5,120.9842738,1.77843845497517,water_lost_33_BP14,wet,BP,14,raw
S9_6930910,9,35.42306752,3.3018952320993,8.0686402583692,5.30821144396215,1.34217202968416,S9_5633611,9,31.52841363,1.57372085774049,S9_9022705,9,39.59727801,1.56611339456271,water_lost_33_BP14,wet,BP,14,raw
S9_6487121,9,33.93753891,3.9649946777324,10.1841459752482,-2.04894103076321,0.469449642454445,S9_5633611,9,31.52841363,2.19961766565533,S9_10073675,9,45.61491815,1.96298163494331,water_lost_17_BP14,diff,BP,14,comp_diff
S9_6487121,9,33.93753891,3.9649946777324,10.1841459752482,0.0249677658124705,0.00572056909279845,S9_5633611,9,31.52841363,2.19961766565537,S9_10073675,9,45.61491815,1.96298163494331,water_lost_17_BP14,diff,BP,14,comp_rel_diff
S2_44586954,2,96.05450929,6.04620331494,10.2820636776916,-2.63395161464333,0.4875515022952,S2_43100924,2,89.4251276,4.27885382109334,S2_44908249,2,97.68940295,4.24285219029237,water_lost_18_BP14,diff,BP,14,comp_diff
S5_43706919,5,109.5147878,5.23634987389453,8.80523739231358,2.66684095773253,0.533432451596775,S5_43240044,5,106.0943485,3.32601393654071,S5_44003086,5,115.1315049,2.90292366487625,water_lost_18_BP14,diff,BP,14,comp_diff
S7_16511236,7,33.24039283,3.83899832143353,6.33201981870081,2.04809942403851,0.483095234582591,S7_13950231,7,22.25953203,1.87909340399937,S7_17697912,7,42.22766767,2.02041669468308,water_lost_18_BP14,diff,BP,14,comp_diff
S7_32133319,7,99.94477983,3.67606700974103,6.04968952129286,2.96793860839576,0.716211385809655,S7_31178325,7,89.28412826,1.74266429624398,S7_32940091,7,101.9471039,1.70039441137054,water_lost_18_BP14,diff,BP,14,comp_diff
S9_6724364,9,34.93391023,6.9070327884869,11.8877798717696,-3.1252559617607,0.53800717282448,S9_6184858,9,32.79210864,4.71198428328752,S9_8182398,9,37.12013546,5.15269795902048,water_lost_18_BP14,diff,BP,14,comp_diff
S2_44586954,2,96.05450929,6.04620331493999,10.2820636776917,0.0278346712207087,0.00515227223389492,S2_43100924,2,89.4251276,4.27885382109337,S2_44908249,2,97.68940295,4.24285219029235,water_lost_18_BP14,diff,BP,14,comp_rel_diff
S5_43706919,5,109.5147878,5.23634987389451,8.80523739231361,-0.0281822341928088,0.00563712591609753,S5_43240044,5,106.0943485,3.32601393654071,S5_44003086,5,115.1315049,2.90292366487628,water_lost_18_BP14,diff,BP,14,comp_rel_diff
S7_16511236,7,33.24039283,3.83899832143352,6.33201981870088,-0.0216435920001342,0.00510517996919182,S7_13950231,7,22.25953203,1.87909340399935,S7_17697912,7,42.22766767,2.02041669468309,water_lost_18_BP14,diff,BP,14,comp_rel_diff
S7_32133319,7,99.94477983,3.67606700974099,6.04968952129286,-0.0313641279166513,0.00756866919563343,S7_31178325,7,89.28412826,1.74266429624396,S7_32940091,7,101.9471039,1.7003944113705,water_lost_18_BP14,diff,BP,14,comp_rel_diff
S9_6724364,9,34.93391023,6.90703278848689,11.8877798717697,0.0330266021944174,0.00568546995574946,S9_6184858,9,32.79210864,4.71198428328756,S9_8182398,9,37.12013546,5.15269795902048,water_lost_18_BP14,diff,BP,14,comp_rel_diff
S2_44586954,2,96.05450929,7.1627907617069,11.6418948393618,-3.63778178530636,0.613857599888674,S2_43481897,2,90.13407682,5.50086101523096,S2_44908249,2,97.68940295,5.21883156453173,water_lost_19_BP14,diff,BP,14,comp_diff
S5_43706919,5,109.5147878,5.71046594064086,9.09539838086841,3.51799003353553,0.671624562530143,S5_43240044,5,106.0943485,3.64008562609892,S5_44003086,5,115.1315049,3.33100653814,water_lost_19_BP14,diff,BP,14,comp_diff
S7_16511236,7,33.24039283,3.94932297303195,6.13885432143032,2.61746405480596,0.608246882272903,S7_13950231,7,22.25953203,1.8607691841689,S7_17944289,7,43.32050333,2.0161747228156,water_lost_19_BP14,diff,BP,14,comp_diff
S7_32133319,7,99.94477983,4.37975315395585,6.84847458774846,4.09866529304565,0.901754584359496,S7_31178325,7,89.28412826,1.9322766354752,S7_32940091,7,101.9471039,2.04800493019822,water_lost_19_BP14,diff,BP,14,comp_diff
S9_6724364,9,34.93391023,7.97335854494523,13.1073094058297,-4.25940710089472,0.677384420472901,S9_6184858,9,32.79210864,5.34611337359888,S9_7478538,9,36.4077051,5.96850819650465,water_lost_19_BP14,diff,BP,14,comp_diff
S2_44586954,2,96.05450929,7.16279076170687,11.6418948393617,0.0339741535929282,0.00573296959895788,S2_43481897,2,90.13407682,5.50086101523089,S2_44908249,2,97.68940295,5.21883156453167,water_lost_19_BP14,diff,BP,14,comp_rel_diff
S5_43706919,5,109.5147878,5.71046594064082,9.09539838086831,-0.0328553884734076,0.00627246970567275,S5_43240044,5,106.0943485,3.64008562609891,S5_44003086,5,115.1315049,3.33100653813997,water_lost_19_BP14,diff,BP,14,comp_rel_diff
S7_16511236,7,33.24039283,3.94932297303193,6.13885432143039,-0.0244451512130647,0.00568056970438072,S7_13950231,7,22.25953203,1.86076918416896,S7_17944289,7,43.32050333,2.01617472281564,water_lost_19_BP14,diff,BP,14,comp_rel_diff
S7_32133319,7,99.94477983,4.37975315395582,6.84847458774852,-0.038278459899488,0.00842171151549063,S7_31178325,7,89.28412826,1.93227663547527,S7_32940091,7,101.9471039,2.04800493019834,water_lost_19_BP14,diff,BP,14,comp_rel_diff
S9_6724364,9,34.93391023,7.97335854494519,13.1073094058296,0.0397796678308508,0.00632626245905096,S9_6184858,9,32.79210864,5.34611337359883,S9_7478538,9,36.4077051,5.96850819650458,water_lost_19_BP14,diff,BP,14,comp_rel_diff
S2_44586954,2,96.05450929,8.04259367479507,12.6236595163226,-4.72239623086559,0.747412007125251,S2_43481897,2,90.13407682,6.01528098508041,S2_44908249,2,97.68940295,6.08493861068711,water_lost_20_BP14,diff,BP,14,comp_diff
S5_43706919,5,109.5147878,5.9614326746167,9.08889086589326,4.38413748965459,0.81774708402455,S5_43240044,5,106.0943485,3.80035191117381,S5_44003086,5,115.1315049,3.57608438948389,water_lost_20_BP14,diff,BP,14,comp_diff
S7_16511236,7,33.24039283,3.93570334651347,5.83445640262783,3.18113603633559,0.740580589357715,S7_14596913,7,23.66485032,2.34263954956881,S7_18647587,7,45.61589714,2.39981173812534,water_lost_20_BP14,diff,BP,14,comp_diff
S7_32133319,7,99.94477983,5.13266660089919,7.73581648913904,5.43054714910793,1.09794552344511,S7_31814279,7,95.55378553,3.43949558586596,S7_32940091,7,101.9471039,2.46986646152289,water_lost_20_BP14,diff,BP,14,comp_diff
S9_6724364,9,34.93391023,8.83214508424578,14.0176924611021,-5.49130565715412,0.824760089950574,S9_6184858,9,32.79210864,5.87941747949321,S9_7478538,9,36.4077051,6.66330122455802,water_lost_20_BP14,diff,BP,14,comp_diff
S2_44586954,2,96.05450929,8.04259367479512,12.6236595163227,0.0396731830094395,0.00627906086073965,S2_43481897,2,90.13407682,6.01528098508046,S2_44908249,2,97.68940295,6.0849386106872,water_lost_20_BP14,diff,BP,14,comp_rel_diff
S5_43706919,5,109.5147878,5.96143267461668,9.08889086589323,-0.0368314475242011,0.00686995079063811,S5_43240044,5,106.0943485,3.8003519111738,S5_44003086,5,115.1315049,3.5760843894838,water_lost_20_BP14,diff,BP,14,comp_rel_diff
S7_16511236,7,33.24039283,3.93570334651345,5.83445640262781,-0.0267249476701221,0.00622166963940714,S7_14596913,7,23.66485032,2.34263954956876,S7_18647587,7,45.61589714,2.39981173812534,water_lost_20_BP14,diff,BP,14,comp_rel_diff
S7_32133319,7,99.94477983,5.13266660089926,7.73581648913916,-0.0456224087000126,0.00922391759533664,S7_31814279,7,95.55378553,3.43949558586601,S7_32940091,7,101.9471039,2.46986646152299,water_lost_20_BP14,diff,BP,14,comp_rel_diff
S9_6724364,9,34.93391023,8.83214508424573,14.0176924611021,0.0461328452011561,0.00692886754686684,S9_6184858,9,32.79210864,5.87941747949321,S9_7478538,9,36.4077051,6.66330122455801,water_lost_20_BP14,diff,BP,14,comp_rel_diff
S2_44586954,2,96.05450929,8.71137198354235,13.2929024879478,-5.7352304675479,0.868084458542296,S2_44209808,2,93.99718694,6.28775242443167,S2_44908249,2,97.68940295,6.79761242541614,water_lost_21_BP14,diff,BP,14,comp_diff
S5_43714208,5,109.7001758,6.09820548576223,8.97119309276745,5.18065946279301,0.954511048690259,S5_43329831,5,106.5862469,4.4999811800607,S5_44003086,5,115.1315049,3.71601813431785,water_lost_21_BP14,diff,BP,14,comp_diff
S7_16511236,7,33.24039283,3.7493007026048,5.33917649114564,3.60575982172326,0.861153701437046,S7_14559796,7,22.95825909,1.83089664752754,S7_19644932,7,51.8739576,1.94525081634947,water_lost_21_BP14,diff,BP,14,comp_diff
S7_32133319,7,99.94477983,5.90126401745789,8.65771626425774,6.8094986572988,1.27712815776683,S7_31956171,7,96.48121012,3.77180712164665,S7_32940091,7,101.9471039,2.95950754131268,water_lost_21_BP14,diff,BP,14,comp_diff
S9_6724364,9,34.93391023,9.17517853937428,14.0924373144312,-6.5323678379379,0.960281566063402,S9_6184858,9,32.79210864,6.0344025489293,S9_7478538,9,36.4077051,6.9304987915677,water_lost_21_BP14,diff,BP,14,comp_diff
S2_44586954,2,96.05450929,8.71137198354234,13.2929024879478,0.0440837338179904,0.00667251375833107,S2_44209808,2,93.99718694,6.28775242443168,S2_44908249,2,97.68940295,6.79761242541613,water_lost_21_BP14,diff,BP,14,comp_rel_diff
S5_43714208,5,109.7001758,6.09820548576215,8.97119309276736,-0.0398210349264422,0.00733683000794612,S5_43329831,5,106.5862469,4.49998118006063,S5_44003086,5,115.1315049,3.71601813431778,water_lost_21_BP14,diff,BP,14,comp_rel_diff
S7_16511236,7,33.24039283,3.74930070260474,5.33917649114554,-0.0277156004613734,0.0066192406330201,S7_14559796,7,22.95825909,1.8308966475275,S7_19644932,7,51.8739576,1.94525081634942,water_lost_21_BP14,diff,BP,14,comp_rel_diff
S7_32133319,7,99.94477983,5.90126401745786,8.65771626425769,-0.0523410746858214,0.00981661993829602,S7_31956171,7,96.48121012,3.77180712164668,S7_32940091,7,101.9471039,2.95950754131264,water_lost_21_BP14,diff,BP,14,comp_rel_diff
S9_6724364,9,34.93391023,9.1751785393742,14.0924373144311,0.0502109142079478,0.00738118497385536,S9_6184858,9,32.79210864,6.03440254892928,S9_7478538,9,36.4077051,6.93049879156765,water_lost_21_BP14,diff,BP,14,comp_rel_diff
S2_44586954,2,96.05450929,9.57066401627569,14.1998661248543,-6.97023266812115,1.00045854737701,S2_44257418,2,94.71205672,8.00424153080415,S2_44908249,2,97.68940295,7.80863075136672,water_lost_22_BP14,diff,BP,14,comp_diff
S5_43714208,5,109.7001758,6.13796178437534,8.67877667326101,5.99174587455383,1.10006431728029,S5_43575577,5,107.8767063,4.60594799370922,S5_44003086,5,115.1315049,3.85323837303472,water_lost_22_BP14,diff,BP,14,comp_diff
S7_16511236,7,33.24039283,3.50507101930696,4.77866430473432,4.0112257382176,0.992470920001,S7_14596913,7,23.66485032,1.90543508918459,S7_21479861,7,59.36936369,1.89459283470262,water_lost_22_BP14,diff,BP,14,comp_diff
S7_32133319,7,99.94477983,7.06092580705303,10.1131596025726,8.65408347551878,1.47187726834696,S7_31956171,7,96.48121012,4.81362374515227,S7_32940091,7,101.9471039,3.69778640704467,water_lost_22_BP14,diff,BP,14,comp_diff
S9_6724364,9,34.93391023,9.69556095020217,14.4105887789931,-7.76752435962473,1.1067147801148,S9_6184858,9,32.79210864,6.41893469017759,S9_7478538,9,36.4077051,7.4040514965249,water_lost_22_BP14,diff,BP,14,comp_diff
S2_44586954,2,96.05450929,9.57066401627565,14.1998661248542,0.0491480015394884,0.00705436110498356,S2_44257418,2,94.71205672,8.00424153080408,S2_44908249,2,97.68940295,7.8086307513667,water_lost_22_BP14,diff,BP,14,comp_rel_diff
S5_43714208,5,109.7001758,6.13796178437526,8.67877667326098,-0.0422485660792401,0.0077566941210589,S5_43575577,5,107.8767063,4.60594799370919,S5_44003086,5,115.1315049,3.85323837303472,water_lost_22_BP14,diff,BP,14,comp_rel_diff
S7_16511236,7,33.24039283,3.50507101930693,4.77866430473436,-0.0282836654303958,0.00699803932330639,S7_14596913,7,23.66485032,1.90543508918454,S7_21479861,7,59.36936369,1.8945928347026,water_lost_22_BP14,diff,BP,14,comp_rel_diff
S7_32133319,7,99.94477983,7.06092580705294,10.1131596025725,-0.0610210488270985,0.010378394767438,S7_31956171,7,96.48121012,4.81362374515222,S7_32940091,7,101.9471039,3.69778640704461,water_lost_22_BP14,diff,BP,14,comp_rel_diff
S9_6724364,9,34.93391023,9.69556095020216,14.4105887789932,0.0547698071731304,0.00780358738462578,S9_6184858,9,32.79210864,6.41893469017763,S9_7478538,9,36.4077051,7.4040514965249,water_lost_22_BP14,diff,BP,14,comp_rel_diff
S2_44586954,2,96.05450929,3.59879455372335,8.34640400372909,-0.0232404133702375,0.00562002219219906,S2_41547545,2,82.9539568,1.96662241604968,S2_46820675,2,113.8524469,1.70001727253123,water_lost_22_BP14,diff,BP,14,comp_ratio
S7_32133319,7,99.94477983,4.44694276090011,10.4347870947433,0.0383209393139886,0.00828778036073015,S7_31956171,7,96.48121012,1.67281556420893,S7_32940091,7,101.9471039,2.32079716682549,water_lost_22_BP14,diff,BP,14,comp_ratio
S2_44586954,2,96.05450929,9.8635212139058,14.3168753330435,-7.76714437886976,1.09589553112744,S2_44257418,2,94.71205672,7.9999295565468,S2_45043544,2,98.51301522,7.50846624076368,water_lost_23_BP14,diff,BP,14,comp_diff
S5_43714208,5,109.7001758,6.16633879057575,8.49785222264953,6.58050468638476,1.20513726283754,S5_42719546,5,103.4003774,4.01327157996349,S5_44003086,5,115.1315049,3.90669643088453,water_lost_23_BP14,diff,BP,14,comp_diff
S7_19532160,7,51.17962841,3.83000517989001,5.11008336936075,4.67833313076397,1.10486457770054,S7_16359609,7,32.72868696,2.2280426375515,S7_20791180,7,57.68635809,2.20289355829627,water_lost_23_BP14,diff,BP,14,comp_diff
S7_32133319,7,99.94477983,6.43300050997504,8.89833126151256,9.11419369085791,1.63115739220167,S7_31956171,7,96.48121012,3.98374895492545,S7_32940091,7,101.9471039,3.18285602496179,water_lost_23_BP14,diff,BP,14,comp_diff
S9_6724364,9,34.93391023,9.26687650173203,13.3379339578318,-8.31770579097685,1.21588128237985,S9_6184858,9,32.79210864,7.04973351501924,S9_7142713,9,35.91474829,7.71641542685277,water_lost_23_BP14,diff,BP,14,comp_diff
S2_44586954,2,96.05450929,9.86352121390581,14.3168753330435,0.0513352948528803,0.0072430892840655,S2_44257418,2,94.71205672,7.99992955654681,S2_45043544,2,98.51301522,7.50846624076366,water_lost_23_BP14,diff,BP,14,comp_rel_diff
S5_43714208,5,109.7001758,6.16633879057579,8.49785222264956,-0.0434924512637268,0.00796509936061733,S5_42719546,5,103.4003774,4.01327157996349,S5_44003086,5,115.1315049,3.90669643088455,water_lost_23_BP14,diff,BP,14,comp_rel_diff
S7_19532160,7,51.17962841,3.83000517989002,5.11008336936074,-0.0309204514520322,0.00730236829677859,S7_16359609,7,32.72868696,2.22804263755148,S7_20791180,7,57.68635809,2.20289355829628,water_lost_23_BP14,diff,BP,14,comp_rel_diff
S7_32133319,7,99.94477983,6.43300050997509,8.8983312615126,-0.0602383318300741,0.0107807891286183,S7_31956171,7,96.48121012,3.98374895492547,S7_32940091,7,101.9471039,3.18285602496181,water_lost_23_BP14,diff,BP,14,comp_rel_diff
S9_6724364,9,34.93391023,9.26687650173203,13.3379339578318,0.0549741138378891,0.00803610968103966,S9_6184858,9,32.79210864,7.04973351501922,S9_7142713,9,35.91474829,7.71641542685278,water_lost_23_BP14,diff,BP,14,comp_rel_diff
S2_42812846,2,87.01798226,3.52387676957111,6.58824888525175,-0.0216473413805426,0.00532484623658018,S2_41724219,2,83.18720932,1.99651560831686,S2_46901860,2,114.5694173,1.74693627297722,water_lost_23_BP14,diff,BP,14,comp_ratio
S3_7095091,3,46.70151328,5.21917707644868,9.9889639710653,0.172256903802265,0.03441152483185,S3_6422015,3,45.16807388,1.67164984984198,S3_7261171,3,47.15534623,0,water_lost_23_BP14,diff,BP,14,comp_ratio
S3_7261171,3,47.15534623,6.24424876084016,12.1222830723922,-0.18954477383837,0.0343721824018815,S3_7095091,3,46.70151328,0,S3_7475161,3,47.62432066,2.3211885212138,water_lost_23_BP14,diff,BP,14,comp_ratio
S7_32133319,7,99.94477983,6.74352771666649,13.183003595146,0.0448536678058418,0.00779970686349867,S7_31956171,7,96.48121012,3.01010979043994,S7_32940091,7,101.9471039,4.61448085615799,water_lost_23_BP14,diff,BP,14,comp_ratio
S2_44586954,2,96.05450929,12.6934661674703,14.5910589212845,-8.350574007388,1.02733583362098,S2_44257418,2,94.71205672,11.0264890126791,S2_44908249,2,97.68940295,11.0808652183287,water_lost_24_BP14,diff,BP,14,comp_diff
S5_5909140,5,40.32890934,5.38103907354425,5.57963019243266,-6.22870784751878,1.23918105794385,S5_5107998,5,37.40304223,3.54455962701992,S5_6876512,5,42.79131694,3.06135831521667,water_lost_24_BP14,diff,BP,14,comp_diff
S5_32800961,5,79.00989287,4.36759635980799,4.46569628927002,5.23462726428234,1.16407425402813,17,5,54.65284585,2.32210368258557,82,5,83.87504444,2.48645814948351,water_lost_24_BP14,diff,BP,14,comp_diff
S5_43714208,5,109.7001758,7.84054918322231,8.41366154108477,7.41076019317867,1.20063155743107,S5_43575577,5,107.8767063,6.07130924769611,S5_44003086,5,115.1315049,6.02583498633589,water_lost_24_BP14,diff,BP,14,comp_diff
S6_33052891,6,73.8397152,4.34122678849757,4.43711820483365,-4.61037773994125,1.02855027198392,S6_31888552,6,65.16886519,2.75381370552338,S6_33383362,6,78.16213009,2.48103693882995,water_lost_24_BP14,diff,BP,14,comp_diff
S7_19532160,7,51.17962841,5.06113339641215,5.22469463020653,5.06283456925299,1.0408851045228,S7_17924954,7,42.95527033,3.51897410438853,S7_19806344,7,52.34268693,3.19337582986694,water_lost_24_BP14,diff,BP,14,comp_diff
S7_32133319,7,99.94477983,9.82094319248505,10.836901818754,10.7798334673624,1.53885958957329,S7_31956171,7,96.48121012,6.67048770874116,S7_32940091,7,101.9471039,5.38305919694547,water_lost_24_BP14,diff,BP,14,comp_diff
S9_6724364,9,34.93391023,9.56348652275551,10.5144738187368,-7.9037406182473,1.14545602322017,S9_6184858,9,32.79210864,7.40884310312236,S9_8182398,9,37.12013546,7.7576278020576,water_lost_24_BP14,diff,BP,14,comp_diff
S2_44586954,2,96.05450929,12.6934661674703,14.5910589212845,0.0538549402061571,0.0066255457220487,S2_44257418,2,94.71205672,11.026489012679,S2_44908249,2,97.68940295,11.0808652183286,water_lost_24_BP14,diff,BP,14,comp_rel_diff
S5_5909140,5,40.32890934,5.38103907354423,5.57963019243266,0.0401704946741345,0.00799178855502929,S5_5107998,5,37.40304223,3.54455962701991,S5_6876512,5,42.79131694,3.06135831521666,water_lost_24_BP14,diff,BP,14,comp_rel_diff
S5_32800961,5,79.00989287,4.36759635980796,4.46569628927001,-0.0337594203787704,0.00750740599277931,17,5,54.65284585,2.32210368258554,82,5,83.87504444,2.48645814948352,water_lost_24_BP14,diff,BP,14,comp_rel_diff
S5_43714208,5,109.7001758,7.84054918322224,8.41366154108471,-0.0477938458760686,0.00774317318520489,S5_43575577,5,107.8767063,6.07130924769606,S5_44003086,5,115.1315049,6.02583498633583,water_lost_24_BP14,diff,BP,14,comp_rel_diff
S6_33052891,6,73.8397152,4.34122678849753,4.43711820483362,0.0297334790749309,0.00663337793877563,S6_31888552,6,65.16886519,2.75381370552338,S6_33383362,6,78.16213009,2.48103693882994,water_lost_24_BP14,diff,BP,14,comp_rel_diff
S7_19532160,7,51.17962841,5.06113339641215,5.22469463020653,-0.0326514863241204,0.00671292835869246,S7_17924954,7,42.95527033,3.51897410438853,S7_19806344,7,52.34268693,3.19337582986695,water_lost_24_BP14,diff,BP,14,comp_rel_diff
S7_32133319,7,99.94477983,9.82094319248506,10.836901818754,-0.0695218420079271,0.00992449035345582,S7_31956171,7,96.48121012,6.67048770874113,S7_32940091,7,101.9471039,5.38305919694545,water_lost_24_BP14,diff,BP,14,comp_rel_diff
S9_6724364,9,34.93391023,9.5634865227555,10.5144738187368,0.0509731999290221,0.00738733236598191,S9_6184858,9,32.79210864,7.40884310312238,S9_8182398,9,37.12013546,7.75762780205764,water_lost_24_BP14,diff,BP,14,comp_rel_diff
S2_44586954,2,96.05450929,4.04603030624731,7.49822221085097,-0.0231294033628476,0.00529054900024546,S2_42025292,2,84.60658262,2.25512857479922,S2_46901860,2,114.5694173,2.14870402479581,water_lost_24_BP14,diff,BP,14,comp_ratio
S7_19036596,7,49.05801824,6.71272440641006,12.9090791944434,-0.196099572609189,0.0341857001484124,S7_19017756,7,48.58182999,2.05587590769833,S7_19236553,7,49.76776198,0,water_lost_24_BP14,diff,BP,14,comp_ratio
S7_19236553,7,49.76776198,7.57327255759005,14.7402629279852,0.209424490928535,0.0341656995721255,S7_19153030,7,49.2934369,0.375384343918528,S7_19338119,7,50.48837552,5.01881346232786,water_lost_24_BP14,diff,BP,14,comp_ratio
S7_32133319,7,99.94477983,4.71669213745863,8.82246197689083,0.037418685520491,0.00789058302542385,S7_31956171,7,96.48121012,2.26685794856507,S7_32940091,7,101.9471039,2.66296278111314,water_lost_24_BP14,diff,BP,14,comp_ratio
S2_44586954,2,96.05450929,11.1026494912507,11.2490828093852,-7.38393767899658,0.985470558409375,S2_44257418,2,94.71205672,9.41558751311387,S2_45043544,2,98.51301522,9.54379768147266,water_lost_25_BP14,diff,BP,14,comp_diff
S5_5909140,5,40.32890934,5.09783515706685,4.74748078643169,-5.72941018603248,1.17704345368832,S5_5107998,5,37.40304223,3.21382751425837,S5_6876512,5,42.79131694,2.73766103760592,water_lost_25_BP14,diff,BP,14,comp_diff
S5_32800961,5,79.00989287,5.16797625258543,4.81748188542047,5.37802723923632,1.0967992397025,S5_29994074,5,71.02984202,2.81546369500145,S5_33682130,5,82.14795514,2.90749103219582,water_lost_25_BP14,diff,BP,14,comp_diff
S5_43714262,5,109.7001769,6.9770522069203,6.66967696230096,6.5634647973201,1.13761405398388,S5_43575577,5,107.8767063,5.01359870433294,S5_44050206,5,115.8565285,5.16727177681029,water_lost_25_BP14,diff,BP,14,comp_diff
S6_33052891,6,73.8397152,5.94625848888955,5.60320247748979,-5.17644577237692,0.978876041115055,S6_31888552,6,65.16886519,3.94423029840636,S6_33383362,6,78.16213009,3.60496706943361,water_lost_25_BP14,diff,BP,14,comp_diff
S7_19036596,7,49.05801824,3.67699966385323,3.35774448399684,-13.9583540611091,3.40976600360949,S7_18926544,7,48.34846759,2.08080292988377,S7_19236553,7,49.76776198,1.12011029396829,water_lost_25_BP14,diff,BP,14,comp_diff
S7_19532160,7,51.17962841,6.2556002861065,5.92013049735576,18.5493732314132,3.41254029405342,S7_19446572,7,50.71621801,3.55133867229603,S7_19580554,7,51.64603332,2.36256304285659,water_lost_25_BP14,diff,BP,14,comp_diff
S7_32133319,7,99.94477983,11.2993820948452,11.4805016066629,10.9832730495088,1.45099373404049,S7_31956171,7,96.48121012,6.60468702601737,S7_32940091,7,101.9471039,6.76609799545262,water_lost_25_BP14,diff,BP,14,comp_diff
S9_6724364,9,34.93391023,10.7756076338725,10.8670985093167,-7.95387468313673,1.08003077468578,S9_6184858,9,32.79210864,8.4173619049612,S9_7783026,9,36.65100204,9.24273883386945,water_lost_25_BP14,diff,BP,14,comp_diff
S2_44586954,2,96.05450929,11.1026494912507,11.2490828093852,0.0475108772843433,0.00634086754295083,S2_44257418,2,94.71205672,9.41558751311391,S2_45043544,2,98.51301522,9.54379768147267,water_lost_25_BP14,diff,BP,14,comp_rel_diff
S5_5909140,5,40.32890934,5.09783515706685,4.7474807864317,0.036865059822288,0.00757351558445503,S5_5107998,5,37.40304223,3.21382751425839,S5_6876512,5,42.79131694,2.73766103760592,water_lost_25_BP14,diff,BP,14,comp_rel_diff
S5_32800961,5,79.00989287,5.16797625258542,4.81748188542048,-0.0346041371559808,0.00705719581454375,S5_29994074,5,71.02984202,2.81546369500146,S5_33682130,5,82.14795514,2.90749103219591,water_lost_25_BP14,diff,BP,14,comp_rel_diff
S5_43714262,5,109.7001769,6.97705220692026,6.66967696230092,-0.0422316633891144,0.00731981282419451,S5_43575577,5,107.8767063,5.01359870433294,S5_44050206,5,115.8565285,5.16727177681026,water_lost_25_BP14,diff,BP,14,comp_rel_diff
S6_33052891,6,73.8397152,5.94625848888955,5.60320247748982,0.0333070904105841,0.00629843607676834,S6_31888552,6,65.16886519,3.9442302984064,S6_33383362,6,78.16213009,3.60496706943361,water_lost_25_BP14,diff,BP,14,comp_rel_diff
S7_19036596,7,49.05801824,3.67699966385322,3.35774448399685,0.0898130070592481,0.0219396453773742,S7_18926544,7,48.34846759,2.08080292988378,S7_19236553,7,49.76776198,1.1201102939683,water_lost_25_BP14,diff,BP,14,comp_rel_diff
S7_19532160,7,51.17962841,6.25560028610648,5.92013049735577,-0.119353254809555,0.0219574961473241,S7_19446572,7,50.71621801,3.55133867229608,S7_19580554,7,51.64603332,2.36256304285659,water_lost_25_BP14,diff,BP,14,comp_rel_diff
S7_32133319,7,99.94477983,11.2993820948452,11.4805016066629,-0.0706702792901363,0.00933620897619995,S7_31956171,7,96.48121012,6.60468702601739,S7_32940091,7,101.9471039,6.76609799545267,water_lost_25_BP14,diff,BP,14,comp_rel_diff
S9_6724364,9,34.93391023,10.7756076338725,10.8670985093167,0.0511780543707009,0.00694930155564141,S9_6184858,9,32.79210864,8.41736190496121,S9_7783026,9,36.65100204,9.24273883386946,water_lost_25_BP14,diff,BP,14,comp_rel_diff
S2_44586954,2,96.05450929,3.64259319231269,6.90392130484353,-0.0222179326552992,0.00537101491081559,S2_42025292,2,84.60658262,1.89877131106541,S2_45980428,2,106.3362737,1.94512490650908,water_lost_25_BP14,diff,BP,14,comp_ratio
S7_32133319,7,99.94477983,4.78192187444939,9.20697573549415,0.0380404193701899,0.00796319636204648,S7_31956171,7,96.48121012,2.35636267823766,S7_32940091,7,101.9471039,2.6730103401795,water_lost_25_BP14,diff,BP,14,comp_ratio
S9_13387210,9,59.29751876,7.19949814035081,14.3358103760373,-0.200065490017668,0.0335630705972626,S9_13026067,9,58.47173265,1.65735255411803,S9_13868930,9,59.84738764,0,water_lost_25_BP14,diff,BP,14,comp_ratio
S9_13868930,9,59.84738764,6.61706307576696,13.069302570108,0.191056025556893,0.0335687493279322,S9_13387210,9,59.29751876,0,S9_13900821,9,60.08717152,2.78176298433966,water_lost_25_BP14,diff,BP,14,comp_ratio
S2_44477541,2,95.90686042,11.4940620088489,13.5837296043775,-7.5765939834805,0.987969188173937,S2_44257418,2,94.71205672,9.98734174057969,S2_45156658,2,100.2097111,9.53798393634872,water_lost_26_BP14,diff,BP,14,comp_diff
S5_5909140,5,40.32890934,5.99828984037016,6.5609935567992,-6.35292762096515,1.19197734576394,S5_5107998,5,37.40304223,4.02478679129484,S5_6876512,5,42.79131694,3.33430744892856,water_lost_26_BP14,diff,BP,14,comp_diff
S5_32800961,5,79.00989287,5.09029547541642,5.49807127309298,5.45383587443098,1.11783005237,S5_29994074,5,71.02984202,2.97632136140726,S5_34517974,5,83.87504444,3.16965513160976,water_lost_26_BP14,diff,BP,14,comp_diff
S5_43714262,5,109.7001769,6.18776525097563,6.78611478471448,6.24274694535081,1.15171236576489,S5_43575577,5,107.8767063,4.52860702263349,S5_44050206,5,115.8565285,4.60138971631789,water_lost_26_BP14,diff,BP,14,comp_diff
S6_33052891,6,73.8397152,4.45760266788844,4.77272938567751,-4.48698556534232,0.98707503246627,S6_31888552,6,65.16886519,2.65054434354878,S6_33383362,6,78.16213009,2.53144840710886,water_lost_26_BP14,diff,BP,14,comp_diff
S7_19532160,7,51.17962841,5.19102421156085,5.61470181915574,4.93838145787686,1.00161353459474,S7_19236553,7,49.76776198,3.66394858612965,S7_19806344,7,52.34268693,3.20134121621565,water_lost_26_BP14,diff,BP,14,comp_diff
S7_32133319,7,99.94477983,9.35216078822127,10.721755922837,10.0741347476915,1.47861019711344,S7_31429416,7,92.5060333,7.72348092085376,S7_32940091,7,101.9471039,6.01475282424699,water_lost_26_BP14,diff,BP,14,comp_diff
S9_6930910,9,35.42306752,8.83340067340873,10.0532204124173,-7.20843494891225,1.09261530850345,S9_6184858,9,32.79210864,6.85119982740666,S9_8182398,9,37.12013546,7.15838319991215,water_lost_26_BP14,diff,BP,14,comp_diff
S2_44477541,2,95.90686042,11.4940620088489,13.5837296043775,0.0485410330274004,0.0063296311109936,S2_44257418,2,94.71205672,9.98734174057969,S2_45156658,2,100.2097111,9.53798393634873,water_lost_26_BP14,diff,BP,14,comp_rel_diff
S5_5909140,5,40.32890934,5.99828984037018,6.56099355679923,0.0407013587031745,0.00763665201471721,S5_5107998,5,37.40304223,4.02478679129492,S5_6876512,5,42.79131694,3.33430744892863,water_lost_26_BP14,diff,BP,14,comp_rel_diff
S5_32800961,5,79.00989287,5.09029547541642,5.49807127309299,-0.0349411394993562,0.00716161188119875,S5_29994074,5,71.02984202,2.97632136140728,S5_34517974,5,83.87504444,3.16965513160975,water_lost_26_BP14,diff,BP,14,comp_rel_diff
S5_43714262,5,109.7001769,6.18776525097565,6.78611478471451,-0.0399954631747039,0.0073786860041004,S5_43575577,5,107.8767063,4.52860702263357,S5_44050206,5,115.8565285,4.60138971631788,water_lost_26_BP14,diff,BP,14,comp_rel_diff
S6_33052891,6,73.8397152,4.45760266788835,4.77272938567744,0.0287468109015256,0.00632390251555452,S6_31888552,6,65.16886519,2.65054434354876,S6_33383362,6,78.16213009,2.53144840710885,water_lost_26_BP14,diff,BP,14,comp_rel_diff
S7_19532160,7,51.17962841,5.19102421156078,5.61470181915569,-0.0316387730385658,0.0064170464683024,S7_19236553,7,49.76776198,3.66394858612966,S7_19806344,7,52.34268693,3.20134121621564,water_lost_26_BP14,diff,BP,14,comp_rel_diff
S7_32133319,7,99.94477983,9.35216078822124,10.721755922837,-0.0645420499734285,0.00947302528936145,S7_31429416,7,92.5060333,7.72348092085377,S7_32940091,7,101.9471039,6.01475282424703,water_lost_26_BP14,diff,BP,14,comp_rel_diff
S9_6930910,9,35.42306752,8.83340067340871,10.0532204124173,0.0461823452192274,0.00700006835419015,S9_6184858,9,32.79210864,6.85119982740666,S9_8182398,9,37.12013546,7.15838319991214,water_lost_26_BP14,diff,BP,14,comp_rel_diff
S3_7095091,3,46.70151328,7.10055138773588,14.8828649618525,0.207163466521256,0.0349137168124078,S3_6422015,3,45.16807388,1.35585604969566,S3_7261171,3,47.15534623,0,water_lost_26_BP14,diff,BP,14,comp_ratio
S3_7261171,3,47.15534623,8.2371077594118,17.5422846631767,-0.224635380319363,0.0348707483838393,S3_7095091,3,46.70151328,0,S3_7345986,3,47.38986671,5.90491935530821,water_lost_26_BP14,diff,BP,14,comp_ratio
S7_32133319,7,99.94477983,5.10483627404992,10.4067105999799,0.0393045264479856,0.00792158370212437,S7_31956171,7,96.48121012,3.06043476230796,S7_33411071,7,104.8359143,2.16967832324947,water_lost_26_BP14,diff,BP,14,comp_ratio
S2_45043544,2,98.51301522,10.4652731793079,11.6095046976641,-6.42161388426046,0.886754966707539,S2_44316069,2,95.42815792,8.63638010986681,S2_45322381,2,101.3191103,7.50513951728805,water_lost_27_BP14,diff,BP,14,comp_diff
S3_7095091,3,46.70151328,3.80351637902693,3.8441499719816,16.7345488514385,4.01587451540938,S3_6422015,3,45.16807388,2.0560474269581,S3_7261171,3,47.15534623,1.00356447959233,water_lost_27_BP14,diff,BP,14,comp_diff
S3_7345986,3,47.38986671,5.55935583083564,5.75686723919641,-20.5230139821446,4.02452213533899,S3_7095091,3,46.70151328,0,S3_7475161,3,47.62432066,1.48355785330195,water_lost_27_BP14,diff,BP,14,comp_diff
S5_42739726,5,104.1345531,5.56722608044082,5.76564711368323,5.0355479776885,0.986708786891421,S5_42366438,5,102.9057427,3.59083170788289,S5_43769059,5,111.9145952,2.76191196901133,water_lost_27_BP14,diff,BP,14,comp_diff
S6_33052891,6,73.8397152,4.18567246429175,4.25273953217271,-3.80429538671463,0.867972818429224,S6_31888552,6,65.16886519,2.37355490521988,S6_33624176,6,79.96487987,2.4942464692,water_lost_27_BP14,diff,BP,14,comp_diff
S7_19532160,7,51.17962841,5.59952270465168,5.80169611354911,4.59012467764233,0.896630029466783,S7_18926544,7,48.34846759,4.09146599964122,S7_21663918,7,60.36847472,3.45505475250975,water_lost_27_BP14,diff,BP,14,comp_diff
S7_32133319,7,99.94477983,8.54922885303138,9.23072823992303,8.4409232958914,1.30718861787856,S7_31429416,7,92.5060333,6.95379829235332,S7_32940091,7,101.9471039,6.85544742558337,water_lost_27_BP14,diff,BP,14,comp_diff
S9_4505809,9,29.42213919,4.41336456623162,4.49819942716123,9.70816542631675,2.15369451287703,S9_4005852,9,26.89565247,2.6001490315373,S9_5041932,9,31.06780702,2.15454558165501,water_lost_27_BP14,diff,BP,14,comp_diff
S9_6184858,9,32.79210864,9.20745874876428,10.0340393599337,-13.8499244430766,2.05719656499073,S9_5633611,9,31.52841363,4.20688730465158,S9_6724364,9,34.93391023,7.1197583000434,water_lost_27_BP14,diff,BP,14,comp_diff
S2_45043544,2,98.51301522,10.4652731793079,11.6095046976641,0.0405578272495295,0.00560059439894657,S2_44316069,2,95.42815792,8.63638010986677,S2_45322381,2,101.3191103,7.50513951728811,water_lost_27_BP14,diff,BP,14,comp_rel_diff
S3_7095091,3,46.70151328,3.80351637902687,3.84414997198156,-0.105692580346353,0.0253635842620455,S3_6422015,3,45.16807388,2.05604742695804,S3_7261171,3,47.15534623,1.00356447959229,water_lost_27_BP14,diff,BP,14,comp_rel_diff
S3_7345986,3,47.38986671,5.55935583083561,5.75686723919641,0.1296198853948,0.0254182011670084,S3_7095091,3,46.70151328,0,S3_7475161,3,47.62432066,1.48355785330193,water_lost_27_BP14,diff,BP,14,comp_rel_diff
S5_42739726,5,104.1345531,5.56722608044085,5.7656471136833,-0.0318036693994298,0.00623188582272474,S5_42366438,5,102.9057427,3.59083170788293,S5_43769059,5,111.9145952,2.76191196901138,water_lost_27_BP14,diff,BP,14,comp_rel_diff
S6_33052891,6,73.8397152,4.18567246429171,4.25273953217266,0.0240272862681346,0.0054819695269165,S6_31888552,6,65.16886519,2.37355490521983,S6_33624176,6,79.96487987,2.49424646919999,water_lost_27_BP14,diff,BP,14,comp_rel_diff
S7_19532160,7,51.17962841,5.59952270465165,5.80169611354911,-0.0289904511677223,0.0056629636252324,S7_18926544,7,48.34846759,4.09146599964122,S7_21663918,7,60.36847472,3.45505475250975,water_lost_27_BP14,diff,BP,14,comp_rel_diff
S7_32133319,7,99.94477983,8.54922885303137,9.23072823992305,-0.0533114439814562,0.00825598223468641,S7_31429416,7,92.5060333,6.95379829235329,S7_32940091,7,101.9471039,6.85544742558339,water_lost_27_BP14,diff,BP,14,comp_rel_diff
S9_4505809,9,29.42213919,4.41336456623165,4.49819942716128,-0.0613151309572632,0.0136023703037676,S9_4005852,9,26.89565247,2.60014903153735,S9_5041932,9,31.06780702,2.15454558165504,water_lost_27_BP14,diff,BP,14,comp_rel_diff
S9_6184858,9,32.79210864,9.20745874876421,10.0340393599337,0.0874737804398567,0.012992905584953,S9_5633611,9,31.52841363,4.20688730465161,S9_6724364,9,34.93391023,7.11975830004339,water_lost_27_BP14,diff,BP,14,comp_rel_diff
S3_7095091,3,46.70151328,6.78983971735024,14.6076645969525,0.200262303407022,0.0345892300861949,S3_6422015,3,45.16807388,1.19562155645924,S3_7261171,3,47.15534623,0,water_lost_27_BP14,diff,BP,14,comp_ratio
S3_7261171,3,47.15534623,7.88317021589622,17.221319083788,-0.217173686123443,0.0345466610045304,S3_7095091,3,46.70151328,0,S3_7345986,3,47.38986671,5.87286190851162,water_lost_27_BP14,diff,BP,14,comp_ratio
S7_32133319,7,99.94477983,4.08034257139995,8.4545154151682,0.0345675900950597,0.00784796081127791,S7_31711920,7,95.32348365,2.49182522610082,S7_33411071,7,104.8359143,1.81354241939046,water_lost_27_BP14,diff,BP,14,comp_ratio
S2_45043544,2,98.51301522,8.44053577871576,9.43471880333364,-5.2670545505595,0.821535849846264,S2_44687927,2,96.29854627,6.64035143081236,S2_45980428,2,106.3362737,6.48047255367799,water_lost_28_BP14,diff,BP,14,comp_diff
S3_7095091,3,46.70151328,3.91337468369315,4.1071232740985,15.6960727143197,3.71061005110832,S3_6422015,3,45.16807388,1.84696646637006,S3_7261171,3,47.15534623,0.820863014839794,water_lost_28_BP14,diff,BP,14,comp_diff
S3_7345986,3,47.38986671,5.62127139650858,6.04064743094014,-19.0739507699818,3.71810882531634,S3_7095091,3,46.70151328,0,S3_7475161,3,47.62432066,1.69352407966466,water_lost_28_BP14,diff,BP,14,comp_diff
S5_42739726,5,104.1345531,7.60860067908872,8.40606689386105,5.51582624772559,0.911459424888494,S5_42719546,5,103.4003774,6.08682770974829,S5_43769059,5,111.9145952,3.65041131028486,water_lost_28_BP14,diff,BP,14,comp_diff
S6_33052891,6,73.8397152,4.91202921819106,5.22683383753104,-3.83922503815684,0.804539564489167,S6_32411928,6,68.72506699,2.55566810901847,S6_33383362,6,78.16213009,3.18813667544325,water_lost_28_BP14,diff,BP,14,comp_diff
S7_19532160,7,51.17962841,5.27661234532095,5.64321840963972,4.10765265452492,0.828425515190917,S7_18878870,7,47.34708131,3.26904445301086,S7_21663918,7,60.36847472,3.55258656376677,water_lost_28_BP14,diff,BP,14,comp_diff
S7_31582647,7,94.06477091,7.30635885729134,8.03806170629772,5.92997480882428,1.00207531594384,S7_31178325,7,89.28412826,4.8485927190862,S7_33411071,7,104.8359143,4.10700866756553,water_lost_28_BP14,diff,BP,14,comp_diff
S9_4505809,9,29.42213919,4.663937377506,4.94583428577171,9.23707871062394,1.98993113743971,S9_3701245,9,24.84497852,2.94979198938461,S9_5041932,9,31.06780702,2.32581583557155,water_lost_28_BP14,diff,BP,14,comp_diff
S9_6184858,9,32.79210864,9.75184383064039,11.103904568311,-13.2244546958043,1.90135449886862,S9_5633611,9,31.52841363,4.66839881062868,S9_6724364,9,34.93391023,7.42446031765544,water_lost_28_BP14,diff,BP,14,comp_diff
S2_45043544,2,98.51301522,8.44053577871579,9.43471880333372,0.033540986516968,0.00523160005243771,S2_44687927,2,96.29854627,6.6403514308124,S2_45980428,2,106.3362737,6.48047255367796,water_lost_28_BP14,diff,BP,14,comp_rel_diff
S3_7095091,3,46.70151328,3.91337468369315,4.10712327409851,-0.0999537328172198,0.0236294347247133,S3_6422015,3,45.16807388,1.84696646636998,S3_7261171,3,47.15534623,0.820863014839738,water_lost_28_BP14,diff,BP,14,comp_rel_diff
S3_7345986,3,47.38986671,5.62127139650856,6.04064743094014,0.121464305991156,0.02367718746435,S3_7095091,3,46.70151328,0,S3_7475161,3,47.62432066,1.69352407966464,water_lost_28_BP14,diff,BP,14,comp_rel_diff
S5_42739726,5,104.1345531,7.60860067908868,8.40606689386102,-0.0351251827808105,0.00580423991957723,S5_42719546,5,103.4003774,6.08682770974832,S5_43769059,5,111.9145952,3.65041131028481,water_lost_28_BP14,diff,BP,14,comp_rel_diff
S6_33052891,6,73.8397152,4.91202921819105,5.22683383753107,0.0244484643180211,0.00512336647093049,S6_32411928,6,68.72506699,2.55566810901843,S6_33383362,6,78.16213009,3.18813667544322,water_lost_28_BP14,diff,BP,14,comp_rel_diff
S7_19532160,7,51.17962841,5.27661234532093,5.64321840963971,-0.0261578309051636,0.00527547394252432,S7_18878870,7,47.34708131,3.26904445301087,S7_21663918,7,60.36847472,3.55258656376671,water_lost_28_BP14,diff,BP,14,comp_rel_diff
S7_31582647,7,94.06477091,7.30635885729132,8.0380617062978,-0.0377625109441114,0.00638128850544914,S7_31178325,7,89.28412826,4.84859271908623,S7_33411071,7,104.8359143,4.10700866756554,water_lost_28_BP14,diff,BP,14,comp_rel_diff
S9_4505809,9,29.42213919,4.66393737750599,4.94583428577174,-0.0588223891579589,0.0126720262358912,S9_3701245,9,24.84497852,2.94979198938461,S9_5041932,9,31.06780702,2.32581583557153,water_lost_28_BP14,diff,BP,14,comp_rel_diff
S9_6184858,9,32.79210864,9.75184383064039,11.1039045683111,0.0842142894835044,0.0121079637581795,S9_5633611,9,31.52841363,4.66839881062865,S9_6724364,9,34.93391023,7.42446031765548,water_lost_28_BP14,diff,BP,14,comp_rel_diff
S3_7095091,3,46.70151328,5.8273922009447,13.8744715152794,0.190356284553717,0.0356212100313174,S3_6422015,3,45.16807388,0.814554979486911,S3_7261171,3,47.15534623,0,water_lost_28_BP14,diff,BP,14,comp_ratio
S3_7261171,3,47.15534623,6.71497692270261,16.1865975406742,-0.205299906405005,0.0355680978792581,S3_7095091,3,46.70151328,0,S3_7345986,3,47.38986671,5.20506710678747,water_lost_28_BP14,diff,BP,14,comp_ratio
S2_45043544,2,98.51301522,7.42298214159957,8.86832864033279,-4.608420946227,0.771980876484167,S2_44784129,2,96.94547802,5.7708905223831,S2_46014879,2,106.7975269,5.8161871084542,water_lost_29_BP14,diff,BP,14,comp_diff
S3_7095091,3,46.70151328,3.4950615758011,3.95406258826073,13.8986244177374,3.48678636493052,S3_6422015,3,45.16807388,1.52223760197042,S3_7261171,3,47.15534623,0.579657952249541,water_lost_29_BP14,diff,BP,14,comp_diff
S3_7345986,3,47.38986671,5.09467304484771,5.89246375305394,-17.0010321889015,3.49383281370904,S3_7095091,3,46.70151328,0,S3_7475161,3,47.62432066,1.86488619107573,water_lost_29_BP14,diff,BP,14,comp_diff
S5_42739726,5,104.1345531,7.39612075137099,8.83291529014927,5.10263032374032,0.856480269043458,S5_42494172,5,103.1441873,5.77608741970534,S5_43575577,5,107.8767063,5.48234204192227,water_lost_29_BP14,diff,BP,14,comp_diff
S6_33052891,6,73.8397152,4.14970029973529,4.73721068106224,-3.29847721765044,0.756009805630227,S6_32411928,6,68.72506699,2.24507391367375,S6_33383362,6,78.16213009,2.50486437188187,water_lost_29_BP14,diff,BP,14,comp_diff
S7_19532160,7,51.17962841,4.68839974412509,5.39215824285936,3.6235938490477,0.778454957794731,S7_18745312,7,46.86094211,2.99941420244613,S7_21663918,7,60.36847472,3.17022892610886,water_lost_29_BP14,diff,BP,14,comp_diff
S7_31582647,7,94.06477091,5.53825983905858,6.44504381430981,4.79201351430846,0.941630217172191,S7_30982237,7,88.83862293,3.97318715981142,S7_33411071,7,104.8359143,3.18131855332054,water_lost_29_BP14,diff,BP,14,comp_diff
S9_4505809,9,29.42213919,4.61472505291152,5.30201981384345,8.63104644626849,1.86989865860548,S9_3701245,9,24.84497852,2.84343833093932,S9_5041932,9,31.06780702,2.16182769364602,water_lost_29_BP14,diff,BP,14,comp_diff
S9_6184858,9,32.79210864,9.07748774597714,11.1000167741398,-11.9324506525416,1.78666495542269,S9_5633611,9,31.52841363,4.57592657927689,S9_6724364,9,34.93391023,6.78100413026702,water_lost_29_BP14,diff,BP,14,comp_diff
S2_45043544,2,98.51301522,7.42298214159954,8.86832864033272,0.0301775557937428,0.00505520138972477,S2_44784129,2,96.94547802,5.77089052238305,S2_46014879,2,106.7975269,5.81618710845422,water_lost_29_BP14,diff,BP,14,comp_rel_diff
S3_7095091,3,46.70151328,3.49506157580107,3.9540625882607,-0.0910130647170892,0.0228326993771479,S3_6422015,3,45.16807388,1.5222376019704,S3_7261171,3,47.15534623,0.57965795224953,water_lost_29_BP14,diff,BP,14,comp_rel_diff
S3_7345986,3,47.38986671,5.0946730448477,5.89246375305393,0.111328718322018,0.0228788419938149,S3_7095091,3,46.70151328,0,S3_7475161,3,47.62432066,1.86488619107575,water_lost_29_BP14,diff,BP,14,comp_rel_diff
S5_42739726,5,104.1345531,7.396120751371,8.83291529014916,-0.0334138120380666,0.0056085330326562,S5_42494172,5,103.1441873,5.77608741970527,S5_43575577,5,107.8767063,5.48234204192216,water_lost_29_BP14,diff,BP,14,comp_rel_diff
S6_33052891,6,73.8397152,4.14970029973528,4.73721068106223,0.021599585070789,0.00495061721926717,S6_32411928,6,68.72506699,2.24507391367375,S6_33383362,6,78.16213009,2.50486437188189,water_lost_29_BP14,diff,BP,14,comp_rel_diff
S7_19532160,7,51.17962841,4.68839974412504,5.39215824285939,-0.0237285627397012,0.00509759594357357,S7_18745312,7,46.86094211,2.99941420244616,S7_21663918,7,60.36847472,3.1702289261089,water_lost_29_BP14,diff,BP,14,comp_rel_diff
S7_31582647,7,94.06477091,5.53825983905856,6.44504381430975,-0.0313797842861576,0.00616612474150236,S7_30982237,7,88.83862293,3.97318715981137,S7_33411071,7,104.8359143,3.18131855332048,water_lost_29_BP14,diff,BP,14,comp_rel_diff
S9_4505809,9,29.42213919,4.61472505291149,5.30201981384342,-0.0565191176608769,0.0122447518916238,S9_3701245,9,24.84497852,2.84343833093931,S9_5041932,9,31.06780702,2.16182769364601,water_lost_29_BP14,diff,BP,14,comp_rel_diff
S9_6184858,9,32.79210864,9.0774877459771,11.1000167741397,0.0781378696791948,0.011699708426405,S9_5633611,9,31.52841363,4.57592657927683,S9_6724364,9,34.93391023,6.78100413026702,water_lost_29_BP14,diff,BP,14,comp_rel_diff
S3_7095091,3,46.70151328,5.66192242765159,13.5556966430384,0.183037726708315,0.0347885655728957,S3_6422015,3,45.16807388,0.763171559244333,S3_7261171,3,47.15534623,0,water_lost_29_BP14,diff,BP,14,comp_ratio
S3_7261171,3,47.15534623,6.5046174164291,15.7569732355898,-0.197046199844501,0.0347366949154135,S3_7095091,3,46.70151328,2.22044604925031e-16,S3_7345986,3,47.38986671,4.86244885817405,water_lost_29_BP14,diff,BP,14,comp_ratio
S2_45043544,2,98.51301522,5.30278969028646,9.93375942125595,-4.42451353475686,0.876374765876951,S2_44316069,2,95.42815792,3.75648497694924,S2_46014879,2,106.7975269,3.79585367984332,water_lost_30_BP14,diff,BP,14,comp_diff
S5_42739726,5,104.1345531,4.38164183448232,8.10418165236377,4.39662715518071,0.964153560797298,S5_34757068,5,84.36015726,2.37157545535366,S5_43769059,5,111.9145952,1.41417174662338,water_lost_30_BP14,diff,BP,14,comp_diff
S7_19532160,7,51.17962841,3.91157172076553,7.18797761528714,3.72012364335285,0.866233891598269,S7_18926544,7,48.34846759,2.22982800787034,S7_32940091,7,101.9471039,1.72636588560619,water_lost_30_BP14,diff,BP,14,comp_diff
S9_6930910,9,35.42306752,5.45257665565652,10.235604568694,-4.91657802534439,0.959372667114202,S9_6184858,9,32.79210864,3.79817051402352,S9_8378425,9,38.05852079,3.61062925320771,water_lost_30_BP14,diff,BP,14,comp_diff
S2_45043544,2,98.51301522,5.30278969028651,9.93375942125602,0.030470883832371,0.00603544626429205,S2_44316069,2,95.42815792,3.75648497694922,S2_46014879,2,106.7975269,3.79585367984336,water_lost_30_BP14,diff,BP,14,comp_rel_diff
S5_42739726,5,104.1345531,4.38164183448232,8.10418165236376,-0.0302788350057835,0.00663996412641457,S5_34757068,5,84.36015726,2.37157545535361,S5_43769059,5,111.9145952,1.41417174662337,water_lost_30_BP14,diff,BP,14,comp_rel_diff
S7_19532160,7,51.17962841,3.91157172076553,7.18797761528714,-0.0256198685998348,0.00596560776121661,S7_18926544,7,48.34846759,2.22982800787027,S7_32940091,7,101.9471039,1.72636588560619,water_lost_30_BP14,diff,BP,14,comp_rel_diff
S9_6930910,9,35.42306752,5.45257665565649,10.2356045686939,0.0338596495832144,0.00660703891217619,S9_6184858,9,32.79210864,3.79817051402351,S9_8378425,9,38.05852079,3.61062925320769,water_lost_30_BP14,diff,BP,14,comp_rel_diff
S3_7095091,3,46.70151328,5.33052715998366,12.8785342488801,0.173772425090154,0.034117132145492,S3_6422015,3,45.16807388,0.747779291407268,S3_7261171,3,47.15534623,-2.22044604925031e-16,water_lost_30_BP14,diff,BP,14,comp_ratio
S3_7261171,3,47.15534623,6.10474840268381,14.9085637642256,-0.186688479815219,0.0340662626127404,S3_7095091,3,46.70151328,0,S3_7345986,3,47.38986671,4.14031682167486,water_lost_30_BP14,diff,BP,14,comp_ratio
S2_45043544,2,98.51301522,3.54261535784052,7.50548367782398,-3.64428617406062,0.891241231440384,S2_41547545,2,82.9539568,1.96826311631793,S2_46205850,2,108.8915883,1.89824450467358,water_lost_31_BP14,diff,BP,14,comp_diff
S5_42739726,5,104.1345531,3.77572394108497,8.02506935433821,4.1304724046091,0.97689405553857,S5_33076702,5,79.72354181,2.06888089427804,S5_43769059,5,111.9145952,0.869677735586114,water_lost_31_BP14,diff,BP,14,comp_diff
S9_6930910,9,35.42306752,4.72451224662372,10.1740464924884,-4.62322046635258,0.971113259840809,S9_6184858,9,32.79210864,2.59791541390787,S9_9022705,9,39.59727801,2.5348216393875,water_lost_31_BP14,diff,BP,14,comp_diff
S2_45043544,2,98.51301522,3.54261535784045,7.50548367782382,0.0269954353691724,0.00660196370771905,S2_41547545,2,82.9539568,1.96826311631788,S2_46205850,2,108.8915883,1.89824450467359,water_lost_31_BP14,diff,BP,14,comp_rel_diff
S5_42739726,5,104.1345531,3.7757239410849,8.02506935433805,-0.0305969113063732,0.00723644606357456,S5_33076702,5,79.72354181,2.06888089427803,S5_43769059,5,111.9145952,0.869677735586097,water_lost_31_BP14,diff,BP,14,comp_rel_diff
S9_6930910,9,35.42306752,4.72451224662367,10.1740464924883,0.0342469947023376,0.00719362420788384,S9_6184858,9,32.79210864,2.59791541390783,S9_9022705,9,39.59727801,2.53482163938746,water_lost_31_BP14,diff,BP,14,comp_rel_diff
S5_42739726,5,104.1345531,3.42483951186576,8.86026311862242,4.51298295544656,1.11670800180918,S5_35318061,5,85.14836478,1.85929193635183,S5_43575577,5,107.8767063,1.35597597217151,water_lost_32_BP14,diff,BP,14,comp_diff
S5_42739726,5,104.1345531,3.4413801599983,8.9010912743109,-0.0369088281723443,0.00910983636611118,S5_35318061,5,85.14836478,1.85643793720162,S5_43769059,5,111.9145952,0.836708150771216,water_lost_32_BP14,diff,BP,14,comp_rel_diff
S6_24448526,6,44.48892103,5.01138643376499,12.0007227682262,-0.205094926547866,0.0416210720840696,S6_11975988,6,44.22311422,2.22447674601053,S6_25117279,6,44.72684694,0,water_lost_32_BP14,diff,BP,14,comp_ratio
S6_25117279,6,44.72684694,6.00792648227271,14.5875341284832,0.224386145212398,0.0413016252797719,1,6,44.48892103,0,3,6,47.52661946,0.334426770648345,water_lost_32_BP14,diff,BP,14,comp_ratio
S5_43329831,5,106.5862469,3.97013374335591,10.5493017853822,4.67033075545205,1.06848920928915,S5_35318061,5,85.14836478,1.78802780956134,S5_43769059,5,111.9145952,1.4859848277449,water_lost_33_BP14,diff,BP,14,comp_diff
S5_43329831,5,106.5862469,3.97013374335589,10.5493017853821,-0.0410585538121505,0.00939347211031835,S5_35318061,5,85.14836478,1.78802780956134,S5_43769059,5,111.9145952,1.4859848277449,water_lost_33_BP14,diff,BP,14,comp_rel_diff
