Obs,experiment,year,treatment,plot,subplot_id,id,sowing_doy,flowering_time
1,DR14,2014,wet,15,15001,RIL_161,159,40
2,DR14,2014,wet,15,15002,RIL_035,159,40
3,DR14,2014,wet,15,15003,RIL_058,159,40
4,DR14,2014,wet,15,15004,RIL_190,159,29
5,DR14,2014,wet,15,15005,B100,159,40
6,DR14,2014,wet,15,15006,RIL_194,159,33
7,DR14,2014,wet,15,15007,RIL_207,159,30
8,DR14,2014,wet,15,15008,RIL_183,159,40
9,DR14,2014,wet,15,15009,RIL_170,159,41
10,DR14,2014,wet,15,15010,RIL_101,159,40
11,DR14,2014,wet,15,15011,RIL_034,159,30
12,DR14,2014,wet,15,15012,RIL_020,159,40
13,DR14,2014,wet,15,15013,RIL_059,159,40
14,DR14,2014,wet,15,15014,B100,159,40
15,DR14,2014,wet,15,15015,RIL_010,159,40
16,DR14,2014,wet,15,15016,RIL_134,159,40
17,DR14,2014,wet,15,15017,RIL_104,159,41
18,DR14,2014,wet,15,15018,RIL_092,159,32
19,DR14,2014,wet,15,15019,B100,159,40
20,DR14,2014,wet,15,15020,RIL_098,159,30
21,DR14,2014,wet,15,15021,RIL_008,159,40
22,DR14,2014,wet,15,15022,B100,159,40
23,DR14,2014,wet,15,15023,RIL_191,159,32
24,DR14,2014,wet,15,15024,RIL_174,159,33
25,DR14,2014,wet,15,15025,RIL_086,159,40
26,DR14,2014,wet,15,15026,RIL_082,159,40
27,DR14,2014,wet,15,15027,RIL_208,159,28
28,DR14,2014,wet,15,15028,RIL_140,159,40
29,DR14,2014,wet,15,15029,RIL_211,159,40
30,DR14,2014,wet,15,15030,RIL_197,159,40
31,DR14,2014,wet,15,15031,RIL_002,159,31
32,DR14,2014,wet,15,15032,RIL_016,159,40
33,DR14,2014,wet,15,15033,RIL_215,159,43
34,DR14,2014,wet,15,15034,RIL_052,159,32
35,DR14,2014,wet,15,15035,RIL_114,159,40
36,DR14,2014,wet,15,15036,B100,159,40
37,DR14,2014,wet,15,15037,RIL_118,159,49
38,DR14,2014,wet,15,15038,RIL_172,159,30
39,DR14,2014,wet,15,15039,RIL_019,159,29
40,DR14,2014,wet,15,15040,RIL_070,159,29
41,DR14,2014,wet,15,15041,RIL_045,159,33
42,DR14,2014,wet,15,15042,RIL_105,159,30
43,DR14,2014,wet,15,15043,RIL_144,159,30
44,DR14,2014,wet,15,15044,A10,159,24
45,DR14,2014,wet,15,15045,RIL_219,159,28
46,DR14,2014,wet,15,15046,RIL_150,159,33
47,DR14,2014,wet,15,15047,RIL_152,159,28
48,DR14,2014,wet,15,15048,RIL_217,159,26
49,DR14,2014,wet,15,15049,RIL_178,159,30
50,DR14,2014,wet,15,15050,RIL_096,159,32
51,DR14,2014,wet,15,15051,RIL_205,159,26
52,DR14,2014,wet,15,15052,RIL_136,159,29
53,DR14,2014,wet,15,15053,RIL_189,159,29
54,DR14,2014,wet,15,15054,RIL_054,159,40
55,DR14,2014,wet,15,15055,A10,159,24
56,DR14,2014,wet,15,15056,RIL_110,159,28
57,DR14,2014,wet,15,15057,RIL_164,159,24
58,DR14,2014,wet,15,15058,RIL_214,159,40
59,DR14,2014,wet,15,15059,RIL_050,159,32
60,DR14,2014,wet,15,15060,A10,159,24
61,DR14,2014,wet,15,15061,A10,159,24
62,DR14,2014,wet,15,15062,RIL_216,159,24
63,DR14,2014,wet,15,15063,RIL_075,159,24
64,DR14,2014,wet,15,15064,RIL_063,159,40
65,DR14,2014,wet,15,15065,RIL_085,159,24
66,DR14,2014,wet,15,15066,RIL_057,159,40
67,DR14,2014,wet,15,15067,RIL_046,159,29
68,DR14,2014,wet,15,15068,RIL_090,159,40
69,DR14,2014,wet,15,15069,RIL_111,159,33
70,DR14,2014,wet,15,15070,A10,159,24
71,DR14,2014,wet,15,15071,RIL_162,159,24
72,DR14,2014,wet,15,15072,RIL_097,159,30
73,DR14,2014,wet,15,15073,RIL_088,159,40
74,DR14,2014,wet,15,15074,RIL_033,159,33
75,DR14,2014,wet,16,16001,RIL_051,159,29
76,DR14,2014,wet,16,16002,B100,159,40
77,DR14,2014,wet,16,16003,RIL_122,159,31
78,DR14,2014,wet,16,16004,RIL_069,159,33
79,DR14,2014,wet,16,16005,RIL_218,159,40
80,DR14,2014,wet,16,16006,RIL_012,159,40
81,DR14,2014,wet,16,16007,B100,159,40
82,DR14,2014,wet,16,16008,RIL_147,159,40
83,DR14,2014,wet,16,16009,RIL_182,159,40
84,DR14,2014,wet,16,16010,RIL_109,159,40
85,DR14,2014,wet,16,16011,RIL_186,159,40
86,DR14,2014,wet,16,16012,RIL_036,159,40
87,DR14,2014,wet,16,16013,RIL_100,159,43
88,DR14,2014,wet,16,16014,RIL_064,159,40
89,DR14,2014,wet,16,16015,RIL_156,159,40
90,DR14,2014,wet,16,16016,RIL_179,159,28
91,DR14,2014,wet,16,16017,B100,159,40
92,DR14,2014,wet,16,16018,RIL_184,159,30
93,DR14,2014,wet,16,16019,RIL_201,159,40
94,DR14,2014,wet,16,16020,RIL_146,159,40
95,DR14,2014,wet,16,16021,RIL_181,159,43
96,DR14,2014,wet,16,16022,RIL_053,159,32
97,DR14,2014,wet,16,16023,B100,159,40
98,DR14,2014,wet,16,16024,RIL_195,159,40
99,DR14,2014,wet,16,16025,RIL_042,159,40
100,DR14,2014,wet,16,16026,RIL_133,159,29
101,DR14,2014,wet,16,16027,RIL_029,159,40
102,DR14,2014,wet,16,16028,RIL_044,159,31
103,DR14,2014,wet,16,16029,B100,159,40
104,DR14,2014,wet,16,16030,RIL_062,159,40
105,DR14,2014,wet,16,16031,RIL_079,159,31
106,DR14,2014,wet,16,16032,RIL_055,159,26
107,DR14,2014,wet,16,16033,RIL_117,159,32
108,DR14,2014,wet,16,16034,RIL_185,159,33
109,DR14,2014,wet,16,16035,RIL_202,159,40
110,DR14,2014,wet,16,16036,RIL_137,159,40
111,DR14,2014,wet,16,16037,RIL_081,159,40
112,DR14,2014,wet,16,16038,RIL_043,159,40
113,DR14,2014,wet,16,16039,RIL_151,159,33
114,DR14,2014,wet,16,16040,RIL_073,159,40
115,DR14,2014,wet,16,16041,RIL_030,159,40
116,DR14,2014,wet,16,16042,RIL_119,159,40
117,DR14,2014,wet,16,16043,RIL_145,159,28
118,DR14,2014,wet,16,16044,RIL_022,159,40
119,DR14,2014,wet,16,16045,RIL_180,159,29
120,DR14,2014,wet,16,16046,RIL_094,159,43
121,DR14,2014,wet,16,16047,RIL_041,159,28
122,DR14,2014,wet,16,16048,RIL_209,159,28
123,DR14,2014,wet,16,16049,B100,159,40
124,DR14,2014,wet,16,16050,RIL_009,159,31
125,DR14,2014,wet,16,16051,RIL_160,159,40
126,DR14,2014,wet,16,16052,RIL_001,159,33
127,DR14,2014,wet,16,16053,RIL_175,159,30
128,DR14,2014,wet,16,16054,B100,159,40
129,DR14,2014,wet,16,16055,RIL_095,159,33
130,DR14,2014,wet,16,16056,RIL_084,159,33
131,DR14,2014,wet,16,16057,A10,159,24
132,DR14,2014,wet,16,16058,RIL_131,159,40
133,DR14,2014,wet,16,16059,RIL_167,159,29
134,DR14,2014,wet,16,16060,RIL_149,159,28
135,DR14,2014,wet,16,16061,RIL_157,159,31
136,DR14,2014,wet,16,16062,A10,159,24
137,DR14,2014,wet,16,16063,RIL_163,159,40
138,DR14,2014,wet,16,16064,RIL_188,159,28
139,DR14,2014,wet,16,16065,RIL_139,159,38
140,DR14,2014,wet,16,16066,RIL_039,159,24
141,DR14,2014,wet,16,16067,RIL_173,159,28
142,DR14,2014,wet,16,16068,RIL_115,159,24
143,DR14,2014,wet,16,16069,RIL_113,159,28
144,DR14,2014,wet,16,16070,RIL_015,159,24
145,DR14,2014,wet,16,16071,RIL_076,159,29
146,DR14,2014,wet,16,16072,RIL_120,159,32
147,DR14,2014,wet,16,16073,A10,159,24
148,DR14,2014,wet,16,16074,RIL_014,159,28
149,DR14,2014,wet,16,16075,RIL_176,159,32
150,DR14,2014,wet,16,16076,RIL_026,159,28
151,DR14,2014,wet,16,16077,RIL_153,159,38
152,DR14,2014,wet,16,16078,A10,159,24
153,DR14,2014,wet,16,16079,RIL_124,159,28
154,DR14,2014,wet,16,16080,RIL_102,159,30
155,DR14,2014,wet,16,16081,RIL_112,159,28
156,DR14,2014,wet,16,16082,RIL_091,159,26
157,DR14,2014,wet,16,16083,RIL_067,159,28
158,DR14,2014,wet,16,16084,RIL_158,159,38
159,DR14,2014,wet,16,16085,A10,159,23
160,DR14,2014,wet,16,16086,RIL_148,159,38
161,DR14,2014,wet,16,16087,RIL_049,159,28
162,DR14,2014,wet,16,16088,RIL_165,159,33
163,DR14,2014,wet,16,16089,RIL_142,159,29
164,DR14,2014,wet,16,16090,RIL_013,159,30
165,DR14,2014,wet,16,16091,RIL_037,159,28
166,DR14,2014,wet,16,16092,RIL_143,159,28
167,DR14,2014,wet,16,16093,RIL_048,159,38
168,DR14,2014,wet,16,16094,RIL_171,159,24
169,DR14,2014,wet,16,16095,A10,159,25
170,DR14,2014,wet,16,16096,RIL_125,159,38
171,DR14,2014,wet,16,16097,RIL_138,159,32
172,DR14,2014,wet,16,16098,RIL_121,159,30
173,DR14,2014,wet,16,16099,RIL_068,159,38
174,DR14,2014,wet,16,16100,RIL_078,159,30
175,DR14,2014,wet,16,16101,RIL_168,159,33
176,DR14,2014,wet,16,16102,RIL_141,159,29
177,DR14,2014,wet,16,16103,A10,159,24
178,DR14,2014,wet,16,16104,RIL_005,159,33
179,DR14,2014,wet,16,16105,RIL_047,159,31
180,DR14,2014,wet,17,17001,RIL_161,159,38
181,DR14,2014,wet,17,17002,RIL_035,159,38
182,DR14,2014,wet,17,17003,RIL_058,159,38
183,DR14,2014,wet,17,17004,RIL_190,159,28
184,DR14,2014,wet,17,17005,B100,159,38
185,DR14,2014,wet,17,17006,RIL_194,159,33
186,DR14,2014,wet,17,17007,RIL_207,159,29
187,DR14,2014,wet,17,17008,RIL_183,159,38
188,DR14,2014,wet,17,17009,RIL_170,159,44
189,DR14,2014,wet,17,17010,RIL_101,159,38
190,DR14,2014,wet,17,17011,RIL_034,159,29
191,DR14,2014,wet,17,17012,RIL_020,159,33
192,DR14,2014,wet,17,17013,RIL_059,159,38
193,DR14,2014,wet,17,17014,B100,159,38
194,DR14,2014,wet,17,17015,RIL_010,159,38
195,DR14,2014,wet,17,17016,RIL_134,159,38
196,DR14,2014,wet,17,17017,RIL_104,159,49
197,DR14,2014,wet,17,17018,RIL_092,159,30
198,DR14,2014,wet,17,17019,B100,159,38
199,DR14,2014,wet,17,17020,RIL_098,159,30
200,DR14,2014,wet,17,17021,RIL_008,159,38
201,DR14,2014,wet,17,17022,B100,159,38
202,DR14,2014,wet,17,17023,RIL_191,159,32
203,DR14,2014,wet,17,17024,RIL_174,159,32
204,DR14,2014,wet,17,17025,RIL_086,159,38
205,DR14,2014,wet,17,17026,RIL_082,159,31
206,DR14,2014,wet,17,17027,RIL_208,159,28
207,DR14,2014,wet,17,17028,RIL_140,159,38
208,DR14,2014,wet,17,17029,RIL_211,159,30
209,DR14,2014,wet,17,17030,RIL_197,159,38
210,DR14,2014,wet,17,17031,RIL_002,159,31
211,DR14,2014,wet,17,17032,RIL_016,159,38
212,DR14,2014,wet,17,17033,RIL_215,159,43
213,DR14,2014,wet,17,17034,RIL_052,159,38
214,DR14,2014,wet,17,17035,RIL_114,159,38
215,DR14,2014,wet,17,17036,B100,159,38
216,DR14,2014,wet,17,17037,RIL_118,159,43
217,DR14,2014,wet,17,17038,RIL_172,159,29
218,DR14,2014,wet,17,17039,RIL_019,159,28
219,DR14,2014,wet,17,17040,RIL_070,159,28
220,DR14,2014,wet,17,17041,RIL_045,159,38
221,DR14,2014,wet,17,17042,RIL_105,159,30
222,DR14,2014,wet,17,17043,RIL_144,159,32
223,DR14,2014,wet,17,17044,A10,159,24
224,DR14,2014,wet,17,17045,RIL_219,159,28
225,DR14,2014,wet,17,17046,RIL_150,159,32
226,DR14,2014,wet,17,17047,RIL_152,159,28
227,DR14,2014,wet,17,17048,RIL_217,159,26
228,DR14,2014,wet,17,17049,RIL_178,159,29
229,DR14,2014,wet,17,17050,RIL_096,159,29
230,DR14,2014,wet,17,17051,RIL_205,159,26
231,DR14,2014,wet,17,17052,RIL_136,159,31
232,DR14,2014,wet,17,17053,RIL_189,159,30
233,DR14,2014,wet,17,17054,RIL_054,159,38
234,DR14,2014,wet,17,17055,A10,159,24
235,DR14,2014,wet,17,17056,RIL_110,159,28
236,DR14,2014,wet,17,17057,A10,159,24
237,DR14,2014,wet,17,17058,RIL_164,159,26
238,DR14,2014,wet,17,17059,RIL_214,159,32
239,DR14,2014,wet,17,17060,RIL_050,159,32
240,DR14,2014,wet,17,17061,A10,159,24
241,DR14,2014,wet,17,17062,RIL_216,159,26
242,DR14,2014,wet,17,17063,RIL_075,159,24
243,DR14,2014,wet,17,17064,RIL_063,159,40
244,DR14,2014,wet,17,17065,RIL_085,159,25
245,DR14,2014,wet,17,17066,RIL_057,159,38
246,DR14,2014,wet,17,17067,RIL_046,159,30
247,DR14,2014,wet,17,17068,RIL_090,159,38
248,DR14,2014,wet,17,17069,RIL_111,159,38
249,DR14,2014,wet,17,17070,A10,159,24
250,DR14,2014,wet,17,17071,RIL_162,159,24
251,DR14,2014,wet,17,17072,RIL_097,159,28
252,DR14,2014,wet,17,17073,RIL_088,159,38
253,DR14,2014,wet,17,17074,RIL_033,159,38
254,DR14,2014,wet,18,18001,RIL_156,159,33
255,DR14,2014,wet,18,18002,RIL_179,159,29
256,DR14,2014,wet,18,18003,B100,159,38
257,DR14,2014,wet,18,18004,RIL_184,159,31
258,DR14,2014,wet,18,18005,RIL_201,159,38
259,DR14,2014,wet,18,18006,RIL_146,159,38
260,DR14,2014,wet,18,18007,RIL_181,159,41
261,DR14,2014,wet,18,18008,B100,159,38
262,DR14,2014,wet,18,18009,RIL_012,159,38
263,DR14,2014,wet,18,18010,RIL_218,159,38
264,DR14,2014,wet,18,18011,RIL_069,159,33
265,DR14,2014,wet,18,18012,RIL_122,159,30
266,DR14,2014,wet,18,18013,B100,159,38
267,DR14,2014,wet,18,18014,RIL_051,159,29
268,DR14,2014,wet,18,18015,RIL_064,159,38
269,DR14,2014,wet,18,18016,RIL_100,159,41
270,DR14,2014,wet,18,18017,RIL_036,159,38
271,DR14,2014,wet,18,18018,RIL_186,159,38
272,DR14,2014,wet,18,18019,RIL_109,159,38
273,DR14,2014,wet,18,18020,RIL_182,159,38
274,DR14,2014,wet,18,18021,RIL_147,159,38
275,DR14,2014,wet,18,18022,RIL_053,159,30
276,DR14,2014,wet,18,18023,B100,159,38
277,DR14,2014,wet,18,18024,RIL_195,159,38
278,DR14,2014,wet,18,18025,RIL_042,159,32
279,DR14,2014,wet,18,18026,RIL_133,159,28
280,DR14,2014,wet,18,18027,RIL_029,159,40
281,DR14,2014,wet,18,18028,RIL_044,159,31
282,DR14,2014,wet,18,18029,B100,159,38
283,DR14,2014,wet,18,18030,RIL_062,159,38
284,DR14,2014,wet,18,18031,RIL_079,159,30
285,DR14,2014,wet,18,18032,RIL_055,159,24
286,DR14,2014,wet,18,18033,RIL_117,159,29
287,DR14,2014,wet,18,18034,RIL_185,159,30
288,DR14,2014,wet,18,18035,RIL_202,159,38
289,DR14,2014,wet,18,18036,RIL_137,159,41
290,DR14,2014,wet,18,18037,RIL_081,159,41
291,DR14,2014,wet,18,18038,RIL_043,159,38
292,DR14,2014,wet,18,18039,RIL_151,159,30
293,DR14,2014,wet,18,18040,RIL_073,159,38
294,DR14,2014,wet,18,18041,RIL_030,159,38
295,DR14,2014,wet,18,18042,RIL_119,159,38
296,DR14,2014,wet,18,18043,RIL_145,159,28
297,DR14,2014,wet,18,18044,RIL_022,159,38
298,DR14,2014,wet,18,18045,RIL_180,159,28
299,DR14,2014,wet,18,18046,RIL_094,159,40
300,DR14,2014,wet,18,18047,RIL_041,159,28
301,DR14,2014,wet,18,18048,RIL_209,159,28
302,DR14,2014,wet,18,18049,B100,159,38
303,DR14,2014,wet,18,18050,RIL_009,159,31
304,DR14,2014,wet,18,18051,RIL_160,159,38
305,DR14,2014,wet,18,18052,RIL_001,159,29
306,DR14,2014,wet,18,18053,RIL_175,159,28
307,DR14,2014,wet,18,18054,B100,159,38
308,DR14,2014,wet,18,18055,RIL_095,159,32
309,DR14,2014,wet,18,18056,RIL_084,159,42
310,DR14,2014,wet,18,18057,A10,159,24
311,DR14,2014,wet,18,18058,RIL_131,159,32
312,DR14,2014,wet,18,18059,RIL_167,159,30
313,DR14,2014,wet,18,18060,RIL_149,159,28
314,DR14,2014,wet,18,18061,RIL_157,159,29
315,DR14,2014,wet,18,18062,A10,159,24
316,DR14,2014,wet,18,18063,RIL_163,159,32
317,DR14,2014,wet,18,18064,RIL_188,159,28
318,DR14,2014,wet,18,18065,RIL_139,159,38
319,DR14,2014,wet,18,18066,RIL_039,159,23
320,DR14,2014,wet,18,18067,RIL_173,159,30
321,DR14,2014,wet,18,18068,RIL_115,159,24
322,DR14,2014,wet,18,18069,RIL_113,159,28
323,DR14,2014,wet,18,18070,RIL_015,159,24
324,DR14,2014,wet,18,18071,RIL_076,159,30
325,DR14,2014,wet,18,18072,RIL_120,159,31
326,DR14,2014,wet,18,18073,A10,159,24
327,DR14,2014,wet,18,18074,RIL_014,159,28
328,DR14,2014,wet,18,18075,RIL_176,159,30
329,DR14,2014,wet,18,18076,RIL_026,159,28
330,DR14,2014,wet,18,18077,RIL_153,159,38
331,DR14,2014,wet,18,18078,A10,159,24
332,DR14,2014,wet,18,18079,RIL_124,159,26
333,DR14,2014,wet,18,18080,RIL_102,159,30
334,DR14,2014,wet,18,18081,RIL_112,159,28
335,DR14,2014,wet,18,18082,RIL_091,159,28
336,DR14,2014,wet,18,18083,RIL_067,159,28
337,DR14,2014,wet,18,18084,RIL_158,159,38
338,DR14,2014,wet,18,18085,A10,159,24
339,DR14,2014,wet,18,18086,RIL_148,159,38
340,DR14,2014,wet,18,18087,RIL_049,159,32
341,DR14,2014,wet,18,18088,RIL_165,159,32
342,DR14,2014,wet,18,18089,RIL_142,159,29
343,DR14,2014,wet,18,18090,RIL_013,159,30
344,DR14,2014,wet,18,18091,RIL_037,159,28
345,DR14,2014,wet,18,18092,RIL_143,159,28
346,DR14,2014,wet,18,18093,RIL_048,159,38
347,DR14,2014,wet,18,18094,RIL_171,159,30
348,DR14,2014,wet,18,18095,A10,159,24
349,DR14,2014,wet,18,18096,RIL_125,159,38
350,DR14,2014,wet,18,18097,RIL_138,159,33
351,DR14,2014,wet,18,18098,RIL_121,159,30
352,DR14,2014,wet,18,18099,RIL_068,159,38
353,DR14,2014,wet,18,18100,RIL_078,159,30
354,DR14,2014,wet,18,18101,RIL_168,159,33
355,DR14,2014,wet,18,18102,RIL_141,159,28
356,DR14,2014,wet,18,18103,A10,159,24
357,DR14,2014,wet,18,18104,RIL_005,159,32
358,DR14,2014,wet,18,18105,RIL_047,159,32
359,DR14,2014,wet,19,19001,RIL_161,159,38
360,DR14,2014,wet,19,19002,RIL_035,159,38
361,DR14,2014,wet,19,19003,RIL_058,159,38
362,DR14,2014,wet,19,19004,RIL_190,159,29
363,DR14,2014,wet,19,19005,B100,159,38
364,DR14,2014,wet,19,19006,RIL_194,159,32
365,DR14,2014,wet,19,19007,RIL_207,159,30
366,DR14,2014,wet,19,19008,RIL_183,159,38
367,DR14,2014,wet,19,19009,RIL_170,159,44
368,DR14,2014,wet,19,19010,RIL_101,159,38
369,DR14,2014,wet,19,19011,RIL_034,159,30
370,DR14,2014,wet,19,19012,RIL_020,159,38
371,DR14,2014,wet,19,19013,RIL_059,159,38
372,DR14,2014,wet,19,19014,B100,159,38
373,DR14,2014,wet,19,19015,RIL_010,159,38
374,DR14,2014,wet,19,19016,RIL_134,159,38
375,DR14,2014,wet,19,19017,RIL_104,159,38
376,DR14,2014,wet,19,19018,RIL_092,159,31
377,DR14,2014,wet,19,19019,B100,159,38
378,DR14,2014,wet,19,19020,RIL_098,159,29
379,DR14,2014,wet,19,19021,RIL_008,159,38
380,DR14,2014,wet,19,19022,B100,159,38
381,DR14,2014,wet,19,19023,RIL_191,159,32
382,DR14,2014,wet,19,19024,RIL_174,159,38
383,DR14,2014,wet,19,19025,RIL_086,159,38
384,DR14,2014,wet,19,19026,RIL_082,159,33
385,DR14,2014,wet,19,19027,RIL_208,159,31
386,DR14,2014,wet,19,19028,RIL_140,159,38
387,DR14,2014,wet,19,19029,RIL_211,159,33
388,DR14,2014,wet,19,19030,RIL_197,159,38
389,DR14,2014,wet,19,19031,RIL_002,159,28
390,DR14,2014,wet,19,19032,RIL_016,159,38
391,DR14,2014,wet,19,19033,RIL_215,159,44
392,DR14,2014,wet,19,19034,RIL_052,159,38
393,DR14,2014,wet,19,19035,RIL_114,159,41
394,DR14,2014,wet,19,19036,B100,159,40
395,DR14,2014,wet,19,19037,RIL_118,159,44
396,DR14,2014,wet,19,19038,RIL_172,159,28
397,DR14,2014,wet,19,19039,RIL_019,159,30
398,DR14,2014,wet,19,19040,RIL_070,159,29
399,DR14,2014,wet,19,19041,RIL_045,159,31
400,DR14,2014,wet,19,19042,RIL_105,159,32
401,DR14,2014,wet,19,19043,RIL_144,159,38
402,DR14,2014,wet,19,19044,A10,159,24
403,DR14,2014,wet,19,19045,RIL_219,159,28
404,DR14,2014,wet,19,19046,RIL_150,159,33
405,DR14,2014,wet,19,19047,RIL_152,159,28
406,DR14,2014,wet,19,19048,RIL_217,159,28
407,DR14,2014,wet,19,19049,RIL_178,159,30
408,DR14,2014,wet,19,19050,RIL_096,159,32
409,DR14,2014,wet,19,19051,RIL_205,159,25
410,DR14,2014,wet,19,19052,RIL_136,159,30
411,DR14,2014,wet,19,19053,RIL_189,159,31
412,DR14,2014,wet,19,19054,RIL_054,159,38
413,DR14,2014,wet,19,19055,A10,159,24
414,DR14,2014,wet,19,19056,RIL_110,159,28
415,DR14,2014,wet,19,19057,A10,159,24
416,DR14,2014,wet,19,19058,RIL_164,159,24
417,DR14,2014,wet,19,19059,RIL_214,159,38
418,DR14,2014,wet,19,19060,RIL_050,159,38
419,DR14,2014,wet,19,19061,A10,159,24
420,DR14,2014,wet,19,19062,RIL_216,159,28
421,DR14,2014,wet,19,19063,RIL_075,159,28
422,DR14,2014,wet,19,19064,RIL_063,159,42
423,DR14,2014,wet,19,19065,RIL_085,159,28
424,DR14,2014,wet,19,19066,RIL_057,159,40
425,DR14,2014,wet,19,19067,RIL_046,159,31
426,DR14,2014,wet,19,19068,RIL_090,159,40
427,DR14,2014,wet,19,19069,RIL_111,159,38
428,DR14,2014,wet,19,19070,A10,159,24
429,DR14,2014,wet,19,19071,RIL_162,159,24
430,DR14,2014,wet,19,19072,RIL_097,159,29
431,DR14,2014,wet,19,19073,RIL_088,159,41
432,DR14,2014,wet,19,19074,RIL_033,159,40
433,DR14,2014,wet,20,20001,RIL_051,159,28
434,DR14,2014,wet,20,20002,B100,159,38
435,DR14,2014,wet,20,20003,RIL_122,159,33
436,DR14,2014,wet,20,20004,RIL_069,159,38
437,DR14,2014,wet,20,20005,RIL_218,159,38
438,DR14,2014,wet,20,20006,RIL_012,159,38
439,DR14,2014,wet,20,20007,B100,159,38
440,DR14,2014,wet,20,20008,RIL_147,159,38
441,DR14,2014,wet,20,20009,RIL_182,159,38
442,DR14,2014,wet,20,20010,RIL_109,159,38
443,DR14,2014,wet,20,20011,RIL_186,159,40
444,DR14,2014,wet,20,20012,RIL_036,159,38
445,DR14,2014,wet,20,20013,RIL_100,159,43
446,DR14,2014,wet,20,20014,RIL_064,159,33
447,DR14,2014,wet,20,20015,RIL_156,159,38
448,DR14,2014,wet,20,20016,RIL_179,159,28
449,DR14,2014,wet,20,20017,B100,159,38
450,DR14,2014,wet,20,20018,RIL_184,159,29
451,DR14,2014,wet,20,20019,RIL_201,159,38
452,DR14,2014,wet,20,20020,RIL_146,159,40
453,DR14,2014,wet,20,20021,RIL_181,159,42
454,DR14,2014,wet,20,20022,RIL_053,159,38
455,DR14,2014,wet,20,20023,B100,159,38
456,DR14,2014,wet,20,20024,RIL_195,159,40
457,DR14,2014,wet,20,20025,RIL_042,159,38
458,DR14,2014,wet,20,20026,RIL_133,159,31
459,DR14,2014,wet,20,20027,RIL_029,159,40
460,DR14,2014,wet,20,20028,RIL_044,159,29
461,DR14,2014,wet,20,20029,B100,159,38
462,DR14,2014,wet,20,20030,RIL_062,159,40
463,DR14,2014,wet,20,20031,RIL_079,159,32
464,DR14,2014,wet,20,20032,RIL_055,159,28
465,DR14,2014,wet,20,20033,RIL_117,159,30
466,DR14,2014,wet,20,20034,RIL_185,159,29
467,DR14,2014,wet,20,20035,RIL_202,159,38
468,DR14,2014,wet,20,20036,RIL_137,159,40
469,DR14,2014,wet,20,20037,RIL_081,159,41
470,DR14,2014,wet,20,20038,RIL_043,159,38
471,DR14,2014,wet,20,20039,RIL_151,159,38
472,DR14,2014,wet,20,20040,RIL_073,159,38
473,DR14,2014,wet,20,20041,RIL_030,159,41
474,DR14,2014,wet,20,20042,RIL_119,159,40
475,DR14,2014,wet,20,20043,RIL_145,159,28
476,DR14,2014,wet,20,20044,RIL_022,159,38
477,DR14,2014,wet,20,20045,RIL_180,159,31
478,DR14,2014,wet,20,20046,RIL_094,159,41
479,DR14,2014,wet,20,20047,RIL_041,159,30
480,DR14,2014,wet,20,20048,RIL_209,159,29
481,DR14,2014,wet,20,20049,B100,159,40
482,DR14,2014,wet,20,20050,RIL_009,159,32
483,DR14,2014,wet,20,20051,RIL_160,159,38
484,DR14,2014,wet,20,20052,RIL_001,159,29
485,DR14,2014,wet,20,20053,RIL_175,159,29
486,DR14,2014,wet,20,20054,B100,159,38
487,DR14,2014,wet,20,20055,RIL_095,159,38
488,DR14,2014,wet,20,20056,RIL_084,159,31
489,DR14,2014,wet,20,20057,A10,159,24
490,DR14,2014,wet,20,20058,RIL_131,159,33
491,DR14,2014,wet,20,20059,RIL_167,159,30
492,DR14,2014,wet,20,20060,RIL_149,159,28
493,DR14,2014,wet,20,20061,RIL_157,159,30
494,DR14,2014,wet,20,20062,A10,159,24
495,DR14,2014,wet,20,20063,RIL_163,159,30
496,DR14,2014,wet,20,20064,RIL_188,159,28
497,DR14,2014,wet,20,20065,RIL_139,159,38
498,DR14,2014,wet,20,20066,RIL_039,159,24
499,DR14,2014,wet,20,20067,RIL_173,159,30
500,DR14,2014,wet,20,20068,RIL_115,159,24
501,DR14,2014,wet,20,20069,RIL_113,159,28
502,DR14,2014,wet,20,20070,RIL_015,159,24
503,DR14,2014,wet,20,20071,RIL_076,159,29
504,DR14,2014,wet,20,20072,RIL_120,159,30
505,DR14,2014,wet,20,20073,A10,159,24
506,DR14,2014,wet,20,20074,RIL_014,159,32
507,DR14,2014,wet,20,20075,RIL_176,159,32
508,DR14,2014,wet,20,20076,RIL_026,159,29
509,DR14,2014,wet,20,20077,RIL_153,159,38
510,DR14,2014,wet,20,20078,A10,159,24
511,DR14,2014,wet,20,20079,RIL_124,159,28
512,DR14,2014,wet,20,20080,RIL_102,159,31
513,DR14,2014,wet,20,20081,RIL_112,159,31
514,DR14,2014,wet,20,20082,RIL_091,159,28
515,DR14,2014,wet,20,20083,RIL_067,159,30
516,DR14,2014,wet,20,20084,RIL_158,159,38
517,DR14,2014,wet,20,20085,A10,159,24
518,DR14,2014,wet,20,20086,RIL_148,159,38
519,DR14,2014,wet,20,20087,RIL_049,159,30
520,DR14,2014,wet,20,20088,RIL_165,159,38
521,DR14,2014,wet,20,20089,RIL_142,159,30
522,DR14,2014,wet,20,20090,RIL_013,159,31
523,DR14,2014,wet,20,20091,RIL_037,159,28
524,DR14,2014,wet,20,20092,RIL_143,159,28
525,DR14,2014,wet,20,20093,RIL_048,159,38
526,DR14,2014,wet,20,20094,RIL_171,159,38
527,DR14,2014,wet,20,20095,A10,159,24
528,DR14,2014,wet,20,20096,RIL_125,159,38
529,DR14,2014,wet,20,20097,RIL_138,159,38
530,DR14,2014,wet,20,20098,RIL_121,159,30
531,DR14,2014,wet,20,20099,RIL_068,159,41
532,DR14,2014,wet,20,20100,RIL_078,159,30
533,DR14,2014,wet,20,20101,RIL_168,159,38
534,DR14,2014,wet,20,20102,RIL_141,159,28
535,DR14,2014,wet,20,20103,A10,159,24
536,DR14,2014,wet,20,20104,RIL_005,159,38
537,DR14,2014,wet,20,20105,RIL_047,159,31
538,DR14,2014,dry,21,21001,RIL_161,159,38
539,DR14,2014,dry,21,21002,RIL_035,159,41
540,DR14,2014,dry,21,21003,RIL_058,159,38
541,DR14,2014,dry,21,21004,RIL_190,159,29
542,DR14,2014,dry,21,21005,B100,159,38
543,DR14,2014,dry,21,21006,RIL_194,159,32
544,DR14,2014,dry,21,21007,RIL_207,159,31
545,DR14,2014,dry,21,21008,RIL_183,159,38
546,DR14,2014,dry,21,21009,RIL_170,159,44
547,DR14,2014,dry,21,21010,RIL_101,159,40
548,DR14,2014,dry,21,21011,RIL_034,159,33
549,DR14,2014,dry,21,21012,RIL_020,159,38
550,DR14,2014,dry,21,21013,RIL_059,159,38
551,DR14,2014,dry,21,21014,B100,159,38
552,DR14,2014,dry,21,21015,RIL_010,159,38
553,DR14,2014,dry,21,21016,RIL_134,159,38
554,DR14,2014,dry,21,21017,RIL_104,159,49
555,DR14,2014,dry,21,21018,RIL_092,159,30
556,DR14,2014,dry,21,21019,B100,159,40
557,DR14,2014,dry,21,21020,RIL_098,159,31
558,DR14,2014,dry,21,21021,RIL_008,159,38
559,DR14,2014,dry,21,21022,B100,159,38
560,DR14,2014,dry,21,21023,RIL_191,159,33
561,DR14,2014,dry,21,21024,RIL_174,159,32
562,DR14,2014,dry,21,21025,RIL_086,159,38
563,DR14,2014,dry,21,21026,RIL_082,159,33
564,DR14,2014,dry,21,21027,RIL_208,159,30
565,DR14,2014,dry,21,21028,RIL_140,159,38
566,DR14,2014,dry,21,21029,RIL_211,159,32
567,DR14,2014,dry,21,21030,RIL_197,159,38
568,DR14,2014,dry,21,21031,RIL_002,159,30
569,DR14,2014,dry,21,21032,RIL_016,159,40
570,DR14,2014,dry,21,21033,RIL_215,159,49
571,DR14,2014,dry,21,21034,RIL_052,159,38
572,DR14,2014,dry,21,21035,RIL_114,159,40
573,DR14,2014,dry,21,21036,B100,159,40
574,DR14,2014,dry,21,21037,RIL_118,159,44
575,DR14,2014,dry,21,21038,RIL_172,159,28
576,DR14,2014,dry,21,21039,RIL_019,159,29
577,DR14,2014,dry,21,21040,RIL_070,159,28
578,DR14,2014,dry,21,21041,RIL_045,159,38
579,DR14,2014,dry,21,21042,RIL_105,159,30
580,DR14,2014,dry,21,21043,RIL_144,159,30
581,DR14,2014,dry,21,21044,A10,159,24
582,DR14,2014,dry,21,21045,RIL_219,159,28
583,DR14,2014,dry,21,21046,RIL_150,159,38
584,DR14,2014,dry,21,21047,RIL_152,159,28
585,DR14,2014,dry,21,21048,RIL_217,159,28
586,DR14,2014,dry,21,21049,RIL_178,159,30
587,DR14,2014,dry,21,21050,RIL_096,159,30
588,DR14,2014,dry,21,21051,RIL_205,159,26
589,DR14,2014,dry,21,21052,RIL_136,159,28
590,DR14,2014,dry,21,21053,RIL_189,159,28
591,DR14,2014,dry,21,21054,RIL_054,159,38
592,DR14,2014,dry,21,21055,A10,159,24
593,DR14,2014,dry,21,21056,RIL_110,159,28
594,DR14,2014,dry,21,21057,A10,159,24
595,DR14,2014,dry,21,21058,RIL_164,159,24
596,DR14,2014,dry,21,21059,RIL_214,159,38
597,DR14,2014,dry,21,21060,RIL_050,159,32
598,DR14,2014,dry,21,21061,A10,159,24
599,DR14,2014,dry,21,21062,RIL_216,159,28
600,DR14,2014,dry,21,21063,RIL_075,159,24
601,DR14,2014,dry,21,21064,RIL_063,159,40
602,DR14,2014,dry,21,21065,RIL_085,159,28
603,DR14,2014,dry,21,21066,RIL_057,159,38
604,DR14,2014,dry,21,21067,RIL_046,159,28
605,DR14,2014,dry,21,21068,RIL_090,159,38
606,DR14,2014,dry,21,21069,RIL_111,159,38
607,DR14,2014,dry,21,21070,A10,159,24
608,DR14,2014,dry,21,21071,RIL_162,159,24
609,DR14,2014,dry,21,21072,RIL_097,159,28
610,DR14,2014,dry,21,21073,RIL_088,159,38
611,DR14,2014,dry,21,21074,RIL_033,159,38
612,DR14,2014,dry,22,22001,RIL_051,159,32
613,DR14,2014,dry,22,22002,B100,159,38
614,DR14,2014,dry,22,22003,RIL_122,159,33
615,DR14,2014,dry,22,22004,RIL_069,159,38
616,DR14,2014,dry,22,22005,RIL_218,159,38
617,DR14,2014,dry,22,22006,RIL_012,159,38
618,DR14,2014,dry,22,22007,B100,159,40
619,DR14,2014,dry,22,22008,RIL_147,159,38
620,DR14,2014,dry,22,22009,RIL_182,159,38
621,DR14,2014,dry,22,22010,RIL_109,159,38
622,DR14,2014,dry,22,22011,RIL_186,159,38
623,DR14,2014,dry,22,22012,RIL_036,159,38
624,DR14,2014,dry,22,22013,RIL_100,159,49
625,DR14,2014,dry,22,22014,RIL_064,159,38
626,DR14,2014,dry,22,22015,RIL_156,159,33
627,DR14,2014,dry,22,22016,RIL_179,159,28
628,DR14,2014,dry,22,22017,B100,159,38
629,DR14,2014,dry,22,22018,RIL_184,159,31
630,DR14,2014,dry,22,22019,RIL_201,159,40
631,DR14,2014,dry,22,22020,RIL_146,159,42
632,DR14,2014,dry,22,22021,RIL_181,159,42
633,DR14,2014,dry,22,22022,RIL_053,159,38
634,DR14,2014,dry,22,22023,B100,159,38
635,DR14,2014,dry,22,22024,RIL_195,159,40
636,DR14,2014,dry,22,22025,RIL_042,159,38
637,DR14,2014,dry,22,22026,RIL_133,159,30
638,DR14,2014,dry,22,22027,RIL_029,159,41
639,DR14,2014,dry,22,22028,RIL_044,159,32
640,DR14,2014,dry,22,22029,B100,159,38
641,DR14,2014,dry,22,22030,RIL_062,159,43
642,DR14,2014,dry,22,22031,RIL_079,159,32
643,DR14,2014,dry,22,22032,RIL_055,159,28
644,DR14,2014,dry,22,22033,RIL_117,159,33
645,DR14,2014,dry,22,22034,RIL_185,159,38
646,DR14,2014,dry,22,22035,RIL_202,159,40
647,DR14,2014,dry,22,22036,RIL_137,159,41
648,DR14,2014,dry,22,22037,RIL_081,159,40
649,DR14,2014,dry,22,22038,RIL_043,159,38
650,DR14,2014,dry,22,22039,RIL_151,159,38
651,DR14,2014,dry,22,22040,RIL_073,159,38
652,DR14,2014,dry,22,22041,RIL_030,159,38
653,DR14,2014,dry,22,22042,RIL_119,159,40
654,DR14,2014,dry,22,22043,RIL_145,159,28
655,DR14,2014,dry,22,22044,RIL_022,159,44
656,DR14,2014,dry,22,22045,RIL_180,159,30
657,DR14,2014,dry,22,22046,RIL_094,159,43
658,DR14,2014,dry,22,22047,RIL_041,159,32
659,DR14,2014,dry,22,22048,RIL_209,159,30
660,DR14,2014,dry,22,22049,B100,159,40
661,DR14,2014,dry,22,22050,RIL_009,159,38
662,DR14,2014,dry,22,22051,RIL_160,159,38
663,DR14,2014,dry,22,22052,RIL_001,159,31
664,DR14,2014,dry,22,22053,RIL_175,159,30
665,DR14,2014,dry,22,22054,B100,159,38
666,DR14,2014,dry,22,22055,RIL_095,159,33
667,DR14,2014,dry,22,22056,RIL_084,159,33
668,DR14,2014,dry,22,22057,A10,159,24
669,DR14,2014,dry,22,22058,RIL_131,159,32
670,DR14,2014,dry,22,22059,RIL_167,159,32
671,DR14,2014,dry,22,22060,RIL_149,159,28
672,DR14,2014,dry,22,22061,RIL_157,159,29
673,DR14,2014,dry,22,22062,A10,159,24
674,DR14,2014,dry,22,22063,RIL_163,159,38
675,DR14,2014,dry,22,22064,RIL_188,159,28
676,DR14,2014,dry,22,22065,RIL_139,159,38
677,DR14,2014,dry,22,22066,RIL_039,159,24
678,DR14,2014,dry,22,22067,RIL_173,159,31
679,DR14,2014,dry,22,22068,RIL_115,159,28
680,DR14,2014,dry,22,22069,RIL_113,159,29
681,DR14,2014,dry,22,22070,RIL_015,159,24
682,DR14,2014,dry,22,22071,RIL_158,159,38
683,DR14,2014,dry,22,22072,RIL_067,159,32
684,DR14,2014,dry,22,22073,RIL_091,159,29
685,DR14,2014,dry,22,22074,RIL_112,159,31
686,DR14,2014,dry,22,22075,RIL_102,159,31
687,DR14,2014,dry,22,22076,RIL_124,159,28
688,DR14,2014,dry,22,22077,A10,159,24
689,DR14,2014,dry,22,22078,RIL_037,159,31
690,DR14,2014,dry,22,22079,RIL_013,159,31
691,DR14,2014,dry,22,22080,RIL_142,159,30
692,DR14,2014,dry,22,22081,RIL_165,159,38
693,DR14,2014,dry,22,22082,RIL_049,159,30
694,DR14,2014,dry,22,22083,RIL_148,159,38
695,DR14,2014,dry,22,22084,A10,159,24
696,DR14,2014,dry,22,22085,RIL_121,159,30
697,DR14,2014,dry,22,22086,RIL_138,159,38
698,DR14,2014,dry,22,22087,RIL_125,159,38
699,DR14,2014,dry,22,22088,A10,159,24
700,DR14,2014,dry,22,22089,RIL_171,159,30
701,DR14,2014,dry,22,22090,RIL_048,159,33
702,DR14,2014,dry,22,22091,RIL_143,159,28
703,DR14,2014,dry,22,22092,RIL_047,159,32
704,DR14,2014,dry,22,22093,RIL_005,159,38
705,DR14,2014,dry,22,22094,A10,159,24
706,DR14,2014,dry,22,22095,RIL_141,159,28
707,DR14,2014,dry,22,22096,RIL_168,159,38
708,DR14,2014,dry,22,22097,RIL_078,159,32
709,DR14,2014,dry,22,22098,RIL_068,159,40
710,DR14,2014,dry,22,22099,RIL_076,159,31
711,DR14,2014,dry,22,22100,RIL_120,159,32
712,DR14,2014,dry,22,22101,A10,159,24
713,DR14,2014,dry,22,22102,RIL_014,159,33
714,DR14,2014,dry,22,22103,RIL_176,159,38
715,DR14,2014,dry,22,22104,RIL_026,159,30
716,DR14,2014,dry,22,22105,RIL_153,159,38
717,DR14,2014,dry,23,23001,RIL_161,159,40
718,DR14,2014,dry,23,23002,RIL_035,159,40
719,DR14,2014,dry,23,23003,RIL_058,159,38
720,DR14,2014,dry,23,23004,RIL_190,159,31
721,DR14,2014,dry,23,23005,B100,159,40
722,DR14,2014,dry,23,23006,RIL_194,159,31
723,DR14,2014,dry,23,23007,RIL_207,159,33
724,DR14,2014,dry,23,23008,RIL_183,159,40
725,DR14,2014,dry,23,23009,RIL_170,159,44
726,DR14,2014,dry,23,23010,RIL_101,159,38
727,DR14,2014,dry,23,23011,RIL_034,159,30
728,DR14,2014,dry,23,23012,RIL_020,159,38
729,DR14,2014,dry,23,23013,RIL_059,159,38
730,DR14,2014,dry,23,23014,B100,159,38
731,DR14,2014,dry,23,23015,RIL_010,159,38
732,DR14,2014,dry,23,23016,RIL_134,159,38
733,DR14,2014,dry,23,23017,RIL_104,159,44
734,DR14,2014,dry,23,23018,RIL_092,159,30
735,DR14,2014,dry,23,23019,B100,159,38
736,DR14,2014,dry,23,23020,RIL_098,159,30
737,DR14,2014,dry,23,23021,RIL_008,159,38
738,DR14,2014,dry,23,23022,B100,159,41
739,DR14,2014,dry,23,23023,RIL_191,159,31
740,DR14,2014,dry,23,23024,RIL_174,159,38
741,DR14,2014,dry,23,23025,RIL_086,159,38
742,DR14,2014,dry,23,23026,RIL_082,159,33
743,DR14,2014,dry,23,23027,RIL_208,159,28
744,DR14,2014,dry,23,23028,RIL_140,159,38
745,DR14,2014,dry,23,23029,RIL_211,159,31
746,DR14,2014,dry,23,23030,RIL_197,159,38
747,DR14,2014,dry,23,23031,RIL_002,159,30
748,DR14,2014,dry,23,23032,RIL_016,159,38
749,DR14,2014,dry,23,23033,RIL_215,159,44
750,DR14,2014,dry,23,23034,RIL_052,159,38
751,DR14,2014,dry,23,23035,RIL_114,159,38
752,DR14,2014,dry,23,23036,B100,159,40
753,DR14,2014,dry,23,23037,RIL_118,159,49
754,DR14,2014,dry,23,23038,RIL_172,159,28
755,DR14,2014,dry,23,23039,RIL_019,159,28
756,DR14,2014,dry,23,23040,RIL_070,159,29
757,DR14,2014,dry,23,23041,RIL_045,159,38
758,DR14,2014,dry,23,23042,RIL_105,159,30
759,DR14,2014,dry,23,23043,RIL_144,159,31
760,DR14,2014,dry,23,23044,A10,159,24
761,DR14,2014,dry,23,23045,RIL_219,159,28
762,DR14,2014,dry,23,23046,RIL_150,159,33
763,DR14,2014,dry,23,23047,RIL_152,159,28
764,DR14,2014,dry,23,23048,RIL_217,159,28
765,DR14,2014,dry,23,23049,RIL_178,159,30
766,DR14,2014,dry,23,23050,RIL_096,159,30
767,DR14,2014,dry,23,23051,RIL_205,159,28
768,DR14,2014,dry,23,23052,RIL_136,159,28
769,DR14,2014,dry,23,23053,RIL_189,159,29
770,DR14,2014,dry,23,23054,RIL_054,159,38
771,DR14,2014,dry,23,23055,A10,159,24
772,DR14,2014,dry,23,23056,RIL_110,159,28
773,DR14,2014,dry,23,23057,A10,159,24
774,DR14,2014,dry,23,23058,RIL_164,159,24
775,DR14,2014,dry,23,23059,RIL_214,159,38
776,DR14,2014,dry,23,23060,RIL_050,159,33
777,DR14,2014,dry,23,23061,A10,159,24
778,DR14,2014,dry,23,23062,RIL_216,159,28
779,DR14,2014,dry,23,23063,RIL_075,159,24
780,DR14,2014,dry,23,23064,RIL_063,159,41
781,DR14,2014,dry,23,23065,RIL_085,159,29
782,DR14,2014,dry,23,23066,RIL_057,159,38
783,DR14,2014,dry,23,23067,RIL_046,159,29
784,DR14,2014,dry,23,23068,RIL_090,159,38
785,DR14,2014,dry,23,23069,RIL_111,159,38
786,DR14,2014,dry,23,23070,A10,159,24
787,DR14,2014,dry,23,23071,RIL_162,159,24
788,DR14,2014,dry,23,23072,RIL_097,159,28
789,DR14,2014,dry,23,23073,RIL_088,159,40
790,DR14,2014,dry,23,23074,RIL_033,159,38
791,DR14,2014,dry,24,24001,RIL_051,159,28
792,DR14,2014,dry,24,24002,B100,159,38
793,DR14,2014,dry,24,24003,RIL_122,159,30
794,DR14,2014,dry,24,24004,RIL_069,159,31
795,DR14,2014,dry,24,24005,RIL_218,159,38
796,DR14,2014,dry,24,24006,RIL_012,159,38
797,DR14,2014,dry,24,24007,B100,159,38
798,DR14,2014,dry,24,24008,RIL_147,159,38
799,DR14,2014,dry,24,24009,RIL_182,159,38
800,DR14,2014,dry,24,24010,RIL_109,159,38
801,DR14,2014,dry,24,24011,RIL_186,159,38
802,DR14,2014,dry,24,24012,RIL_036,159,38
803,DR14,2014,dry,24,24013,RIL_100,159,41
804,DR14,2014,dry,24,24014,RIL_064,159,31
805,DR14,2014,dry,24,24015,RIL_156,159,38
806,DR14,2014,dry,24,24016,RIL_179,159,28
807,DR14,2014,dry,24,24017,B100,159,38
808,DR14,2014,dry,24,24018,RIL_042,159,38
809,DR14,2014,dry,24,24019,RIL_201,159,38
810,DR14,2014,dry,24,24020,RIL_146,159,40
811,DR14,2014,dry,24,24021,RIL_181,159,40
812,DR14,2014,dry,24,24022,RIL_053,159,32
813,DR14,2014,dry,24,24023,B100,159,38
814,DR14,2014,dry,24,24024,RIL_195,159,38
815,DR14,2014,dry,24,24025,RIL_184,159,29
816,DR14,2014,dry,24,24026,RIL_133,159,28
817,DR14,2014,dry,24,24027,RIL_029,159,40
818,DR14,2014,dry,24,24028,RIL_044,159,31
819,DR14,2014,dry,24,24029,B100,159,38
820,DR14,2014,dry,24,24030,RIL_062,159,40
821,DR14,2014,dry,24,24031,RIL_079,159,30
822,DR14,2014,dry,24,24032,RIL_055,159,28
823,DR14,2014,dry,24,24033,RIL_117,159,28
824,DR14,2014,dry,24,24034,RIL_185,159,29
825,DR14,2014,dry,24,24035,RIL_202,159,40
826,DR14,2014,dry,24,24036,RIL_137,159,40
827,DR14,2014,dry,24,24037,RIL_081,159,40
828,DR14,2014,dry,24,24038,RIL_043,159,38
829,DR14,2014,dry,24,24039,RIL_151,159,33
830,DR14,2014,dry,24,24040,RIL_073,159,38
831,DR14,2014,dry,24,24041,RIL_030,159,38
832,DR14,2014,dry,24,24042,RIL_119,159,40
833,DR14,2014,dry,24,24043,RIL_145,159,28
834,DR14,2014,dry,24,24044,RIL_022,159,38
835,DR14,2014,dry,24,24045,RIL_180,159,29
836,DR14,2014,dry,24,24046,RIL_094,159,43
837,DR14,2014,dry,24,24047,RIL_041,159,29
838,DR14,2014,dry,24,24048,RIL_209,159,28
839,DR14,2014,dry,24,24049,B100,159,38
840,DR14,2014,dry,24,24050,RIL_009,159,33
841,DR14,2014,dry,24,24051,RIL_160,159,38
842,DR14,2014,dry,24,24052,RIL_001,159,28
843,DR14,2014,dry,24,24053,RIL_175,159,28
844,DR14,2014,dry,24,24054,B100,159,38
845,DR14,2014,dry,24,24055,RIL_095,159,31
846,DR14,2014,dry,24,24056,RIL_084,159,31
847,DR14,2014,dry,24,24057,A10,159,24
848,DR14,2014,dry,24,24058,RIL_131,159,30
849,DR14,2014,dry,24,24059,RIL_167,159,28
850,DR14,2014,dry,24,24060,RIL_149,159,28
851,DR14,2014,dry,24,24061,RIL_157,159,28
852,DR14,2014,dry,24,24062,A10,159,24
853,DR14,2014,dry,24,24063,RIL_163,159,30
854,DR14,2014,dry,24,24064,RIL_188,159,28
855,DR14,2014,dry,24,24065,RIL_139,159,38
856,DR14,2014,dry,24,24066,RIL_039,159,23
857,DR14,2014,dry,24,24067,RIL_173,159,29
858,DR14,2014,dry,24,24068,RIL_115,159,24
859,DR14,2014,dry,24,24069,RIL_113,159,28
860,DR14,2014,dry,24,24070,RIL_015,159,24
861,DR14,2014,dry,24,24071,RIL_076,159,28
862,DR14,2014,dry,24,24072,RIL_120,159,30
863,DR14,2014,dry,24,24073,A10,159,24
864,DR14,2014,dry,24,24074,RIL_014,159,30
865,DR14,2014,dry,24,24075,RIL_176,159,33
866,DR14,2014,dry,24,24076,RIL_026,159,29
867,DR14,2014,dry,24,24077,RIL_153,159,38
868,DR14,2014,dry,24,24078,A10,159,24
869,DR14,2014,dry,24,24079,RIL_124,159,25
870,DR14,2014,dry,24,24080,RIL_102,159,30
871,DR14,2014,dry,24,24081,RIL_112,159,28
872,DR14,2014,dry,24,24082,RIL_091,159,28
873,DR14,2014,dry,24,24083,RIL_067,159,28
874,DR14,2014,dry,24,24084,RIL_158,159,38
875,DR14,2014,dry,24,24085,A10,159,24
876,DR14,2014,dry,24,24086,RIL_148,159,38
877,DR14,2014,dry,24,24087,RIL_049,159,28
878,DR14,2014,dry,24,24088,RIL_165,159,33
879,DR14,2014,dry,24,24089,RIL_142,159,29
880,DR14,2014,dry,24,24090,RIL_013,159,29
881,DR14,2014,dry,24,24091,RIL_037,159,24
882,DR14,2014,dry,24,24092,RIL_143,159,28
883,DR14,2014,dry,24,24093,RIL_048,159,38
884,DR14,2014,dry,24,24094,RIL_171,159,30
885,DR14,2014,dry,24,24095,A10,159,24
886,DR14,2014,dry,24,24096,RIL_125,159,38
887,DR14,2014,dry,24,24097,RIL_138,159,33
888,DR14,2014,dry,24,24098,RIL_121,159,30
889,DR14,2014,dry,24,24099,RIL_068,159,40
890,DR14,2014,dry,24,24100,RIL_078,159,30
891,DR14,2014,dry,24,24101,RIL_168,159,31
892,DR14,2014,dry,24,24102,RIL_141,159,28
893,DR14,2014,dry,24,24103,A10,159,24
894,DR14,2014,dry,24,24104,RIL_005,159,31
895,DR14,2014,dry,24,24105,RIL_047,159,31
896,DR14,2014,dry,25,25001,RIL_161,159,38
897,DR14,2014,dry,25,25002,RIL_035,159,38
898,DR14,2014,dry,25,25003,RIL_058,159,38
899,DR14,2014,dry,25,25004,RIL_190,159,29
900,DR14,2014,dry,25,25005,B100,159,38
901,DR14,2014,dry,25,25006,RIL_194,159,33
902,DR14,2014,dry,25,25007,RIL_207,159,31
903,DR14,2014,dry,25,25008,RIL_183,159,38
904,DR14,2014,dry,25,25009,RIL_170,159,44
905,DR14,2014,dry,25,25010,RIL_101,159,38
906,DR14,2014,dry,25,25011,RIL_034,159,38
907,DR14,2014,dry,25,25012,RIL_020,159,38
908,DR14,2014,dry,25,25013,RIL_059,159,40
909,DR14,2014,dry,25,25014,B100,159,38
910,DR14,2014,dry,25,25015,RIL_010,159,38
911,DR14,2014,dry,25,25016,RIL_134,159,38
912,DR14,2014,dry,25,25017,RIL_104,159,49
913,DR14,2014,dry,25,25018,RIL_092,159,38
914,DR14,2014,dry,25,25019,B100,159,40
915,DR14,2014,dry,25,25020,RIL_098,159,31
916,DR14,2014,dry,25,25021,RIL_008,159,38
917,DR14,2014,dry,25,25022,B100,159,38
918,DR14,2014,dry,25,25023,RIL_191,159,33
919,DR14,2014,dry,25,25024,RIL_174,159,38
920,DR14,2014,dry,25,25025,RIL_086,159,38
921,DR14,2014,dry,25,25026,RIL_082,159,38
922,DR14,2014,dry,25,25027,RIL_208,159,30
923,DR14,2014,dry,25,25028,RIL_140,159,38
924,DR14,2014,dry,25,25029,RIL_211,159,33
925,DR14,2014,dry,25,25030,RIL_197,159,38
926,DR14,2014,dry,25,25031,RIL_002,159,31
927,DR14,2014,dry,25,25032,RIL_016,159,38
928,DR14,2014,dry,25,25033,RIL_215,159,49
929,DR14,2014,dry,25,25034,RIL_052,159,38
930,DR14,2014,dry,25,25035,RIL_114,159,40
931,DR14,2014,dry,25,25036,B100,159,38
932,DR14,2014,dry,25,25037,RIL_118,159,49
933,DR14,2014,dry,25,25038,RIL_172,159,28
934,DR14,2014,dry,25,25039,RIL_019,159,31
935,DR14,2014,dry,25,25040,RIL_070,159,30
936,DR14,2014,dry,25,25041,RIL_045,159,33
937,DR14,2014,dry,25,25042,RIL_105,159,31
938,DR14,2014,dry,25,25043,RIL_144,159,33
939,DR14,2014,dry,25,25044,A10,159,24
940,DR14,2014,dry,25,25045,RIL_219,159,28
941,DR14,2014,dry,25,25046,RIL_150,159,38
942,DR14,2014,dry,25,25047,RIL_152,159,28
943,DR14,2014,dry,25,25048,RIL_217,159,24
944,DR14,2014,dry,25,25049,RIL_178,159,30
945,DR14,2014,dry,25,25050,RIL_096,159,30
946,DR14,2014,dry,25,25051,RIL_205,159,28
947,DR14,2014,dry,25,25052,RIL_136,159,25
948,DR14,2014,dry,25,25053,RIL_189,159,28
949,DR14,2014,dry,25,25054,RIL_054,159,38
950,DR14,2014,dry,25,25055,A10,159,24
951,DR14,2014,dry,25,25056,RIL_110,159,25
952,DR14,2014,dry,25,25057,A10,159,24
953,DR14,2014,dry,25,25058,RIL_164,159,24
954,DR14,2014,dry,25,25059,RIL_214,159,38
955,DR14,2014,dry,25,25060,RIL_050,159,33
956,DR14,2014,dry,25,25061,A10,159,24
957,DR14,2014,dry,25,25062,RIL_216,159,28
958,DR14,2014,dry,25,25063,RIL_075,159,24
959,DR14,2014,dry,25,25064,RIL_063,159,42
960,DR14,2014,dry,25,25065,RIL_085,159,28
961,DR14,2014,dry,25,25066,RIL_057,159,38
962,DR14,2014,dry,25,25067,RIL_046,159,29
963,DR14,2014,dry,25,25068,RIL_090,159,38
964,DR14,2014,dry,25,25069,RIL_111,159,38
965,DR14,2014,dry,25,25070,A10,159,24
966,DR14,2014,dry,25,25071,RIL_162,159,24
967,DR14,2014,dry,25,25072,RIL_097,159,30
968,DR14,2014,dry,25,25073,RIL_088,159,38
969,DR14,2014,dry,25,25074,RIL_033,159,38
970,DR14,2014,dry,26,26001,RIL_051,159,28
971,DR14,2014,dry,26,26002,B100,159,38
972,DR14,2014,dry,26,26003,RIL_122,159,30
973,DR14,2014,dry,26,26004,RIL_069,159,33
974,DR14,2014,dry,26,26005,RIL_218,159,38
975,DR14,2014,dry,26,26006,RIL_012,159,33
976,DR14,2014,dry,26,26007,B100,159,38
977,DR14,2014,dry,26,26008,RIL_147,159,38
978,DR14,2014,dry,26,26009,RIL_182,159,38
979,DR14,2014,dry,26,26010,RIL_109,159,38
980,DR14,2014,dry,26,26011,RIL_186,159,38
981,DR14,2014,dry,26,26012,RIL_036,159,32
982,DR14,2014,dry,26,26013,RIL_100,159,43
983,DR14,2014,dry,26,26014,RIL_064,159,32
984,DR14,2014,dry,26,26015,RIL_156,159,32
985,DR14,2014,dry,26,26016,RIL_179,159,29
986,DR14,2014,dry,26,26017,B100,159,38
987,DR14,2014,dry,26,26018,RIL_184,159,30
988,DR14,2014,dry,26,26019,RIL_201,159,38
989,DR14,2014,dry,26,26020,RIL_146,159,38
990,DR14,2014,dry,26,26021,RIL_181,159,43
991,DR14,2014,dry,26,26022,RIL_053,159,32
992,DR14,2014,dry,26,26023,B100,159,38
993,DR14,2014,dry,26,26024,RIL_195,159,38
994,DR14,2014,dry,26,26025,RIL_042,159,38
995,DR14,2014,dry,26,26026,RIL_133,159,28
996,DR14,2014,dry,26,26027,RIL_029,159,38
997,DR14,2014,dry,26,26028,RIL_044,159,32
998,DR14,2014,dry,26,26029,B100,159,38
999,DR14,2014,dry,26,26030,RIL_062,159,42
1000,DR14,2014,dry,26,26031,RIL_079,159,33
1001,DR14,2014,dry,26,26032,RIL_055,159,28
1002,DR14,2014,dry,26,26033,RIL_117,159,30
1003,DR14,2014,dry,26,26034,RIL_185,159,30
1004,DR14,2014,dry,26,26035,RIL_202,159,38
1005,DR14,2014,dry,26,26036,RIL_137,159,41
1006,DR14,2014,dry,26,26037,RIL_081,159,43
1007,DR14,2014,dry,26,26038,RIL_043,159,38
1008,DR14,2014,dry,26,26039,RIL_151,159,38
1009,DR14,2014,dry,26,26040,RIL_073,159,38
1010,DR14,2014,dry,26,26041,RIL_030,159,38
1011,DR14,2014,dry,26,26042,RIL_119,159,38
1012,DR14,2014,dry,26,26043,RIL_145,159,28
1013,DR14,2014,dry,26,26044,RIL_022,159,38
1014,DR14,2014,dry,26,26045,RIL_180,159,38
1015,DR14,2014,dry,26,26046,RIL_094,159,44
1016,DR14,2014,dry,26,26047,RIL_041,159,30
1017,DR14,2014,dry,26,26048,RIL_209,159,29
1018,DR14,2014,dry,26,26049,B100,159,38
1019,DR14,2014,dry,26,26050,RIL_009,159,33
1020,DR14,2014,dry,26,26051,RIL_160,159,38
1021,DR14,2014,dry,26,26052,RIL_001,159,30
1022,DR14,2014,dry,26,26053,RIL_175,159,28
1023,DR14,2014,dry,26,26054,B100,159,38
1024,DR14,2014,dry,26,26055,RIL_095,159,32
1025,DR14,2014,dry,26,26056,RIL_084,159,24
1026,DR14,2014,dry,26,26057,A10,159,28
1027,DR14,2014,dry,26,26058,RIL_131,159,31
1028,DR14,2014,dry,26,26059,RIL_167,159,30
1029,DR14,2014,dry,26,26060,RIL_149,159,28
1030,DR14,2014,dry,26,26061,RIL_157,159,29
1031,DR14,2014,dry,26,26062,A10,159,24
1032,DR14,2014,dry,26,26063,RIL_163,159,30
1033,DR14,2014,dry,26,26064,RIL_188,159,28
1034,DR14,2014,dry,26,26065,RIL_139,159,38
1035,DR14,2014,dry,26,26066,RIL_039,159,24
1036,DR14,2014,dry,26,26067,RIL_173,159,29
1037,DR14,2014,dry,26,26068,RIL_115,159,24
1038,DR14,2014,dry,26,26069,RIL_113,159,28
1039,DR14,2014,dry,26,26070,RIL_015,159,25
1040,DR14,2014,dry,26,26071,RIL_076,159,30
1041,DR14,2014,dry,26,26072,RIL_120,159,29
1042,DR14,2014,dry,26,26073,A10,159,24
1043,DR14,2014,dry,26,26074,RIL_014,159,31
1044,DR14,2014,dry,26,26075,RIL_176,159,38
1045,DR14,2014,dry,26,26076,RIL_026,159,29
1046,DR14,2014,dry,26,26077,RIL_153,159,32
1047,DR14,2014,dry,26,26078,A10,159,24
1048,DR14,2014,dry,26,26079,RIL_124,159,28
1049,DR14,2014,dry,26,26080,RIL_102,159,30
1050,DR14,2014,dry,26,26081,RIL_112,159,28
1051,DR14,2014,dry,26,26082,RIL_091,159,28
1052,DR14,2014,dry,26,26083,RIL_067,159,29
1053,DR14,2014,dry,26,26084,RIL_158,159,38
1054,DR14,2014,dry,26,26085,A10,159,24
1055,DR14,2014,dry,26,26086,RIL_148,159,33
1056,DR14,2014,dry,26,26087,RIL_049,159,29
1057,DR14,2014,dry,26,26088,RIL_165,159,38
1058,DR14,2014,dry,26,26089,RIL_142,159,29
1059,DR14,2014,dry,26,26090,RIL_013,159,32
1060,DR14,2014,dry,26,26091,RIL_037,159,28
1061,DR14,2014,dry,26,26092,RIL_143,159,28
1062,DR14,2014,dry,26,26093,RIL_048,159,38
1063,DR14,2014,dry,26,26094,RIL_171,159,30
1064,DR14,2014,dry,26,26095,A10,159,24
1065,DR14,2014,dry,26,26096,RIL_125,159,38
1066,DR14,2014,dry,26,26097,RIL_138,159,38
1067,DR14,2014,dry,26,26098,RIL_121,159,31
1068,DR14,2014,dry,26,26099,RIL_068,159,40
1069,DR14,2014,dry,26,26100,RIL_078,159,28
1070,DR14,2014,dry,26,26101,RIL_168,159,33
1071,DR14,2014,dry,26,26102,RIL_141,159,28
1072,DR14,2014,dry,26,26103,A10,159,24
1073,DR14,2014,dry,26,26104,RIL_005,159,33
1074,DR14,2014,dry,26,26105,RIL_047,159,31
